Secuencial;Fecha de Análisis;Departamento;Municipio;Cultivo;Estado;Tiempo de establecimiento;Topografia;Drenaje;Riego;Fertilizantes aplicados;pH agua:suelo;Materia organica;Fósforo Bray II;Azufre Fosfato monocalcico;Acidez Intercambiable;Aluminio intercambiable;Calcio intercambiable;Magnesio intercambiable;Potasio intercambiable;Sodio intercambiable;capacidad de intercambio cationico;Conductividad electrica;Hierro disponible olsen;Cobre disponible;Manganeso disponible Olsen;Zinc disponible Olsen;Boro disponible;Hierro disponible doble acido;Cobre disponible doble acido;Manganeso disponible doble acido;Zinc disponible doble  acido
23;21/08/2014;CUNDINAMARCA;VILLETA;Caña Panelera;Establecido;Mas de 10 años;Ondulado;No indica;No Tiene;NO FERTILIZAN;7.32;6.258;58.11;91.05;ND;ND;18.12;3.207;0.348;0.130;21.80;2.123;49.80;3.400;1.9;5.5;0.679;ND;ND;ND;ND
76;21/08/2014;CUNDINAMARCA;VILLETA;Caña Panelera;Establecido;Mas de 10 años;Ondulado;No indica;No Tiene;SI CADA CORTE;6.44;5.935;43.24;9.167;ND;ND;15.83;1.459;0.284;0.048;17.63;0.742;59.1;2.7;6.4;7.4;0.301;ND;ND;ND;ND
77;21/08/2014;CUNDINAMARCA;VILLETA;Caña Panelera;Establecido;Mas de 10 años;Ondulado;No indica;No Tiene;NO FERTILIZAN;5.91;4.688;6.999;52.62;ND;ND;16.02;2.282;0.246;0.059;18.61;1.196;100;3.1;3.300;1.799;0.373;ND;ND;ND;ND
78;21/08/2014;CUNDINAMARCA;NIMAIMA;Caña Panelera;Establecido;Mas de 10 años;Ondulado;No indica;No Tiene;NO FERTILIZAN;5.63;3.995;21.31;2.837;ND;ND;7.300;1.346;0.220;0.038;8.906;0.310;329;7.800;5.5;2;0.085;ND;ND;ND;ND
136;21/08/2014;CUNDINAMARCA;NOCAIMA;Caña Panelera;Establecido;Mas de 10 años;Ondulado;No indica;No Tiene;NO FERTILIZAN;5.65;4.113;84.32;6.304;ND;ND;8.012;1.912;0.435;0.032;10.39;0.247;478.0;6.5;4.699;10.8;0.193;ND;ND;ND;ND
137;21/08/2014;CUNDINAMARCA;NOCAIMA;Caña Panelera;Establecido;Mas de 10 años;Ondulado;No indica;No Tiene;NO FERTILIZAN;4.980;4.919;21.68;7.961;0.844;0.707;4.642;1.017;0.275;0.027;6.807;0.257;842;7.1;8.699;4.2;0.157;ND;ND;ND;ND
138;21/08/2014;CUNDINAMARCA;NIMAIMA;Caña Panelera;Establecido;Mas de 10 años;Ondulado;No indica;No Tiene;NO FERTILIZAN;5.75;3.626;35.06;2.686;ND;ND;6.664;1.470;0.153;0.032;8.320;0.237;544;5.899;2.5;1.700;0.103;ND;ND;ND;ND
139;21/08/2014;CUNDINAMARCA;NIMAIMA;Caña Panelera;Establecido;Mas de 10 años;Ondulado;No indica;No Tiene;NO FERTILIZAN;5.61;5.611;68.34;6.002;ND;ND;7.899;1.295;0.208;0.027;9.430;0.388;598;5.300;7.4;7.800;0.121;ND;ND;ND;ND
382;1/08/2014;VALLE DEL CAUCA;TULUÁ;Caña Panelera;Establecido;De 5 a 10 años;Plano;Buen drenaje;Gravedad;MEZCLAS;6.73;2.185;6.083;3.349;ND;ND;11.08;6.723;0.176;0.239;18.22;0.189;19.7;3.300;1.100;0.8;0.215;ND;ND;ND;ND
2.321;25/07/2014;CUNDINAMARCA;VILLETA;Caña Panelera;Establecido;De 5 a 10 años;No indica;Regular drenaje;No Tiene;No indica;7.74;5.246;23.25;16.68;ND;ND;13.04;1.356;0.115;0.027;14.54;0.419;15.4;1.9;0.899;2.5;0.619;ND;ND;ND;ND
2.322;25/07/2014;CUNDINAMARCA;VILLETA;Caña Panelera;Establecido;De 5 a 10 años;No indica;Regular drenaje;No Tiene;No indica;6.34;7.167;13.06;14.30;ND;ND;17.78;1.788;0.272;0.043;19.88;0.356;51;3.300;1.799;8;0.464;ND;ND;ND;ND
2.333;25/07/2014;CUNDINAMARCA;VILLETA;Caña Panelera;Establecido;De 5 a 10 años;No indica;Regular drenaje;No Tiene;No indica;4.41;4.681;5.458;4.808;7.175;6.200;3.594;0.565;0.115;0.010;11.46;0.083;556;4.8;1.2;3.599;0.205;ND;ND;ND;ND
2.781;25/11/2014;SANTANDER;GÜEPSA;Caña Panelera;Establecido;No indica;Ondulado;No indica;No Tiene;DAP - UREA;6.08;9.532;19.00;15.89;ND;ND;8.835;1.850;0.345;0.201;11.23;0.479;82.6;1.2;16.59;9.9;0.181;ND;ND;ND;ND
2.783;25/11/2014;BOYACÁ;MONIQUIRÁ;Caña Panelera;Establecido;No indica;Ondulado;No indica;No Tiene;DAP - UREA;5.16;6.663;36.40;12.58;0.191;0.150;7.113;1.788;0.355;0.146;9.595;0.373;709;1.9;14.39;2.6;0.444;ND;ND;ND;ND
2.795;25/11/2014;SANTANDER;GÜEPSA;Caña Panelera;Establecido;No indica;Ondulado;No indica;No Tiene;DAP - UREA;5.9;10.37;14.80;13.46;ND;ND;15.64;1.603;0.249;0.070;17.57;0.191;164;1.5;15.8;4.900;0.444;ND;ND;ND;ND
2.796;25/11/2014;SANTANDER;GÜEPSA;Caña Panelera;Establecido;No indica;Ondulado;No indica;No Tiene;DAP - UREA;6.43;8.367;13.99;15.89;ND;ND;13.21;1.973;0.303;0.119;15.61;0.209;157;1.400;11;1.5;0.143;ND;ND;ND;ND
2.800;25/11/2014;SANTANDER;GÜEPSA;Caña Panelera;Establecido;No indica;Ondulado;No indica;No Tiene;DAP - UREA;6.09;7.668;18.89;18.54;ND;ND;14.93;1.356;0.230;0.065;16.59;0.156;149;1.400;17.8;3.300;0.595;ND;ND;ND;ND
2.802;25/11/2014;SANTANDER;GÜEPSA;Caña Panelera;Establecido;No indica;Ondulado;No indica;No Tiene;DAP - UREA;6.58;10.20;32.65;15.67;ND;ND;17.48;2.282;0.336;0.081;20.18;0.285;67.40;1.6;6.899;5.5;0.049;ND;ND;ND;ND
2.803;25/11/2014;SANTANDER;GÜEPSA;Caña Panelera;Establecido;No indica;Ondulado;No indica;No Tiene;DAP - UREA;6.46;8.560;34.99;15.67;ND;ND;12.31;2.035;0.729;0.108;15.19;0.252;185;2.300;5.099;3.5;0.444;ND;ND;ND;ND
2.804;25/11/2014;BOYACÁ;SAN JOSÉ DE PARE;Caña Panelera;Establecido;No indica;Ondulado;No indica;No Tiene;DAP - UREA;4.5;7.231;43.19;12.36;3.153;2.531;3.556;1.171;0.412;0.076;8.371;0.257;1880;2.800;28.5;4.400;0.218;ND;ND;ND;ND
2.805;25/11/2014;BOYACÁ;SAN JOSÉ DE PARE;Caña Panelera;Establecido;No indica;Ondulado;No indica;No Tiene;DAP - UREA;4.889;8.412;64.24;11.69;0.997;0.820;4.567;0.616;0.48;0.032;6.694;0.277;1577.;5.300;21.29;5.699;0.331;ND;ND;ND;ND
2.806;25/11/2014;BOYACÁ;SANTANA;Caña Panelera;Establecido;No indica;Ondulado;No indica;No Tiene;DAP - UREA;5.57;7.350;50.31;11.91;ND;ND;6.701;1.110;0.316;0.065;8.194;0.184;1046;1.700;47.9;2.9;0.388;ND;ND;ND;ND
2.807;25/11/2014;BOYACÁ;SANTANA;Caña Panelera;Establecido;No indica;Ondulado;No indica;No Tiene;DAP - UREA;6.5;7.447;87.19;20.09;ND;ND;7.937;1.171;0.438;0.043;9.591;0.636;795;1.400;7.5;2.6;0.689;ND;ND;ND;ND
2.808;25/11/2014;BOYACÁ;SANTANA;Caña Panelera;Establecido;No indica;Ondulado;No indica;No Tiene;DAP - UREA;5.27;5.822;19.32;7.500;0.342;0.300;4.829;1.788;0.358;0.048;7.368;0.141;633;1.9;29.2;2.300;0.369;ND;ND;ND;ND
2.809;25/11/2014;BOYACÁ;SAN JOSÉ DE PARE;Caña Panelera;Establecido;No indica;Ondulado;No indica;No Tiene;DAP - UREA;4.769;10.99;25.56;9.931;3.314;2.882;3.219;1.418;0.297;0.043;8.294;0.141;1346.;1.9;12.9;1.799;0.388;ND;ND;ND;ND
2.810;25/11/2014;BOYACÁ;CHITARAQUE;Caña Panelera;Establecido;No indica;Ondulado;No indica;No Tiene;DAP - UREA;5;18.49;74.74;11.91;2.256;2.101;4.305;1.603;0.249;0.048;8.464;0.184;446;2.300;3.5;5.5;0.086;ND;ND;ND;ND
2.811;25/11/2014;BOYACÁ;CHITARAQUE;Caña Panelera;Establecido;No indica;Ondulado;No indica;No Tiene;DAP - UREA;4.940;11.12;81.80;9.710;2.891;2.531;3.407;1.110;0.342;0.048;7.800;0.133;1102;3.7;6.600;4.600;0.463;ND;ND;ND;ND
2.812;25/11/2014;SANTANDER;VÉLEZ;Caña Panelera;Establecido;No indica;Ondulado;No indica;No Tiene;DAP - UREA;7.17;12.22;37.45;37.33;ND;ND;18.64;1.850;0.339;0.119;20.95;0.530;85.3;1.799;6.600;5.300;0.708;ND;ND;ND;ND
2.917;10/12/2014;HUILA;ISNOS;Caña Panelera;Establecido;De 0 a 1 año;No indica;Buen drenaje;No indica;TRIPLE 15-15-15;5.28;9.723;4.708;7.641;0.181;0.110;4.080;1.233;0.655;0.054;6.206;0.591;247.0;3.2;3.7;2;0.031;ND;ND;ND;ND
3.607;31/12/2014;CUNDINAMARCA;NOCAIMA;Caña Panelera;Establecido;Mas de 10 años;Pendiente;Regular drenaje;No Tiene;TRIPLE 15;7.38;4.683;253.4;8.748;ND;ND;1.223;0.709;0.246;0.059;2.238;0.338;282;14.9;2.4;27.9;0.140;ND;ND;ND;ND
3.764;12/12/2014;ANTIOQUIA;SAN ROQUE;Caña Panelera;Establecido;Mas de 10 años;Pendiente;No indica;No Tiene;QUIMICO;5.13;6.264;19.61;8.004;0.131;0;2.658;0.842;0.275;0.048;3.956;0.348;534;4.5;6.7;5.8;0.051;ND;ND;ND;ND
3.765;12/12/2014;ANTIOQUIA;SAN ROQUE;Caña Panelera;Establecido;De 5 a 10 años;Ondulado;No indica;No Tiene;No indica;4.650;5.873;2.735;14.23;2.365;2.080;2.396;0.339;0.111;0.054;5.267;0.248;614;3.1;2.9;1;0.031;ND;ND;ND;ND
3.789;12/12/2014;ANTIOQUIA;SAN ROQUE;Caña Panelera;Establecido;De 5 a 10 años;Pendiente;No indica;No Tiene;No indica;4.42;2.251;8.481;4.586;1.951;1.808;1.609;0.287;0.099;0.032;3.980;0.142;391;3.300;1.3;0.8;0.031;ND;ND;ND;ND
3.790;12/12/2014;ANTIOQUIA;SAN ROQUE;Caña Panelera;Establecido;Mas de 10 años;Pendiente;No indica;No Tiene;No indica;4.55;8.679;43.09;13.25;3.528;3.014;1.647;0.298;0.108;0.038;5.620;0.232;722;1.9;1;7.1;0.071;ND;ND;ND;ND
3.791;12/12/2014;ANTIOQUIA;SAN ROQUE;Caña Panelera;Establecido;Mas de 10 años;Pendiente;No indica;No Tiene;No indica;4.67;3.791;1.757;17.51;0.990;0.884;2.059;0.328;<0.09;0.032;3.494;0.142;755;2.4;0.4;0.3;0.071;ND;ND;ND;ND
3.792;12/12/2014;ANTIOQUIA;SAN ROQUE;Caña Panelera;Establecido;Mas de 10 años;Pendiente;No indica;No Tiene;QUIMICO;5.38;3.575;1.012;3.725;0.252;0.200;2.882;1.079;0.099;0.048;4.363;0.147;73.89;3.599;6;1.9;0.051;ND;ND;ND;ND
3.793;12/12/2014;ANTIOQUIA;SAN ROQUE;Caña Panelera;Establecido;Mas de 10 años;Pendiente;No indica;No Tiene;QUIMICO-ORGANICO;4.79;7.594;5.173;5.568;1.405;1.095;1.535;0.411;0.156;0.043;3.551;0.237;780;2.6;2;1;0.071;ND;ND;ND;ND
3.794;12/12/2014;ANTIOQUIA;SAN ROQUE;Caña Panelera;Establecido;Mas de 10 años;Pendiente;No indica;No Tiene;No indica;4.45;4.998;3.993;10.15;2.011;1.788;1.609;0.328;<0.09;0.048;4.086;0.216;811;3.1;1.799;0.5;0.110;ND;ND;ND;ND
3.795;12/12/2014;ANTIOQUIA;SAN ROQUE;Caña Panelera;Establecido;Mas de 10 años;Pendiente;No indica;No Tiene;No indica;4.97;1.732;2.922;3.295;1.071;0.914;2.134;0.308;<0.09;0.065;3.662;0.116;56;2;1.799;0.3;0.051;ND;ND;ND;ND
3.797;12/12/2014;ANTIOQUIA;SAN ROQUE;Caña Panelera;Establecido;Mas de 10 años;Ondulado;No indica;No Tiene;No indica;4.519;3.686;2.425;3.698;1.637;1.306;1.460;0.287;<0.09;0.038;3.491;0.121;560;2.300;0.4;0.5;0.031;ND;ND;ND;ND
3.801;12/12/2014;ANTIOQUIA;SAN ROQUE;Caña Panelera;Establecido;De 5 a 10 años;Ondulado;No indica;No Tiene;QUIMICO;5.09;2.934;3.388;10.47;0.727;0.562;1.759;0.267;<0.09;0.032;2.861;0.100;448.0;2.6;0.8;0.2;0.011;ND;ND;ND;ND
3.802;12/12/2014;ANTIOQUIA;SAN ROQUE;Caña Panelera;Establecido;Mas de 10 años;Ondulado;No indica;No Tiene;QUIMICO;4.690;3.336;2.658;6.416;2.689;2.331;1.310;0.308;<0.09;0.108;4.500;0.121;444.0;3.300;3.2;0.4;0.031;ND;ND;ND;ND
3.803;12/12/2014;ANTIOQUIA;SAN ROQUE;Caña Panelera;Establecido;De 5 a 10 años;Pendiente;No indica;No Tiene;QUIMICO;5.03;1.015;1.555;18.39;0.818;0.693;1.160;1.089;0.102;0.092;3.264;0.110;27;2.5;6.3;0.6;0.011;ND;ND;ND;ND
3.804;12/12/2014;ANTIOQUIA;SAN ROQUE;Caña Panelera;Establecido;Mas de 10 años;Pendiente;No indica;No Tiene;No indica;4.82;1.831;1.105;4.950;1.324;1.075;1.272;0.226;0.092;0.032;2.948;0.089;89.2;1.9;1.700;0.3;0.051;ND;ND;ND;ND
3.806;12/12/2014;ANTIOQUIA;SAN ROQUE;Caña Panelera;Establecido;Mas de 10 años;Pendiente;No indica;No Tiene;QUIMICO;4.76;3.248;7.580;5.407;0.930;0.753;4.305;0.657;0.118;0.027;6.039;0.206;246;5;9.399;2.4;0.031;ND;ND;ND;ND
4.014;22/12/2014;META;ACACÍAS;Caña Panelera;Establecido;No indica;Ondulado;Buen drenaje;No indica;No indica;4.58;3.248;1.754;2.975;1.773;1.247;0.524;0.123;<0.09;0.038;2.506;0.105;ND;ND;ND;ND;0.305;54;0.8;2.16;0,48
4.028;22/12/2014;META;ACACÍAS;Caña Panelera;Establecido;No indica;Ondulado;Buen drenaje;No indica;No indica;4.33;2.945;1.145;2.814;2.347;1.996;0.499;0.123;<0.09;0.048;3.076;0.105;ND;ND;ND;ND;0.171;64.80;0.88;1.96;0,28
4.057;22/12/2014;META;ACACÍAS;Caña Panelera;Establecido;No indica;Ondulado;Buen drenaje;No indica;No indica;4.360;3.033;1.115;4.486;2.531;2.006;0.474;0.195;<0.09;0.048;3.339;0.116;ND;ND;ND;ND;0.156;37.64;1.159;1.36;0,4
4.628;31/10/2014;CUNDINAMARCA;QUIPILE;Caña Panelera;Establecido;Mas de 10 años;No indica;Regular drenaje;No Tiene;Ninguno;6.03;4.416;80.55;12.27;ND;ND;8.124;2.097;0.588;0.054;10.86;0.305;405;6.2;4.2;51;0.417;ND;ND;ND;ND
4.765;18/11/2014;PUTUMAYO;MOCOA;Caña Panelera;Establecido;Mas de 10 años;Plano;No indica;No Tiene;ABONO ORGANICO;5.08;6.776;5.784;5.899;0.415;0.313;2.957;0.205;0.153;0.054;3.786;0.277;323;5.600;12.8;4;0.154;ND;ND;ND;ND
4.766;18/11/2014;PUTUMAYO;MOCOA;Caña Panelera;Establecido;Mas de 10 años;Plano;No indica;No Tiene;ABONO ORGANICO;4.95;5.302;5.986;4.191;1.640;1.296;1.946;1.007;0.124;0.032;4.752;0.207;663.9;2.6;7.199;1;0.195;ND;ND;ND;ND
4.770;18/11/2014;PUTUMAYO;MOCOA;Caña Panelera;Establecido;Mas de 10 años;Pendiente;No indica;No Tiene;ABONO ORGANICO;4.66;6.682;2.858;4.570;1.387;1.174;1.984;1.017;0.323;0.059;4.772;0.302;540;2.200;14.39;1.700;0.235;ND;ND;ND;ND
4.796;18/11/2014;PUTUMAYO;MOCOA;Caña Panelera;Establecido;Mas de 10 años;Pendiente;No indica;No indica;CAL;4.42;6.843;20.64;5.709;1.033;0.881;1.123;0.164;<0.09;0.032;2.430;0.383;77.59;6;5.5;2.4;0.295;ND;ND;ND;ND
4.798;18/11/2014;PUTUMAYO;MOCOA;Caña Panelera;Establecido;Mas de 10 años;Pendiente;No indica;No indica;GALLINAZA;5.36;4.189;46.84;4.950;0.405;0.192;2.171;0.503;0.099;0.054;3.233;0.103;86;6.4;10.60;3.400;0.134;ND;ND;ND;ND
4.801;18/11/2014;PUTUMAYO;MOCOA;Caña Panelera;Establecido;Mas de 10 años;Pendiente;No indica;No indica;GALLINAZA;4.49;4.493;4.283;2.482;1.812;1.529;1.347;0.123;<0.09;0.021;3.395;0.151;421.9;6.800;2.4;2;0.255;ND;ND;ND;ND
4.803;18/11/2014;PUTUMAYO;MOCOA;Caña Panelera;Establecido;De 5 a 10 años;Pendiente;No indica;No indica;CAL;4.53;5.097;6.497;3.051;1.681;1.539;1.198;0.359;0.204;0.043;3.487;0.300;451.9;3.900;7;2.200;0.195;ND;ND;ND;ND
4.829;18/11/2014;PUTUMAYO;MOCOA;Caña Panelera;Establecido;De 5 a 10 años;Plano;No indica;No Tiene;ABONO ORGANICO;4.93;10.26;16.12;4.950;0.486;0.374;4.305;1.069;0.252;0.043;6.157;0.446;321;3.900;12;3.400;0.275;ND;ND;ND;ND
4.846;18/11/2014;PUTUMAYO;MOCOA;Caña Panelera;Establecido;De 1 a 5 años;Ligeramente ondulado;No indica;No Tiene;ABONO ORGANICO;4.28;7.485;2.843;2.102;3.757;3.453;1.871;0.740;0.176;0.038;6.583;0.383;539;2.9;17;1.2;0.114;ND;ND;ND;ND
4.898;12/11/2014;CUNDINAMARCA;ÚTICA;Caña Panelera;Establecido;De 5 a 10 años;Pendiente;No indica;No indica;Ninguno;7.69;6.686;4.476;6.167;ND;ND;14.97;1.274;0.169;0.065;16.48;0.429;31.5;2.4;2.1;0.700;0.304;ND;ND;ND;ND
4.903;12/11/2014;CUNDINAMARCA;ÚTICA;Caña Panelera;Establecido;De 5 a 10 años;Pendiente;No indica;No indica;Ninguno;6.67;7.045;2.555;4.894;ND;ND;19.01;0.729;0.217;0.081;20.04;0.383;77.69;2.200;1.799;1;0.220;ND;ND;ND;ND
4.915;12/11/2014;CUNDINAMARCA;ÚTICA;Caña Panelera;Establecido;De 5 a 10 años;Pendiente;No indica;No indica;Ninguno;7.67;6.165;2.114;8.894;ND;ND;16.17;1.377;0.185;0.076;17.81;0.424;25.5;2.300;2.300;0.899;0.119;ND;ND;ND;ND
5.025;18/11/2014;PUTUMAYO;MOCOA;Caña Panelera;Establecido;De 0 a 1 año;Plano;No indica;No Tiene;ABONO ORGANICO;4.849;4.536;1.642;5.258;2.442;2.276;1.272;0.678;0.102;0.043;4.540;0.116;528;2.5;4.400;0.700;0.086;ND;ND;ND;ND
5.030;18/11/2014;PUTUMAYO;MOCOA;Caña Panelera;Establecido;De 1 a 5 años;Ligeramente ondulado;No indica;No Tiene;ABONO ORGANICO;4.42;5.275;2.177;6.167;3.735;3.260;2.358;1.675;0.179;0.038;7.987;0.510;696;6.3;11;1.5;0.102;ND;ND;ND;ND
5.031;18/11/2014;PUTUMAYO;MOCOA;Caña Panelera;Establecido;De 5 a 10 años;Ligeramente ondulado;No indica;No Tiene;ABONO ORGANICO;4.03;6.627;2.271;6.894;5.536;4.572;1.010;0.452;0.131;0.032;7.164;0.444;676.9;3.400;3.7;2.1;0.237;ND;ND;ND;ND
5.032;18/11/2014;PUTUMAYO;MOCOA;Caña Panelera;Establecido;Mas de 10 años;Plano;No indica;No Tiene;ABONO ORGANICO;5.45;5.297;20.14;4.349;0;0;4.754;1.120;0.179;0.038;6.092;0.376;200;3;6.7;4.900;0.086;ND;ND;ND;ND
5.033;18/11/2014;PUTUMAYO;MOCOA;Caña Panelera;Establecido;Mas de 10 años;Plano;No indica;No Tiene;ABONO ORGANICO;5.85;7.077;59.92;8.166;ND;ND;7.001;1.737;0.352;0.059;9.150;0.381;219;5.300;6.800;6.2;0.287;ND;ND;ND;ND
5.051;18/11/2014;PUTUMAYO;MOCOA;Caña Panelera;Establecido;De 0 a 1 año;Ligeramente ondulado;No indica;No Tiene;ABONO ORGANICO;4.559;6.095;2.487;1.912;2.349;2.096;2.208;0.801;0.156;0.043;5.560;0.209;340;2.200;11.29;1;0.154;ND;ND;ND;ND
5.052;18/11/2014;PUTUMAYO;MOCOA;Caña Panelera;Establecido;De 1 a 5 años;Ligeramente ondulado;No indica;No Tiene;ABONO ORGANICO;4.690;8.965;3.540;2.102;1.579;1.407;2.358;1.480;0.352;0.048;5.819;0.275;417;2;19.39;1.5;0.215;ND;ND;ND;ND
5.058;18/11/2014;PUTUMAYO;MOCOA;Caña Panelera;Establecido;De 5 a 10 años;Ligeramente ondulado;No indica;No Tiene;ABONO ORGANICO;5.21;4.694;6.003;6.712;0.264;0.174;3.481;0.647;0.140;0.059;4.594;0.361;194.1;2.300;4.900;3;0.069;ND;ND;ND;ND
5.062;18/11/2014;PUTUMAYO;MOCOA;Caña Panelera;Establecido;Mas de 10 años;Plano;No indica;No Tiene;ABONO ORGANICO;5.37;5.823;10.85;7.258;0.417;0.256;3.631;1.130;0.176;0.032;5.388;0.146;368.0;5.5;6.800;8.4;0.253;ND;ND;ND;ND
5.063;18/11/2014;PUTUMAYO;MOCOA;Caña Panelera;Establecido;De 1 a 5 años;Ligeramente ondulado;No indica;No Tiene;ABONO ORGANICO;4.599;6.540;1.972;6.894;1.882;1.414;2.583;1.706;0.182;0.038;6.393;0.315;336;2.300;47.80;2.300;0.102;ND;ND;ND;ND
5.461;20/03/2014;CUNDINAMARCA;NIMAIMA;Caña Panelera;Establecido;Mas de 10 años;Plano;Mal drenaje;No Tiene;NO;5.26;14.83;5.856;3.166;0.751;0.440;1.010;0.185;0.192;0.065;2.204;0.184;120;1.799;7.3;12.9;0.207;ND;ND;ND;ND
5.462;20/03/2014;CUNDINAMARCA;NIMAIMA;Caña Panelera;Establecido;Mas de 10 años;Pendiente;Mal drenaje;No Tiene;NO;6.04;1.261;13.38;3.487;ND;ND;3.893;0.647;<0.09;0.054;4.666;0.585;151;1.9;1.100;1.5;0.167;ND;ND;ND;ND
5.463;20/03/2014;CUNDINAMARCA;NIMAIMA;Caña Panelera;Establecido;Mas de 10 años;Ondulado;Mal drenaje;No Tiene;NO;5.6;16.61;3.930;4.452;ND;ND;2.471;1.017;0.300;0.032;3.822;0.103;93.99;0.899;6.7;0.8;0.167;ND;ND;ND;ND
5.464;20/03/2014;CUNDINAMARCA;QUEBRADANEGRA;Caña Panelera;Establecido;De 5 a 10 años;Ondulado;Buen drenaje;No Tiene;NO;7.86;3.612;64.26;8.176;ND;ND;17.57;2.713;0.947;0.174;21.40;0.643;43.09;2.5;1.6;6.600;0.273;ND;ND;ND;ND
5.467;20/03/2014;CUNDINAMARCA;QUEBRADANEGRA;Caña Panelera;Establecido;Mas de 10 años;Ondulado;Regular drenaje;No Tiene;NO;7.37;5.476;42.81;8.380;ND;ND;24.77;1.213;0.412;0.125;26.52;0.593;19.8;2.300;1.2;10.3;0.432;ND;ND;ND;ND
5.469;20/03/2014;CUNDINAMARCA;QUEBRADANEGRA;Caña Panelera;Establecido;Mas de 10 años;Pendiente;Regular drenaje;No Tiene;NO;7.75;5.542;23.02;2.683;ND;ND;20.24;0.812;0.284;0.059;21.40;0.563;21.20;3.400;2;10.8;0.619;ND;ND;ND;ND
5.470;20/03/2014;CUNDINAMARCA;QUEBRADANEGRA;Caña Panelera;Establecido;Mas de 10 años;Pendiente;Regular drenaje;No Tiene;NO;7.78;5.178;17.84;5.417;ND;ND;22.71;0.750;0.214;0.048;23.73;0.505;20.39;2.300;1.3;10.4;0.658;ND;ND;ND;ND
5.471;20/03/2014;CUNDINAMARCA;QUEBRADANEGRA;Caña Panelera;Establecido;Mas de 10 años;Pendiente;Mal drenaje;No Tiene;NO;7.52;5.952;83.95;4.452;ND;ND;15.72;0.812;0.252;0.038;16.82;0.598;32.1;1.400;1.6;29;0.560;ND;ND;ND;ND
5.472;20/03/2014;CUNDINAMARCA;QUEBRADANEGRA;Caña Panelera;Establecido;Mas de 10 años;Pendiente;Regular drenaje;No Tiene;NO;7.31;6.498;50.04;3.005;ND;ND;22.58;1.130;0.223;0.038;23.97;0.383;16.89;3.400;1.2;75;0.383;ND;ND;ND;ND
5.477;20/03/2014;CUNDINAMARCA;QUEBRADANEGRA;Caña Panelera;Establecido;Mas de 10 años;Pendiente;Regular drenaje;No Tiene;NO;8.33;1.230;3.516;3.692;ND;ND;19.97;0.143;<0.09;0.059;20.23;0.323;7.199;2.6;0.6;8.4;0.251;ND;ND;ND;ND
5.479;20/03/2014;CUNDINAMARCA;VERGARA;Caña Panelera;Establecido;Mas de 10 años;Plano;Mal drenaje;No Tiene;NO;5.17;7.501;4.800;4.774;1.252;1.018;2.464;1.192;0.147;0.032;5.089;0.156;135;1.100;3.1;0.899;0.266;ND;ND;ND;ND
5.480;20/03/2014;CUNDINAMARCA;VERGARA;Caña Panelera;Establecido;De 1 a 5 años;Ondulado;Mal drenaje;No Tiene;NO;5.33;20.01;5.545;3.487;0.520;0.293;4.492;1.182;0.156;0.038;6.390;0.459;59.5;1.799;7;4.8;0.207;ND;ND;ND;ND
5.481;20/03/2014;CUNDINAMARCA;VERGARA;Caña Panelera;Establecido;Mas de 10 años;Ondulado;Mal drenaje;No Tiene;NO;4.95;6.089;3.666;6.221;3.426;3.044;1.884;0.380;0.172;0.038;5.901;0.083;387;2.6;1.799;2.300;0.266;ND;ND;ND;ND
5.482;20/03/2014;CUNDINAMARCA;VERGARA;Caña Panelera;Establecido;Mas de 10 años;Ondulado;Mal drenaje;No Tiene;NO;5.36;4.494;3.371;2.201;0.170;0;7.899;0.791;0.124;0.059;9.046;0.131;491;15.5;4;86;0.207;ND;ND;ND;ND
5.483;20/03/2014;CUNDINAMARCA;VERGARA;Caña Panelera;Establecido;De 1 a 5 años;Ondulado;Mal drenaje;No Tiene;NO;4.690;4.904;3.403;4.131;3.436;3.103;2.882;0.442;0.131;0.048;6.941;0.179;1068;5.699;2.6;11.5;0.246;ND;ND;ND;ND
5.484;20/03/2014;CUNDINAMARCA;VERGARA;Caña Panelera;Establecido;Mas de 10 años;Ondulado;Mal drenaje;No Tiene;NO;4.639;2.900;4.334;2.844;3.776;3.142;0.680;0.205;<0.09;0.043;4.795;0.113;205;1;1.3;0.5;0.207;ND;ND;ND;ND
5.486;20/03/2014;CUNDINAMARCA;VERGARA;Caña Panelera;Establecido;Mas de 10 años;Ondulado;Mal drenaje;No Tiene;NO;4.7;4.039;4.179;2.683;3.195;2.506;1.166;0.061;<0.09;0.021;4.500;0.100;675;1.9;1.700;5;0.285;ND;ND;ND;ND
5.488;20/03/2014;CUNDINAMARCA;VERGARA;Caña Panelera;Establecido;Mas de 10 años;Ondulado;Mal drenaje;No Tiene;NO;4.599;3.811;2.750;4.774;3.686;3.142;0.599;0.092;<0.09;0.043;4.482;0.116;642;1.2;0.8;1.3;0.148;ND;ND;ND;ND
5.489;20/03/2014;CUNDINAMARCA;VERGARA;Caña Panelera;Establecido;Mas de 10 años;Plano;Mal drenaje;No Tiene;NO;5.01;3.902;7.502;5.096;1.733;1.488;1.896;0.421;<0.09;0.048;4.164;0.128;410;2.9;4;5;0.207;ND;ND;ND;ND
5.490;20/03/2014;CUNDINAMARCA;VERGARA;Caña Panelera;Establecido;Mas de 10 años;Plano;Mal drenaje;No Tiene;NO;5.42;11.64;5.871;1.397;1.152;0.851;0.636;0.308;0.134;0.027;2.258;0.040;134;2.200;2.5;0.899;0.167;ND;ND;ND;ND
5.491;20/03/2014;CUNDINAMARCA;VERGARA;Caña Panelera;Establecido;De 5 a 10 años;Ondulado;Mal drenaje;No Tiene;NO;5.72;12.46;5.328;1.879;ND;ND;2.726;0.740;0.182;0.092;3.741;0.098;82;2.200;7.4;3.300;0.148;ND;ND;ND;ND
5.492;20/03/2014;CUNDINAMARCA;VERGARA;Caña Panelera;Establecido;Mas de 10 años;Plano;Mal drenaje;No Tiene;NO;4.59;3.811;5.095;9.116;3.416;2.888;0.611;0.185;<0.09;0.038;4.330;0.148;453.0;2.7;1.700;1.400;0.187;ND;ND;ND;ND
5.494;20/03/2014;CUNDINAMARCA;VERGARA;Caña Panelera;Establecido;Mas de 10 años;Plano;Mal drenaje;No Tiene;NO;6.07;19.10;14.90;7.669;ND;ND;16.61;3.618;0.492;0.054;20.77;0.603;33.19;0.899;13.79;10;0.658;ND;ND;ND;ND
5.495;20/03/2014;CUNDINAMARCA;VERGARA;Caña Panelera;Establecido;Mas de 10 años;Ondulado;Mal drenaje;No Tiene;NO;4.769;5.861;3.775;6.221;3.125;2.526;1.347;0.267;0.105;0.038;4.884;0.159;398;0.899;1.6;1.400;0.226;ND;ND;ND;ND
5.498;20/03/2014;CUNDINAMARCA;QUEBRADANEGRA;Caña Panelera;Establecido;De 5 a 10 años;Ondulado;Buen drenaje;No Tiene;NO;6.5;2.263;3.930;3.166;ND;ND;14.90;0.771;0.137;0.136;15.94;0.282;25;2.300;0.6;0.8;0.167;ND;ND;ND;ND
5.518;20/03/2014;CUNDINAMARCA;LA PEÑA;Caña Panelera;Establecido;Mas de 10 años;Pendiente;No indica;No Tiene;NO;5.74;5.217;3.589;9.806;ND;ND;9.322;1.644;0.227;0.070;11.26;0.770;473.0;4.400;9.399;30.09;0.138;ND;ND;ND;ND
5.522;20/03/2014;CUNDINAMARCA;QUEBRADANEGRA;Caña Panelera;Establecido;Mas de 10 años;Ondulado;Regular drenaje;No Tiene;NO;7.74;5.223;113.6;3.809;ND;ND;18.87;0.853;0.483;0.043;20.25;0.638;35.9;5.8;1.100;21;0.521;ND;ND;ND;ND
5.524;20/03/2014;CUNDINAMARCA;NIMAIMA;Caña Panelera;Establecido;Mas de 10 años;Plano;Mal drenaje;No Tiene;NO;4.79;4.221;2.906;4.613;2.444;2.056;2.471;0.051;<0.09;0.027;5.013;0.159;1030;2.6;1.400;0.4;0.187;ND;ND;ND;ND
5.525;20/03/2014;CUNDINAMARCA;NIMAIMA;Caña Panelera;Establecido;Mas de 10 años;Ondulado;Mal drenaje;No Tiene;NO;4.889;3.993;4.412;2.844;3.676;3.309;2.845;0.328;0.128;0.076;7.055;0.078;1021.;7.4;1.2;9;0.207;ND;ND;ND;ND
5.526;20/03/2014;CUNDINAMARCA;NIMAIMA;Caña Panelera;Establecido;Mas de 10 años;Plano;Mal drenaje;No Tiene;NO;6.07;4.403;4.893;7.830;ND;ND;11.68;1.192;0.150;0.125;13.14;0.217;152;6.7;3.300;1.2;0.246;ND;ND;ND;ND
5.527;20/03/2014;CUNDINAMARCA;NIMAIMA;Caña Panelera;Establecido;De 1 a 5 años;Ondulado;Mal drenaje;No Tiene;NO;6.72;3.447;5.157;1.879;ND;ND;8.948;1.058;0.137;0.048;10.19;0.191;135;7.4;3.400;1.700;0.383;ND;ND;ND;ND
5.528;20/03/2014;CUNDINAMARCA;NIMAIMA;Caña Panelera;Establecido;Mas de 10 años;Plano;Mal drenaje;No Tiene;NO;5;2.445;3.092;1.557;2.073;1.537;1.759;0.287;<0.09;0.092;4.303;0.103;292;2.800;6.1;13.3;0.187;ND;ND;ND;ND
5.530;20/03/2014;CUNDINAMARCA;NIMAIMA;Caña Panelera;Establecido;De 0 a 1 año;Pendiente;Mal drenaje;No Tiene;NO;7.17;4.312;20.48;10.24;ND;ND;11.45;0.678;0.121;0.054;12.31;0.439;64.2;11;1.700;1.6;0.521;ND;ND;ND;ND
5.531;20/03/2014;CUNDINAMARCA;NIMAIMA;Caña Panelera;Establecido;Mas de 10 años;Ondulado;Mal drenaje;No Tiene;NO;5.5;1.944;9.256;1.879;ND;ND;9.210;0.164;<0.09;0.125;9.554;0.095;93;4.5;4;26.6;0.187;ND;ND;ND;ND
5.532;20/03/2014;CUNDINAMARCA;NIMAIMA;Caña Panelera;Establecido;Mas de 10 años;Ondulado;Mal drenaje;No Tiene;NO;7.55;3.082;12.28;7.508;ND;ND;10.14;0.339;<0.09;0.065;10.61;0.401;86.7;6.5;1.400;1.400;0.305;ND;ND;ND;ND
5.533;20/03/2014;CUNDINAMARCA;LA PEÑA;Caña Panelera;Establecido;Mas de 10 años;Ondulado;No indica;No Tiene;NO;7.99;0.764;2.476;6.545;ND;ND;17.77;0.113;<0.09;0.076;17.97;0.378;10.8;3.5;0.700;16.39;0.115;ND;ND;ND;ND
5.535;20/03/2014;CUNDINAMARCA;NIMAIMA;Caña Panelera;Establecido;Mas de 10 años;Pendiente;Mal drenaje;No Tiene;NO;5.99;2.627;53.26;1.879;ND;ND;11.04;0.421;<0.09;0.136;11.65;0.184;148;18.3;1.700;148;0.187;ND;ND;ND;ND
5.539;20/03/2014;CUNDINAMARCA;NIMAIMA;Caña Panelera;Establecido;Mas de 10 años;Pendiente;Mal drenaje;No Tiene;SI;5.46;4.130;9.396;7.508;0;0;5.952;0.565;0.195;0.048;6.762;0.295;370;7.5;3.900;1.100;0.383;ND;ND;ND;ND
5.540;20/03/2014;CUNDINAMARCA;NOCAIMA;Caña Panelera;Establecido;Mas de 10 años;Pendiente;Buen drenaje;No Tiene;NO;5.76;3.819;11.86;5.730;ND;ND;8.386;0.719;0.118;0.065;9.289;0.199;372;7.6;2.800;36;0.206;ND;ND;ND;ND
5.541;20/03/2014;CUNDINAMARCA;NOCAIMA;Caña Panelera;Establecido;Mas de 10 años;Pendiente;Buen drenaje;No Tiene;NO;5.51;3.250;10.12;7.157;ND;ND;5.016;1.542;0.256;0.081;6.896;0.189;278;3.400;5.5;1.700;0.115;ND;ND;ND;ND
5.542;20/03/2014;CUNDINAMARCA;NOCAIMA;Caña Panelera;Establecido;Mas de 10 años;Ondulado;Buen drenaje;No Tiene;NO;5.4;4.389;6.240;3.692;2.138;1.790;3.481;0.236;0.140;0.059;6.057;0.136;284;2.1;4.900;4.099;0.138;ND;ND;ND;ND
5.557;20/03/2014;CUNDINAMARCA;SASAIMA;Caña Panelera;Establecido;Mas de 10 años;Ondulado;Buen drenaje;No Tiene;NO;6.32;4.751;19.52;6.342;ND;ND;20.59;0.267;0.111;0.065;21.03;0.290;28;4.3;0.8;35;0.206;ND;ND;ND;ND
5.559;20/03/2014;CUNDINAMARCA;SASAIMA;Caña Panelera;Establecido;Mas de 10 años;Ondulado;Buen drenaje;No Tiene;NO;4.809;4.441;6.490;5.934;2.230;1.970;1.734;0.442;0.124;0.103;4.634;0.310;495;3.900;2.200;9.5;0.115;ND;ND;ND;ND
5.560;20/03/2014;CUNDINAMARCA;SASAIMA;Caña Panelera;Establecido;Mas de 10 años;Pendiente;Regular drenaje;No Tiene;NO;6.84;2.266;60.73;4.507;ND;ND;19.08;0.185;<0.09;0.048;19.37;0.189;8.100;6.5;0.8;70;0.138;ND;ND;ND;ND
5.585;20/03/2014;CUNDINAMARCA;SASAIMA;Caña Panelera;Establecido;Mas de 10 años;Ondulado;Buen drenaje;No Tiene;NO;6.89;3.664;19.36;5.119;ND;ND;26.22;0.442;0.121;0.070;26.85;0.345;205;1.799;0.899;1.400;0.454;ND;ND;ND;ND
5.586;20/03/2014;CUNDINAMARCA;SASAIMA;Caña Panelera;Establecido;Mas de 10 años;Ondulado;Buen drenaje;No Tiene;SI;5.059;2.214;34.23;6.953;0.922;0.740;2.901;0.452;<0.09;0.043;4.383;0.143;317;3.300;2.1;7;0.273;ND;ND;ND;ND
5.589;20/03/2014;CUNDINAMARCA;NOCAIMA;Caña Panelera;Establecido;Mas de 10 años;Ondulado;Buen drenaje;No Tiene;NO;7.8;3.353;5.596;18.36;ND;ND;20.11;0.318;0.111;0.081;20.62;0.527;26.7;5.600;1.400;37;0.364;ND;ND;ND;ND
5.590;20/03/2014;CUNDINAMARCA;NOCAIMA;Caña Panelera;Establecido;No indica;Pendiente;Buen drenaje;No Tiene;NO;7.97;2.991;6.460;21.42;ND;ND;27.25;0.555;<0.09;0.081;27.96;0.583;17.2;6.1;1.2;28;0.273;ND;ND;ND;ND
5.591;20/03/2014;CUNDINAMARCA;NOCAIMA;Caña Panelera;Establecido;Mas de 10 años;Pendiente;Buen drenaje;No Tiene;NO;5.18;4.648;5.157;10.41;1.317;0.940;5.803;1.367;0.291;0.097;8.877;0.146;957;5.8;12.3;8.5;0.206;ND;ND;ND;ND
5.592;20/03/2014;CUNDINAMARCA;NOCAIMA;Caña Panelera;Establecido;Mas de 10 años;Ondulado;Buen drenaje;No Tiene;NO;6.03;3.923;6.680;8.991;ND;ND;11.23;1.243;0.166;0.059;12.70;0.600;301;2.7;5.300;11.7;0.115;ND;ND;ND;ND
5.593;20/03/2014;CUNDINAMARCA;NOCAIMA;Caña Panelera;Establecido;Mas de 10 años;Ondulado;Buen drenaje;No Tiene;NO;4.62;4.958;5.406;12.25;1.925;1.520;1.953;0.555;0.227;0.048;4.710;0.280;718;3.2;9.6;1.799;0.161;ND;ND;ND;ND
5.594;20/03/2014;CUNDINAMARCA;NOCAIMA;Caña Panelera;Establecido;Mas de 10 años;Pendiente;Buen drenaje;No Tiene;NO;7.48;4.337;4.688;10.82;ND;ND;20.86;0.195;0.134;0.097;21.29;0.611;93.2;5.4;1.799;0.899;0.138;ND;ND;ND;ND
5.595;20/03/2014;CUNDINAMARCA;NOCAIMA;Caña Panelera;Establecido;Mas de 10 años;Ondulado;Buen drenaje;No Tiene;NO;4.91;3.612;9.683;6.138;6.771;5.770;9.622;0.945;0.179;0.059;17.57;0.161;295;2;2.6;5.600;0.161;ND;ND;ND;ND
5.596;20/03/2014;CUNDINAMARCA;NOCAIMA;Caña Panelera;Establecido;Mas de 10 años;Ondulado;Buen drenaje;No Tiene;NO;5.21;3.094;13.78;6.953;1.925;1.610;4.492;1.850;0.774;0.071;9.114;0.143;639;28.1;4.2;11.79;0.138;ND;ND;ND;ND
5.597;20/03/2014;CUNDINAMARCA;NOCAIMA;Caña Panelera;Establecido;Mas de 10 años;Pendiente;Buen drenaje;No Tiene;NO;5.09;4.337;8.701;5.323;1.287;0.960;5.091;0.195;0.144;0.087;6.805;0.148;384;3.900;10.9;6;0.115;ND;ND;ND;ND
5.598;20/03/2014;CUNDINAMARCA;LA PEÑA;Caña Panelera;Establecido;Mas de 10 años;Plano;No indica;No Tiene;NO;5.7;7.081;18.86;8.991;ND;ND;12.46;2.528;0.272;0.136;15.40;0.388;468;5.300;6.600;29.2;0.206;ND;ND;ND;ND
5.599;20/03/2014;CUNDINAMARCA;TOCAIMA;Caña Panelera;Establecido;Mas de 10 años;Ondulado;Buen drenaje;No Tiene;NO;6.77;7.029;14.12;11.23;ND;ND;21.34;0.524;0.217;0.119;22.20;0.532;53.09;4.600;1.3;33;0.319;ND;ND;ND;ND
5.602;20/03/2014;CUNDINAMARCA;SASAIMA;Caña Panelera;Establecido;Mas de 10 años;Ondulado;Buen drenaje;No Tiene;NO;5.71;3.301;8.980;7.768;ND;ND;10.07;0.575;0.131;0.108;10.88;0.295;470;9.399;2.6;24.70;0.251;ND;ND;ND;ND
5.603;20/03/2014;CUNDINAMARCA;SASAIMA;Caña Panelera;Establecido;De 5 a 10 años;Ondulado;Buen drenaje;No Tiene;NO;5.16;2.266;4.907;8.176;4.845;2.120;1.971;0.174;<0.09;0.038;7.084;0.068;486;2.200;1.3;4.8;0.138;ND;ND;ND;ND
5.604;20/03/2014;CUNDINAMARCA;SASAIMA;Caña Panelera;Establecido;Mas de 10 años;Ondulado;Buen drenaje;No Tiene;NO;7.53;3.457;52.31;10.21;ND;ND;18.00;0.894;<0.09;0.059;19.04;0.492;42.5;4.900;1.2;155;0.251;ND;ND;ND;ND
5.605;20/03/2014;CUNDINAMARCA;LA PEÑA;Caña Panelera;Establecido;Mas de 10 años;Ondulado;No indica;No Tiene;NO;5.6;5.424;7.530;9.398;ND;ND;8.349;2.343;0.211;0.146;11.05;0.270;670;3.7;2.7;7.1;0.183;ND;ND;ND;ND
5.607;20/03/2014;CUNDINAMARCA;LA PEÑA;Caña Panelera;Establecido;Mas de 10 años;Ondulado;No indica;No Tiene;NO;7.33;5.683;45.19;12.65;ND;ND;21.20;0.894;0.179;0.125;22.40;0.598;21.20;5.600;1.100;53.00;0.386;ND;ND;ND;ND
5.608;20/03/2014;CUNDINAMARCA;LA PEÑA;Caña Panelera;Establecido;Mas de 10 años;Pendiente;No indica;No Tiene;NO;7.6;5.476;12.29;6.138;ND;ND;24.71;0.318;0.128;0.103;25.26;0.575;15.4;9;1.5;77;0.273;ND;ND;ND;ND
5.609;20/03/2014;CUNDINAMARCA;LA PEÑA;Caña Panelera;Establecido;Mas de 10 años;Pendiente;No indica;No Tiene;NO;7.76;4.492;6.153;5.730;ND;ND;22.17;0.503;0.172;0.070;22.91;0.605;19.39;2.200;1.400;2.800;0.183;ND;ND;ND;ND
5.610;20/03/2014;CUNDINAMARCA;LA PEÑA;Caña Panelera;Establecido;Mas de 10 años;Ondulado;No indica;No Tiene;NO;5.52;5.114;7.017;8.380;ND;ND;15.23;1.048;0.211;0.108;16.60;0.409;271;4.5;4.3;30;0.183;ND;ND;ND;ND
5.611;20/03/2014;CUNDINAMARCA;LA PEÑA;Caña Panelera;Establecido;Mas de 10 años;Ondulado;No indica;No Tiene;NO;4.54;4.596;5.347;6.953;4.084;3.630;2.832;0.431;0.134;0.081;7.565;0.257;1366;7.4;5.4;14.9;0.206;ND;ND;ND;ND
5.612;20/03/2014;CUNDINAMARCA;LA PEÑA;Caña Panelera;Establecido;Mas de 10 años;Ondulado;No indica;No Tiene;NO;5.8;2.059;4.219;3.692;ND;ND;10.22;1.973;0.118;0.103;12.41;1.032;350.9;4;2.800;2.6;0.115;ND;ND;ND;ND
5.613;20/03/2014;CUNDINAMARCA;LA PEÑA;Caña Panelera;Establecido;Mas de 10 años;Pendiente;No indica;No Tiene;NO;6.82;5.787;7.368;9.398;ND;ND;21.26;1.521;0.249;0.108;23.14;1.027;55.59;3.599;1.2;26;0.319;ND;ND;ND;ND
5.614;20/03/2014;CUNDINAMARCA;LA PEÑA;Caña Panelera;Establecido;Mas de 10 años;Pendiente;No indica;No Tiene;NO;7.07;3.767;13.05;6.953;ND;ND;18.94;0.483;0.16;0.103;19.69;0.588;29.4;3.5;0.8;15;0.161;ND;ND;ND;ND
5.615;20/03/2014;CUNDINAMARCA;NOCAIMA;Caña Panelera;Establecido;Mas de 10 años;Ondulado;Buen drenaje;No Tiene;NO;5.14;26.27;4.995;6.953;1.368;1.210;1.934;0.472;0.406;0.097;4.280;0.388;7;0.5;1.700;3.400;0.138;ND;ND;ND;ND
5.616;20/03/2014;CUNDINAMARCA;NOCAIMA;Caña Panelera;Establecido;Mas de 10 años;Ondulado;Buen drenaje;No Tiene;NO;5.36;2.939;5.772;4.100;0.435;0.250;7.824;0.236;<0.09;0.092;8.679;0.123;259;4.600;2.4;17.5;0.115;ND;ND;ND;ND
5.618;20/03/2014;CUNDINAMARCA;LA PEÑA;Caña Panelera;Establecido;Mas de 10 años;Ondulado;No indica;No Tiene;NO;7.71;5.528;10.85;13.06;ND;ND;22.03;0.205;0.134;0.136;22.50;0.780;34;10.4;1.6;74;0.319;ND;ND;ND;ND
6.370;11/04/2014;CUNDINAMARCA;GUADUAS;Caña Panelera;Establecido;De 1 a 5 años;Plano;Buen drenaje;No Tiene;PORQUINAZA;5.03;5.852;10.15;5.479;0.761;0.571;2.134;0.750;0.345;0.043;4.035;0.148;337;2.300;8.299;2.4;0.092;ND;ND;ND;ND
6.371;11/04/2014;CUNDINAMARCA;GUADUAS;Caña Panelera;Establecido;De 0 a 1 año;Pendiente;Regular drenaje;No Tiene;PORQUINAZA;5.07;7.426;14.98;8.482;0.599;0.404;2.964;1.254;0.505;0.032;5.355;0.287;331;2.1;8.100;3.1;0.113;ND;ND;ND;ND
6.741;31/03/2014;CUNDINAMARCA;QUIPILE;Caña Panelera;Establecido;Mas de 10 años;Pendiente;Buen drenaje;No Tiene;NO;8.07;3.405;13.56;4.632;ND;ND;20.18;0.123;<0.09;0.081;20.46;0.499;18.3;2.9;0.6;8.299;0.227;ND;ND;ND;ND
6.742;31/03/2014;CUNDINAMARCA;QUIPILE;Caña Panelera;Establecido;Mas de 10 años;Ondulado;Buen drenaje;No Tiene;NO;7.91;5.217;13.48;14.07;ND;ND;21.55;0.966;0.198;0.070;22.78;0.772;26.9;5.2;0.700;49;0.557;ND;ND;ND;ND
6.743;31/03/2014;CUNDINAMARCA;QUIPILE;Caña Panelera;Establecido;Mas de 10 años;Pendiente;Buen drenaje;No Tiene;NO;4.769;2.784;7.312;6.898;3.355;2.939;4.193;0.544;0.102;0.048;8.245;0.166;611;4;5;5.4;0.091;ND;ND;ND;ND
6.744;31/03/2014;CUNDINAMARCA;QUIPILE;Caña Panelera;Establecido;Mas de 10 años;Pendiente;Buen drenaje;No Tiene;NO;8.039;2.680;5.249;5.576;ND;ND;20.66;0.328;0.105;0.043;21.13;0.467;11.7;4.2;0.8;24.4;0.266;ND;ND;ND;ND
6.745;31/03/2014;CUNDINAMARCA;QUIPILE;Caña Panelera;Establecido;Mas de 10 años;Pendiente;Buen drenaje;No Tiene;NO;6.39;2.473;74.62;3.876;ND;ND;14.41;0.729;0.131;0.076;15.35;0.265;90.9;7.3;0.899;24.8;0.324;ND;ND;ND;ND
6.746;31/03/2014;CUNDINAMARCA;QUIPILE;Caña Panelera;Establecido;Mas de 10 años;Pendiente;Buen drenaje;No Tiene;NO;7.28;3.612;65.13;5.954;ND;ND;17.43;0.997;0.195;0.054;18.68;0.459;21.29;3.8;0.700;49;0.285;ND;ND;ND;ND
6.747;31/03/2014;CUNDINAMARCA;QUIPILE;Caña Panelera;Establecido;Mas de 10 años;Ondulado;Buen drenaje;No Tiene;NO;7.92;4.751;9.913;13.69;ND;ND;18.25;1.336;0.147;0.038;19.77;0.603;23;6;0.8;95;0.518;ND;ND;ND;ND
6.748;31/03/2014;CUNDINAMARCA;QUIPILE;Caña Panelera;Establecido;De 5 a 10 años;Pendiente;Buen drenaje;No Tiene;NO;8.01;5.580;25.01;8.598;ND;ND;20.18;0.555;0.134;0.054;20.92;0.583;20.2;6.4;0.899;36;0.499;ND;ND;ND;ND
6.749;31/03/2014;CUNDINAMARCA;QUIPILE;Caña Panelera;Establecido;Mas de 10 años;Pendiente;Buen drenaje;No Tiene;NO;7.53;5.010;131.7;7.465;ND;ND;15.92;1.336;0.467;0.038;17.76;0.623;28.2;2.300;0.5;19;0.460;ND;ND;ND;ND
6.750;31/03/2014;CUNDINAMARCA;QUIPILE;Caña Panelera;Establecido;Mas de 10 años;Pendiente;Buen drenaje;No Tiene;NO;7.35;3.612;6.684;132.7;ND;ND;18.46;0.359;<0.09;0.032;18.93;2.858;15.2;3.400;0.5;53.00;0.343;ND;ND;ND;ND
6.751;31/03/2014;CUNDINAMARCA;QUIPILE;Caña Panelera;Establecido;Mas de 10 años;Pendiente;Buen drenaje;No Tiene;NO;8.1;3.716;9.210;5.387;ND;ND;20.31;0.349;0.214;0.048;20.93;0.537;9.5;5;0.6;5.5;0.285;ND;ND;ND;ND
6.773;31/03/2014;CUNDINAMARCA;QUIPILE;Caña Panelera;Establecido;Mas de 10 años;Pendiente;Buen drenaje;No Tiene;NO;6.45;3.405;61.60;5.954;ND;ND;14.75;1.089;0.185;0.070;16.10;0.552;78.60;3.2;0.899;24;0.305;ND;ND;ND;ND
6.774;31/03/2014;CUNDINAMARCA;QUIPILE;Caña Panelera;Establecido;Mas de 10 años;Pendiente;Buen drenaje;No Tiene;NO;7.23;4.078;14.86;4.820;ND;ND;14.41;0.318;0.182;0.032;14.94;0.563;22.20;2.7;1.2;13.79;0.305;ND;ND;ND;ND
6.793;31/03/2014;CUNDINAMARCA;QUIPILE;Caña Panelera;Establecido;Mas de 10 años;Ondulado;Buen drenaje;No Tiene;NO;7.61;7.340;96.87;17.47;ND;ND;16.26;0.863;0.256;0.065;17.45;0.800;16.10;3.7;0.6;56.00;0.693;ND;ND;ND;ND
7.399;7/02/2014;CUNDINAMARCA;VILLETA;Caña Panelera;Establecido;De 1 a 5 años;Ondulado;Regular drenaje;No indica;UREA;6.06;7.477;13.90;4.780;ND;ND;20.04;1.583;0.275;0.070;21.97;0.247;89;2.9;3.2;14.5;0.106;ND;ND;ND;ND
7.400;7/02/2014;CUNDINAMARCA;VILLETA;Caña Panelera;Establecido;De 1 a 5 años;Ondulado;Regular drenaje;No indica;UREA;5.87;7.373;17.10;5.806;ND;ND;10.93;1.480;1.478;0.081;13.97;0.262;480.9;2.1;2.6;3.1;0.289;ND;ND;ND;ND
7.852;28/02/2014;VALLE DEL CAUCA;FLORIDA;Caña Panelera;Establecido;Mas de 10 años;Plano;Buen drenaje;Gravedad;UREA;6.42;0.953;28.23;4.739;ND;ND;8.461;6.353;0.163;0.157;15.13;0.126;124;3.8;2.9;0.899;0.117;ND;ND;ND;ND
7.858;28/02/2014;VALLE DEL CAUCA;FLORIDA;Caña Panelera;Establecido;Mas de 10 años;Plano;Buen drenaje;Gravedad;UREA;6.51;1.179;15.69;4.884;ND;ND;8.311;6.538;0.172;0.141;15.16;0.083;115;3.900;4.8;0.899;0.117;ND;ND;ND;ND
7.859;28/02/2014;VALLE DEL CAUCA;FLORIDA;Caña Panelera;Establecido;Mas de 10 años;Plano;Buen drenaje;Gravedad;UREA;6.09;1.134;25.39;7.647;ND;ND;7.899;6.229;0.185;0.125;14.44;0.209;133;4.3;4;1.6;0.207;ND;ND;ND;ND
8.265;16/05/2014;NARIÑO;SANDONÁ;Caña Panelera;Establecido;De 1 a 5 años;Pendiente;Buen drenaje;No Tiene;15-15-15;6.1;0.606;4.297;5.826;ND;ND;12.28;5.427;0.246;0.081;18.03;0.366;16.7;1.799;15.2;0.700;0.129;ND;ND;ND;ND
8.283;16/05/2014;NARIÑO;SANDONÁ;Caña Panelera;Establecido;De 1 a 5 años;Ondulado;Buen drenaje;No indica;UREA 15-15-15;5.71;2.103;3.958;4.697;ND;ND;10.44;2.837;0.441;0.125;13.84;0.277;69.5;4.400;18.2;2;0.165;ND;ND;ND;ND
8.284;16/05/2014;NARIÑO;SANDONÁ;Caña Panelera;Establecido;De 1 a 5 años;Pendiente;Buen drenaje;No Tiene;15-15-15;6.08;1.604;2.165;2.016;ND;ND;16.43;9.159;0.316;0.108;26.02;0.093;12.1;2.800;6.899;0.4;0.093;ND;ND;ND;ND
8.285;16/05/2014;NARIÑO;SANDONÁ;Caña Panelera;Establecido;De 1 a 5 años;Pendiente;Buen drenaje;No Tiene;15-15-16;5.87;1.332;2.368;5.826;ND;ND;16.13;8.820;0.432;0.076;25.46;0.267;12;2.9;11.39;0.5;0.165;ND;ND;ND;ND
8.286;16/05/2014;NARIÑO;SANDONÁ;Caña Panelera;Establecido;De 1 a 5 años;Pendiente;Buen drenaje;No Tiene;15-15-17;5.55;3.645;18.80;4.979;ND;ND;15.76;6.723;0.72;0.054;23.25;0.212;21.09;2.9;11.79;1.2;0.093;ND;ND;ND;ND
8.346;16/05/2014;NARIÑO;SANDONÁ;Caña Panelera;Establecido;De 1 a 5 años;Ondulado;Buen drenaje;No indica;UREA 15-15-15;5.69;1.286;13.87;8.649;ND;ND;15.16;4.811;0.393;0.065;20.43;0.568;13.4;1.9;17.3;0.5;0.309;ND;ND;ND;ND
8.521;16/05/2014;NARIÑO;SANDONÁ;Caña Panelera;Establecido;De 1 a 5 años;Pendiente;Buen drenaje;No Tiene;15-15-15;5.57;3.191;19.32;7.379;ND;ND;12.61;3.700;0.809;0.038;17.16;0.454;27.7;3.7;9;1.2;0.237;ND;ND;ND;ND
8.522;16/05/2014;NARIÑO;SANDONÁ;Caña Panelera;Establecido;De 1 a 5 años;Ondulado;Buen drenaje;No Tiene;15-15-15;6.32;2.602;4.974;4.274;ND;ND;15.08;5.859;0.316;0.081;21.34;0.199;9.800;1.9;14.29;0.5;0.111;ND;ND;ND;ND
8.523;16/05/2014;NARIÑO;SANDONÁ;Caña Panelera;Establecido;De 1 a 5 años;Ondulado;Buen drenaje;No Tiene;15-15-15;5.65;2.103;74.10;4.556;ND;ND;15.20;5.859;0.528;0.048;21.63;0.335;10.5;1.799;7.9;2.6;0.165;ND;ND;ND;ND
8.739;16/05/2014;NARIÑO;SANDONÁ;Caña Panelera;Establecido;De 5 a 10 años;Pendiente;Buen drenaje;No Tiene;15-15-15;7.5;0.878;3.265;4.274;ND;ND;10.29;3.700;0.198;0.070;14.26;0.272;48.7;3.5;18.3;0.8;0.129;ND;ND;ND;ND
8.740;16/05/2014;NARIÑO;SANDONÁ;Caña Panelera;Establecido;De 1 a 5 años;Pendiente;Buen drenaje;No Tiene;15-15-15;7.75;1.513;4.449;5.121;ND;ND;17.59;6.106;0.419;0.184;24.30;0.275;14.1;2.4;21.09;1.9;0.093;ND;ND;ND;ND
8.741;16/05/2014;NARIÑO;SANDONÁ;Caña Panelera;Establecido;De 1 a 5 años;Pendiente;Buen drenaje;No Tiene;NO UTILIZA;5.9;1.876;2.554;5.121;ND;ND;10.74;5.366;0.192;0.184;16.48;0.234;39.30;3;18;0.899;0.165;ND;ND;ND;ND
8.742;16/05/2014;NARIÑO;SANDONÁ;Caña Panelera;Establecido;De 1 a 5 años;Pendiente;Buen drenaje;No Tiene;15-15-15;6.65;1.196;6.734;3.709;ND;ND;14.71;9.005;0.291;0.141;24.15;0.454;15.5;1.3;15;0.3;0.147;ND;ND;ND;ND
8.744;16/05/2014;NARIÑO;SANDONÁ;Caña Panelera;Establecido;De 1 a 5 años;Ondulado;Buen drenaje;No Tiene;15-15-15;7.88;0.515;2.740;2.439;ND;ND;16.58;8.367;0.355;0.141;25.45;0.232;12;1.799;9.200;0.5;0.093;ND;ND;ND;ND
8.745;16/05/2014;NARIÑO;SANDONÁ;Caña Panelera;Establecido;De 5 a 10 años;Pendiente;Buen drenaje;No Tiene;15-15-15;6.09;2.330;12.67;6.250;ND;ND;20.52;1.912;0.556;0.065;23.05;0.358;8.5;2.1;7.3;1;0.309;ND;ND;ND;ND
8.750;16/05/2014;NARIÑO;SANDONÁ;Caña Panelera;Establecido;De 1 a 5 años;Pendiente;Buen drenaje;No Tiene;UREA 15-15-15;6.11;2.284;2.621;3.568;ND;ND;8.274;3.084;0.176;0.038;11.57;0.209;46;2.6;13.4;0.5;0.309;ND;ND;ND;ND
8.751;16/05/2014;NARIÑO;SANDONÁ;Caña Panelera;Establecido;De 5 a 10 años;Plano;Buen drenaje;No Tiene;15-15-15;7.6;0.561;8.595;4.415;ND;ND;17.78;8.254;0.384;0.048;26.47;0.277;8.299;1.700;10.5;0.4;0.165;ND;ND;ND;ND
8.752;16/05/2014;NARIÑO;SANDONÁ;Caña Panelera;Establecido;De 1 a 5 años;Pendiente;Buen drenaje;No Tiene;15-15-15;6.48;1.559;2.892;3.568;ND;ND;13.59;5.674;0.211;0.054;19.53;0.260;17.8;2.5;7.4;0.5;0.129;ND;ND;ND;ND
8.753;16/05/2014;NARIÑO;SANDONÁ;Caña Panelera;Establecido;De 1 a 5 años;Pendiente;Buen drenaje;No Tiene;UREA 15-15-15;6.02;1.014;5.245;4.415;ND;ND;14.90;10.29;0.361;0.076;25.62;0.277;13.4;1.799;10.19;0.4;0.201;ND;ND;ND;ND
8.775;16/05/2014;NARIÑO;SANDONÁ;Caña Panelera;Establecido;De 1 a 5 años;Ondulado;Buen drenaje;No indica;15-15-15;5.92;5.142;2.063;2.721;ND;ND;12.99;9.622;0.505;0.114;23.23;0.381;8;1.799;9.5;0.6;0.219;ND;ND;ND;ND
9.969;22/04/2014;VALLE DEL CAUCA;TULUÁ;Caña Panelera;Establecido;Mas de 10 años;Plano;Buen drenaje;Gravedad;ÚERA-GALLINAZA-K;6.63;3.282;10.90;1.162;ND;ND;19.01;9.046;0.380;0.201;28.64;0.151;8.100;3.8;1.400;0.700;0.113;ND;ND;ND;ND
10.300;9/05/2014;CUNDINAMARCA;VILLETA;Caña Panelera;Establecido;Mas de 10 años;Plano;Buen drenaje;No indica;No indica;7.44;3.645;18.05;5.610;ND;ND;20.04;0.289;0.233;0.130;20.69;0.439;14;2.300;1.799;1.3;0.268;ND;ND;ND;ND
10.303;9/05/2014;CUNDINAMARCA;VILLETA;Caña Panelera;Establecido;Mas de 10 años;No indica;Buen drenaje;No indica;No indica;6.25;1.332;15.32;3.399;ND;ND;12.01;0.54;0.166;0.103;12.82;0.214;147;3.5;3.5;8.100;0.096;ND;ND;ND;ND
11.083;21/10/2015;NARIÑO;SANDONÁ;Caña Panelera;Establecido;De 1 a 5 años;Ondulado;Buen drenaje;No Tiene;No indica;5.55;4.565;1.344;2.943;ND;ND;8.502;2.261;0.251;0.477;11.49;0.227;601.0;5.96;7.5;3.531;0.166;ND;ND;ND;ND
11.781;10/11/2015;CUNDINAMARCA;LA PALMA;Caña Panelera;Establecido;De 1 a 5 años;Pendiente;Buen drenaje;No indica;No indica;5.68;11.48;18.76;9.462;ND;ND;6.756;1.091;0.430;0.072;8.351;0.452;90.69;1.589;3.030;2.328;0.315;ND;ND;ND;ND
11.932;12/11/2015;CUNDINAMARCA;LA PALMA;Caña Panelera;Establecido;De 1 a 5 años;Plano;Buen drenaje;No Tiene;TRIPLE 15;5.93;13.72;11.60;10.62;ND;ND;9.779;1.578;0.191;0.058;11.60;0.305;59.97;3.348;4.828;7.102;0.205;ND;ND;ND;ND
11.941;12/11/2015;CUNDINAMARCA;LA PALMA;Caña Panelera;Establecido;Mas de 10 años;Plano;Buen drenaje;No indica;No indica;5.19;10.23;6.282;3.552;0.619;0.153;0.626;0.199;0.308;0.089;1.843;0.188;102.3;4.32;2.323;1.958;0.147;ND;ND;ND;ND
12.403;6/11/2015;CÓRDOBA;LORICA;Caña Panelera;Establecido;De 0 a 1 año;Plano;Regular drenaje;No Tiene;DAP-KCL;5.65;3.080;3.469;21.35;ND;ND;21.10;5.842;0.378;1.471;28.80;0.670;253.3;10.63;8.371;2.305;0.344;ND;ND;ND;ND
12.944;25/09/2015;BOGOTÁ, D.C.;BOGOTÁ,  D.C.;Caña Panelera;Establecido;De 1 a 5 años;Ondulado;Regular drenaje;No Tiene;NO;5.05;7.24;16.04;5.86;0.601;0.37;1.913;0.483;0.185;0.526;3.711;0.453;284.8;3.56;3.561;3.226;0.27;ND;ND;ND;ND
13.747;2/10/2015;SANTANDER;SUAITA;Caña Panelera;Establecido;Mas de 10 años;Ondulado;Buen drenaje;No Tiene;DAP-KCL-PRODUMAC;5.56;6.83;17.68;0.901;ND;ND;12.36;1.660;0.308;0.082;14.41;0.303;667.5;1.591;9.615;5.518;0.326;ND;ND;ND;ND
13.769;5/10/2015;AMAZONAS;LETICIA;Caña Panelera;Establecido;No indica;Ondulado;Mal drenaje;No indica;Ninguno;4.400;4.236;5.104;8.474;9.479;7.688;0.765;0.625;0.357;0.144;11.37;0.263;646.4;2.020;13.12;1.371;0.102;ND;ND;ND;ND
13.770;5/10/2015;AMAZONAS;LETICIA;Caña Panelera;Establecido;No indica;Ondulado;Mal drenaje;No indica;Ninguno;4.45;1.109;5.514;3.733;8.991;6.385;1.219;0.825;0.244;0.166;11.44;0.221;342.2;1.468;23.91;1.085;0.127;ND;ND;ND;ND
13.927;25/09/2015;BOGOTÁ, D.C.;BOGOTÁ,  D.C.;Caña Panelera;Establecido;De 1 a 5 años;Ondulado;Regular drenaje;No Tiene;NO;4.940;7.37;6.87;6.38;0.682;0.52;0.985;0.267;<0.09;0.253;2.275;0.281;75.09;3.085;4.718;1.079;0.32;ND;ND;ND;ND
14.006;25/09/2015;BOGOTÁ, D.C.;BOGOTÁ,  D.C.;Caña Panelera;Establecido;De 1 a 5 años;Ondulado;Regular drenaje;No Tiene;NO;4.900;10.31;6.09;8.32;0.782;0.64;1.067;0.604;0.261;0.207;2.922;0.577;210.5;5.113;15.53;1.958;0.37;ND;ND;ND;ND
14.335;9/12/2015;BOYACÁ;TOGÜÍ;Caña Panelera;Establecido;No indica;Pendiente;No indica;No Tiene;SI (15-15-15);4.92;9.893;5.214;3.536;3.284;2.598;0.501;0.276;0.195;0.370;4.629;0.211;219.9;< 1.0;< 1.0;< 1.0;1.104;ND;ND;ND;ND
14.336;9/12/2015;SANTANDER;BARBOSA;Caña Panelera;Establecido;No indica;Pendiente;No indica;No Tiene;SI;4.97;5.933;5.870;11.46;4.321;3.897;0.513;0.225;0.147;0.397;5.605;0.170;485.0;< 1.0;< 1.0;1.121;0.179;ND;ND;ND;ND
14.338;9/12/2015;BOYACÁ;TOGÜÍ;Caña Panelera;Establecido;No indica;Plano;No indica;No Tiene;SI (15-15-15);4.650;9.336;7.181;10.79;4.600;3.557;1.236;0.742;0.300;0.334;7.214;0.380;372.6;2.389;5.891;2.644;0.908;ND;ND;ND;ND
14.339;9/12/2015;BOYACÁ;TOGÜÍ;Caña Panelera;Establecido;No indica;Plano;No indica;No Tiene;SI (18-18-18);4.889;5.326;18.07;8.598;2.486;2.206;0.599;0.266;0.238;0.119;3.710;0.298;350.8;1.532;1.955;1.191;0.964;ND;ND;ND;ND
14.340;9/12/2015;BOYACÁ;TOGÜÍ;Caña Panelera;Establecido;No indica;Ondulado;No indica;No Tiene;SI (18-18-18);4.51;7.375;13.28;9.611;4.590;3.948;4.039;0.795;0.260;0.225;9.911;0.718;916.0;3.266;15.70;7.473;0.403;ND;ND;ND;ND
14.341;9/12/2015;BOYACÁ;TOGÜÍ;Caña Panelera;Establecido;No indica;Pendiente;No indica;No Tiene;SI (15-15-159;4.269;9.286;18.19;9.611;9.170;7.578;1.082;0.497;0.325;0.254;11.33;0.524;2657.;4.258;2.761;5.434;0.908;ND;ND;ND;ND
14.343;9/12/2015;BOYACÁ;TOGÜÍ;Caña Panelera;Establecido;No indica;Plano;No indica;No Tiene;SI (10-20-20);5;3.302;21.85;8.598;1.854;1.371;4.528;1.178;0.131;0.120;7.813;0.234;428.2;2.625;20.04;38.89;0.207;ND;ND;ND;ND
14.344;9/12/2015;BOYACÁ;TOGÜÍ;Caña Panelera;Establecido;No indica;Plano;No indica;No Tiene;SI (15-15-15);4.82;5.149;15.92;8.936;2.207;1.495;6.941;1.409;0.224;0.210;10.99;0.433;834.4;4.147;17.19;6.703;0.627;ND;ND;ND;ND
14.345;9/12/2015;BOYACÁ;TOGÜÍ;Caña Panelera;Establecido;No indica;Plano;No indica;No Tiene;SI (10-20-30);5.88;5.250;16.55;5.730;ND;ND;10.01;0.846;0.189;0.476;11.52;0.270;288.3;1.245;2.446;3.068;0.319;ND;ND;ND;ND
14.348;9/12/2015;BOYACÁ;TOGÜÍ;Caña Panelera;Establecido;No indica;Ondulado;No indica;No Tiene;SI (15-15-15);4.58;4.213;4.737;8.430;7.087;6.382;2.769;0.492;0.283;0.394;11.02;0.295;603.8;< 1.0;5.091;2.570;0.515;ND;ND;ND;ND
14.350;9/12/2015;SANTANDER;BARBOSA;Caña Panelera;Establecido;No indica;Plano;No indica;No Tiene;No indica;6.83;10.80;61.54;6.742;ND;ND;11.56;2.540;0.719;0.440;15.26;1.119;93.01;< 1.0;4.969;5.291;0.599;ND;ND;ND;ND
14.351;9/12/2015;BOYACÁ;TOGÜÍ;Caña Panelera;Establecido;No indica;Ondulado;No indica;No Tiene;SI (15-15-15);4.519;8.122;8.790;12.98;6.403;5.175;2.116;0.344;0.194;0.202;9.261;0.327;1146.;1.137;6.463;1.079;0.879;ND;ND;ND;ND
14.357;9/12/2015;BOYACÁ;TOGÜÍ;Caña Panelera;Establecido;No indica;Ondulado;No indica;No Tiene;SI (15-15-15);4.58;5.022;17.23;9.105;7.471;6.351;2.129;0.358;0.261;0.462;10.68;0.313;492.7;1.958;2.774;4.027;0.571;ND;ND;ND;ND
14.360;9/12/2015;SANTANDER;BARBOSA;Caña Panelera;Establecido;No indica;Pendiente;No indica;No Tiene;SI;5.04;2.644;2.234;4.718;1.844;1.443;0.340;0.232;<0.09;0.361;2.864;0.337;221.3;< 1.0;< 1.0;< 1.0;0.179;ND;ND;ND;ND
14.361;9/12/2015;SANTANDER;SAN BENITO;Caña Panelera;Establecido;No indica;Ondulado;No indica;No Tiene;SI (15-15-15);6.57;5.643;12.84;7.417;ND;ND;17.03;1.330;0.226;0.216;18.80;0.327;74.40;1.946;2.156;6.169;0.319;ND;ND;ND;ND
14.362;9/12/2015;SANTANDER;SAN BENITO;Caña Panelera;Establecido;No indica;Ondulado;No indica;No Tiene;SI;7.3;3.872;12.94;3.030;ND;ND;37.09;1.080;0.190;0.185;38.55;1.474;23.76;7.76;3.536;34.38;0.936;ND;ND;ND;ND
14.363;9/12/2015;SANTANDER;SAN BENITO;Caña Panelera;Establecido;No indica;Ondulado;No indica;No Tiene;No indica;6.34;6.352;23.34;6.067;ND;ND;15.58;1.484;0.478;0.189;17.73;0.254;118.1;2.544;5.834;< 1.0;0.319;ND;ND;ND;ND
14.364;9/12/2015;SANTANDER;SAN BENITO;Caña Panelera;Establecido;No indica;Ondulado;No indica;No Tiene;SI;6.85;7.515;25.32;10.45;ND;ND;40.83;3.202;0.487;0.453;44.97;0.916;78.54;2.038;2.503;< 1.0;0.431;ND;ND;ND;ND
14.365;9/12/2015;SANTANDER;SAN BENITO;Caña Panelera;Establecido;No indica;Plano;No indica;No Tiene;SI;8.02;8.881;7.598;6.067;ND;ND;42.46;0.924;0.434;0.209;44.03;0.911;21.17;1.097;1.512;1.199;0.543;ND;ND;ND;ND
14.366;9/12/2015;SANTANDER;SAN BENITO;Caña Panelera;Establecido;No indica;Ondulado;No indica;No Tiene;SI;8.08;3.934;5.661;5.899;ND;ND;40.60;1.301;0.182;0.517;42.60;0.839;36.48;1.373;3.63;2.043;0.319;ND;ND;ND;ND
14.367;9/12/2015;SANTANDER;SAN BENITO;Caña Panelera;Establecido;No indica;Ondulado;No indica;No Tiene;NO;7.52;8.173;36.42;24.79;ND;ND;38.28;1.806;0.228;0.173;40.49;1.020;33.18;1.227;1.228;2.117;0.908;ND;ND;ND;ND
14.368;9/12/2015;SANTANDER;SAN BENITO;Caña Panelera;Establecido;No indica;Pendiente;No indica;No Tiene;SI;6.75;6.604;109.8;3.030;ND;ND;36.63;1.607;0.284;0.174;38.70;0.333;23.48;4.998;1.426;150.9;0.403;ND;ND;ND;ND
14.369;9/12/2015;SANTANDER;SAN BENITO;Caña Panelera;Establecido;No indica;Ondulado;No indica;No Tiene;SI;5.61;3.606;5.050;3.874;ND;ND;10.85;2.483;0.493;0.143;13.97;0.294;714.8;3.809;5.304;3.911;0.179;ND;ND;ND;ND
14.370;9/12/2015;SANTANDER;SAN BENITO;Caña Panelera;Establecido;No indica;Plano;No indica;No Tiene;SI (15-15-15);5.95;4.086;2.816;7.249;ND;ND;14.60;1.270;0.711;0.223;16.80;0.207;947.8;4.647;6.021;5.419;0.263;ND;ND;ND;ND
14.371;9/12/2015;BOYACÁ;CHITARAQUE;Caña Panelera;Establecido;No indica;No indica;No indica;No Tiene;NO;5.44;5.390;12.67;3.199;2.290;1.979;9.850;2.244;0.262;0.200;14.84;0.200;2658.;3.504;49.59;15.38;0.235;ND;ND;ND;ND
14.372;9/12/2015;BOYACÁ;TOGÜÍ;Caña Panelera;Establecido;No indica;Plano;No indica;No Tiene;SI (10-20-20);4.74;4.845;7.389;6.405;5.678;4.990;0.265;0.165;0.120;0.376;6.605;0.193;527.1;< 1.0;2.248;< 1.0;0.179;ND;ND;ND;ND
14.373;9/12/2015;SANTANDER;GÜEPSA;Caña Panelera;Establecido;No indica;Pendiente;No indica;No Tiene;SI (15-15-15) UREA;7.82;6.352;33.65;5.899;ND;ND;17.23;0.649;0.135;0.244;18.26;0.912;65.99;1.779;2.323;3.206;1.076;ND;ND;ND;ND
14.375;9/12/2015;BOYACÁ;TOGÜÍ;Caña Panelera;Establecido;No indica;Pendiente;No indica;No Tiene;SI (12-24-24);6.01;8.122;33.35;2.186;ND;ND;21.06;0.877;0.395;0.518;22.85;0.355;301.2;7.442;8.446;43.29;0.347;ND;ND;ND;ND
14.376;9/12/2015;BOYACÁ;TOGÜÍ;Caña Panelera;Establecido;No indica;Plano;No indica;No Tiene;SI (18-18-18);4.76;6.135;24.94;5.224;2.839;2.350;1.274;0.384;0.213;0.380;5.092;0.379;240.6;< 1.0;2.294;1.589;0.207;ND;ND;ND;ND
14.378;9/12/2015;BOYACÁ;CHITARAQUE;Caña Panelera;Establecido;No indica;No indica;No indica;No Tiene;NO;5.22;10.55;9.580;3.199;2.010;1.309;2.360;0.224;0.105;0.193;4.892;0.348;655.0;2.006;5.605;1.663;0.487;ND;ND;ND;ND
14.379;9/12/2015;SANTANDER;BARBOSA;Caña Panelera;Establecido;No indica;Ondulado;No indica;No Tiene;SI;6.52;5.300;5.393;3.536;ND;ND;65.62;0.733;0.252;0.463;67.07;0.210;23.45;< 1.0;1.724;< 1.0;1.076;ND;ND;ND;ND
14.438;9/12/2015;SANTANDER;SAN BENITO;Caña Panelera;Establecido;No indica;Plano;No indica;No Tiene;No indica;8;5.846;16.62;6.574;ND;ND;30.95;1.218;0.209;0.198;32.57;0.895;34.79;2.918;2.726;7.488;0.683;ND;ND;ND;ND
14.444;16/12/2015;SANTANDER;BARBOSA;Caña Panelera;Establecido;No indica;Pendiente;No indica;No Tiene;SI (15-15-15);6.78;11.57;95.31;34.25;ND;ND;3.604;0.898;0.214;0.267;4.984;1.214;172.3;23.46;< 1.0;9.200;0.649;ND;ND;ND;ND
14.465;16/12/2015;SANTANDER;BARBOSA;Caña Panelera;Establecido;No indica;Ondulado;No indica;No Tiene;NO;5.37;5.786;3.601;4.322;0.278;0.143;5.117;1.218;0.189;0.213;7.016;0.206;804.3;1.839;30.46;2.847;0.187;ND;ND;ND;ND
14.466;16/12/2015;SANTANDER;BARBOSA;Caña Panelera;Establecido;No indica;Plano;No indica;No Tiene;NO;5.33;2.391;5.483;3.374;0.916;0.574;14.37;2.664;2.071;0.170;20.19;0.229;638.1;1.393;6.112;2.593;0.455;ND;ND;ND;ND
14.469;16/12/2015;SANTANDER;BARBOSA;Caña Panelera;Establecido;No indica;Ondulado;No indica;No Tiene;NO;7;10.57;6.899;8.587;ND;ND;12.79;2.208;0.187;0.178;15.37;0.553;49.51;< 1.0;7.440;1.670;0.406;ND;ND;ND;ND
14.470;16/12/2015;BOYACÁ;TOGÜÍ;Caña Panelera;Establecido;No indica;Pendiente;No indica;No Tiene;SI (15-15-15);4.940;4.339;26.35;6.692;4.212;3.875;6.317;1.180;0.538;0.204;12.45;0.250;854.7;2.293;5.850;3.706;0.333;ND;ND;ND;ND
14.472;16/12/2015;SANTANDER;CHIPATÁ;Caña Panelera;Establecido;No indica;Ondulado;No indica;No Tiene;NO;7.02;10.30;40.51;8.903;ND;ND;19.06;2.871;0.618;0.253;22.80;0.574;61.2;< 1.0;3.149;3.957;0.138;ND;ND;ND;ND
14.476;16/12/2015;BOYACÁ;SANTANA;Caña Panelera;Establecido;No indica;Ondulado;No indica;No Tiene;No indica;4.47;7.309;10.07;4.638;3.512;2.501;6.749;1.431;0.543;0.184;12.42;0.218;378.4;< 1.0;1.748;< 1.0;0.138;ND;ND;ND;ND
14.478;16/12/2015;BOYACÁ;SANTANA;Caña Panelera;Establecido;No indica;Pendiente;No indica;No Tiene;No indica;5.08;12.25;49.20;3.848;3.625;2.562;3.394;0.760;<0.09;0.169;7.968;0.257;340.9;< 1.0;6.519;1.575;0.333;ND;ND;ND;ND
14.479;16/12/2015;SANTANDER;GÜEPSA;Caña Panelera;Establecido;No indica;Ondulado;No indica;No Tiene;NO;7.62;8.941;25.21;8.429;ND;ND;4.962;2.289;0.193;0.171;7.617;0.918;30.87;< 1.0;2.791;2.262;0.284;ND;ND;ND;ND
14.480;16/12/2015;BOYACÁ;SANTANA;Caña Panelera;Establecido;No indica;Pendiente;No indica;No Tiene;NO;4.72;4.496;5.800;3.216;5.417;4.531;6.866;1.879;0.149;0.191;14.50;0.215;792.8;1.453;17.58;2.389;0.138;ND;ND;ND;ND
14.481;16/12/2015;BOYACÁ;TOGÜÍ;Caña Panelera;Establecido;No indica;Plano;No indica;No Tiene;SI (18-18-18);4.7;6.730;9.655;3.532;2.945;2.429;0.561;0.070;0.265;0.071;3.914;0.314;892.0;2.883;12.62;2.760;0.163;ND;ND;ND;ND
14.482;16/12/2015;SANTANDER;BARBOSA;Caña Panelera;Establecido;No indica;Ondulado;No indica;No Tiene;NO;5.97;6.572;8.872;10.64;ND;ND;18.02;3.110;0.462;0.200;21.79;0.416;265.9;< 1.0;2.145;1.371;0.187;ND;ND;ND;ND
14.488;16/12/2015;BOYACÁ;TOGÜÍ;Caña Panelera;Establecido;No indica;Pendiente;No indica;No Tiene;SI (15-15-15);4.84;10.94;9.821;3.690;4.562;3.454;7.048;1.735;0.426;0.129;13.90;0.176;939.6;1.319;4.961;1.968;0.187;ND;ND;ND;ND
14.489;16/12/2015;SANTANDER;GÜEPSA;Caña Panelera;Establecido;No indica;Pendiente;No indica;No Tiene;NO;7.56;9.520;22.44;3.374;ND;ND;7.576;2.244;0.175;0.241;10.23;0.778;15.77;< 1.0;1.873;< 1.0;0.163;ND;ND;ND;ND
14.543;16/12/2015;BOYACÁ;TOGÜÍ;Caña Panelera;Establecido;No indica;Pendiente;No indica;No Tiene;SI (15-15-15);5.56;4.707;2.983;4.796;ND;ND;0.672;0.052;<0.09;0.138;0.909;0.144;750.8;< 1.0;< 1.0;1.046;0.382;ND;ND;ND;ND
14.546;16/12/2015;SANTANDER;SAN BENITO;Caña Panelera;Establecido;No indica;Ondulado;No indica;No Tiene;NO;4.769;5.993;8.526;4.796;3.512;2.634;6.516;0.834;0.134;0.129;11.12;0.337;1083.;3.847;5.774;4.977;0.163;ND;ND;ND;ND
14.548;16/12/2015;BOYACÁ;SANTANA;Caña Panelera;Establecido;No indica;Ondulado;No indica;No Tiene;NO;6.04;6.151;16.13;3.848;ND;ND;13.08;1.503;0.274;0.153;15.01;0.471;629.6;1.993;2.858;3.796;0.138;ND;ND;ND;ND
14.549;16/12/2015;BOYACÁ;SANTANA;Caña Panelera;Establecido;No indica;Pendiente;No indica;No Tiene;NO;4.42;6.835;9.158;5.112;13.96;12.15;1.179;0.132;0.169;0.108;15.55;0.247;959.3;< 1.0;1.290;1.337;0.284;ND;ND;ND;ND
14.550;16/12/2015;BOYACÁ;SANTANA;Caña Panelera;Establecido;No indica;Ondulado;No indica;No Tiene;NO;5.21;11.88;28.25;7.008;1.843;1.127;8.329;0.627;0.412;0.241;11.45;0.222;193.6;1.303;1.366;2.431;0.138;ND;ND;ND;ND
14.551;16/12/2015;SANTANDER;SAN BENITO;Caña Panelera;Establecido;No indica;Ondulado;No indica;No Tiene;SDI;7.33;11.15;28.31;4.006;ND;ND;11.98;0.581;0.247;0.109;12.92;0.709;33.96;< 1.0;5.939;1.131;0.211;ND;ND;ND;ND
14.552;16/12/2015;BOYACÁ;SANTANA;Caña Panelera;Establecido;No indica;Ondulado;No indica;No Tiene;NO;4.75;16.20;9.670;9.535;3.471;2.603;0.656;0.088;0.110;0.154;4.481;0.302;186.0;< 1.0;1.804;1.603;0.187;ND;ND;ND;ND
14.553;16/12/2015;BOYACÁ;SANTANA;Caña Panelera;Establecido;No indica;Ondulado;No indica;No Tiene;SI;4.25;5.233;24.09;9.377;5.252;4.049;1.808;0.132;0.363;0.179;7.736;0.534;888.5;1.187;1.584;1.436;0.163;ND;ND;ND;ND
14.554;16/12/2015;SANTANDER;GÜEPSA;Caña Panelera;Establecido;No indica;Pendiente;No indica;No Tiene;NO;5.46;5.572;6.643;5.902;0.308;0;18.51;0.959;0.285;0.172;20.24;0.268;334.1;1.036;6.258;4.131;0.138;ND;ND;ND;ND
14.555;16/12/2015;SANTANDER;GÜEPSA;Caña Panelera;Establecido;No indica;Ondulado;No indica;No Tiene;NO;5.83;7.888;12.68;4.006;ND;ND;10.25;1.007;0.333;0.192;11.78;0.247;150.6;< 1.0;2.187;6.898;0.357;ND;ND;ND;ND
14.557;16/12/2015;BOYACÁ;SANTANA;Caña Panelera;Establecido;No indica;Ondulado;No indica;No Tiene;NO;4.7;6.392;5.679;5.428;4.573;3.721;5.782;0.163;0.137;0.117;10.77;0.215;884.5;1.381;3.812;3.214;0.163;ND;ND;ND;ND
14.558;16/12/2015;BOYACÁ;SANTANA;Caña Panelera;Establecido;No indica;Pendiente;No indica;No Tiene;NO;4.59;9.204;6.598;7.166;4.181;2.880;7.785;0.127;0.186;0.132;12.41;0.246;711.1;< 1.0;3.705;1.524;0.382;ND;ND;ND;ND
14.559;16/12/2015;SANTANDER;GÜEPSA;Caña Panelera;Establecido;No indica;Ondulado;No indica;No Tiene;NO;6.81;7.151;12.12;5.270;ND;ND;7.051;0.365;0.313;0.184;7.914;0.255;51.91;< 1.0;< 1.0;< 1.0;0.430;ND;ND;ND;ND
14.560;16/12/2015;BOYACÁ;SANTANA;Caña Panelera;Establecido;No indica;Ondulado;No indica;No Tiene;NO;6.25;19.46;16.95;4.480;ND;ND;3.343;0.340;0.247;0.142;4.074;0.621;784.7;< 1.0;5.402;3.966;0.163;ND;ND;ND;ND
14.561;16/12/2015;BOYACÁ;SANTANA;Caña Panelera;Establecido;No indica;Ondulado;No indica;No Tiene;SI;4.32;8.046;10.22;5.112;4.655;3.198;3.313;0.126;0.171;0.258;8.525;0.311;986.8;1.431;3.096;1.524;0.284;ND;ND;ND;ND
14.565;16/12/2015;BOYACÁ;SANTANA;Caña Panelera;Establecido;No indica;Ondulado;No indica;No Tiene;SI;4.519;11.41;9.173;3.532;6.612;4.931;0.983;0.311;0.313;0.114;8.334;0.284;2572.;1.482;2.605;1.804;0.138;ND;ND;ND;ND
14.567;16/12/2015;BOYACÁ;SANTANA;Caña Panelera;Establecido;No indica;Ondulado;No indica;No Tiene;SI;4.980;5.220;19.73;4.796;1.699;0.768;1.358;0.319;0.317;0.105;3.801;0.275;978.9;2.185;9.945;7.053;0.260;ND;ND;ND;ND
14.568;16/12/2015;BOYACÁ;SANTANA;Caña Panelera;Establecido;No indica;No indica;No indica;No Tiene;NO;4.46;6.519;12.86;8.271;4.779;3.444;3.265;0.345;0.151;0.141;8.682;0.239;904.5;< 1.0;2.343;1.399;0.236;ND;ND;ND;ND
14.591;16/12/2015;SANTANDER;GÜEPSA;Caña Panelera;Establecido;No indica;Pendiente;No indica;No Tiene;NO;6.84;8.572;20.57;10.00;ND;ND;1.289;0.585;0.138;0.133;2.147;0.420;75.19;1.082;1.448;3.101;0.211;ND;ND;ND;ND
14.593;16/12/2015;SANTANDER;SAN BENITO;Caña Panelera;Establecido;No indica;Ondulado;No indica;No Tiene;NO;7.77;5.361;22.51;19.64;ND;ND;3.280;1.391;0.167;0.097;4.937;0.859;87.81;3.508;< 1.0;1.968;0.576;ND;ND;ND;ND
14.594;16/12/2015;SANTANDER;SAN BENITO;Caña Panelera;Establecido;No indica;Ondulado;No indica;No Tiene;NO;7.07;2.812;6.312;5.902;ND;ND;9.699;2.446;0.160;0.134;12.43;0.260;479.2;2.765;11.11;2.892;0.211;ND;ND;ND;ND
14.595;16/12/2015;BOYACÁ;SANTANA;Caña Panelera;Establecido;No indica;Pendiente;No indica;No Tiene;SI;4.83;11.73;5.679;3.216;2.811;2.614;10.12;2.180;0.224;0.171;15.50;0.194;1068.;1.393;3.730;1.535;0.163;ND;ND;ND;ND
14.596;16/12/2015;SANTANDER;GÜEPSA;Caña Panelera;Establecido;No indica;No indica;No indica;No Tiene;NO;6.68;8.414;13.28;4.480;ND;ND;15.27;2.204;1.120;0.272;18.87;0.452;35.13;< 1.0;4.435;1.917;0.236;ND;ND;ND;ND
14.601;16/12/2015;SANTANDER;BARBOSA;Caña Panelera;Establecido;No indica;Ondulado;No indica;No Tiene;NO;4.730;4.602;4.610;3.374;6.787;5.331;3.489;0.388;0.256;0.237;11.15;0.303;866.7;1.922;6.375;2.871;0.138;ND;ND;ND;ND
14.602;16/12/2015;SANTANDER;BARBOSA;Caña Panelera;Establecido;No indica;Ondulado;No indica;No Tiene;NO;6.92;5.572;47.51;8.113;ND;ND;19.40;1.335;0.238;0.085;21.06;0.382;176.5;1.617;3.935;1.649;0.138;ND;ND;ND;ND
14.604;16/12/2015;BOYACÁ;TOGÜÍ;Caña Panelera;Establecido;No indica;Plano;No indica;No Tiene;SI;4.610;17.99;4.188;4.480;4.058;2.768;3.469;0.013;0.094;0.477;8.112;0.350;220.7;< 1.0;1.784;3.277;0.187;ND;ND;ND;ND
14.613;16/12/2015;SANTANDER;BARBOSA;Caña Panelera;Establecido;No indica;Ondulado;No indica;No Tiene;NO;5.03;6.203;4.113;3.374;3.316;2.614;4.649;0.793;0.223;0.142;9.125;0.214;1097.;2.980;83.79;2.604;0.163;ND;ND;ND;ND
14.614;16/12/2015;BOYACÁ;TOGÜÍ;Caña Panelera;Establecido;No indica;Pendiente;No indica;No Tiene;SI (15-15-15);4.58;7.151;18.70;6.850;6.025;5.290;1.317;0.225;0.258;0.188;8.015;0.228;866.6;14.57;4.666;13.12;0.406;ND;ND;ND;ND
14.615;16/12/2015;BOYACÁ;TOGÜÍ;Caña Panelera;Establecido;No indica;Ondulado;No indica;No Tiene;SI (10-20-20);4.72;13.67;6.538;10.32;3.738;3.034;8.676;0.069;0.214;0.708;13.40;0.258;1104.;1.756;2.443;2.534;0.357;ND;ND;ND;ND
14.617;16/12/2015;BOYACÁ;TOGÜÍ;Caña Panelera;Establecido;No indica;Pendiente;No indica;No Tiene;SI (18-18-18);4.55;11.94;15.27;7.797;4.573;3.536;1.137;0.006;0.324;0.111;6.153;0.313;351.8;2.141;3.513;1.381;0.187;ND;ND;ND;ND
14.618;16/12/2015;SANTANDER;SAN BENITO;Caña Panelera;Establecido;No indica;Ondulado;No indica;No Tiene;NO;7.9;4.992;10.86;4.322;ND;ND;5.821;0.251;0.157;0.126;6.355;0.263;1563.;2.974;2.814;2.928;0.528;ND;ND;ND;ND
14.619;16/12/2015;SANTANDER;SAN BENITO;Caña Panelera;Establecido;No indica;Ondulado;No indica;No Tiene;NO;7.64;4.891;56.92;7.008;ND;ND;13.67;0.906;0.321;0.087;14.99;0.857;53.21;2.783;< 1.0;8.458;0.211;ND;ND;ND;ND
14.620;16/12/2015;SANTANDER;SAN BENITO;Caña Panelera;Establecido;No indica;Ondulado;No indica;No Tiene;SI;5.28;4.075;7.080;4.954;2.173;1.394;8.150;0.981;<0.09;0.087;11.47;0.207;847.9;3.130;1.673;2.645;0.138;ND;ND;ND;ND
14.621;16/12/2015;BOYACÁ;SANTANA;Caña Panelera;Establecido;No indica;No indica;No indica;No Tiene;NO;4.440;6.466;20.54;3.216;5.170;3.834;0.171;0.101;<0.09;0.142;5.647;0.220;841.0;2.313;14.46;1.816;0.138;ND;ND;ND;ND
14.628;16/12/2015;SANTANDER;SAN BENITO;Caña Panelera;Establecido;No indica;Ondulado;No indica;No Tiene;SI (15-15-15);4.980;4.312;7.215;4.006;4.295;3.680;2.796;0.402;0.189;0.132;7.817;0.175;674.8;2.323;2.44;1.577;0.309;ND;ND;ND;ND
14.630;16/12/2015;SANTANDER;SAN BENITO;Caña Panelera;Establecido;No indica;Ondulado;No indica;No Tiene;No indica;6.56;3.996;12.05;4.322;ND;ND;17.07;1.058;0.119;0.161;18.41;0.333;287.6;3.612;3.296;6.362;0.138;ND;ND;ND;ND
14.631;16/12/2015;SANTANDER;SAN BENITO;Caña Panelera;Establecido;No indica;Ondulado;No indica;No Tiene;No indica;8.11;7.941;11.16;4.954;ND;ND;23.07;0.819;0.168;0.093;24.15;0.896;29.43;8.5;1.274;59.42;0.479;ND;ND;ND;ND
14.634;16/12/2015;SANTANDER;SAN BENITO;Caña Panelera;Establecido;No indica;Ondulado;No indica;No Tiene;SI;5.39;5.970;7.396;9.535;0.381;0;14.15;1.157;0.149;0.150;15.99;0.373;839.1;5.517;6.621;27.43;0.138;ND;ND;ND;ND
14.635;16/12/2015;SANTANDER;SAN BENITO;Caña Panelera;Establecido;No indica;Ondulado;No indica;No Tiene;SI;5.26;4.391;11.92;3.374;3.337;2.552;9.350;0.159;0.231;0.118;13.19;0.194;641.1;2.586;2.214;4.746;0.138;ND;ND;ND;ND
14.636;16/12/2015;SANTANDER;SAN BENITO;Caña Panelera;Establecido;No indica;Ondulado;No indica;No Tiene;SI;5.15;4.339;19.15;6.534;2.451;2.245;5.882;1.069;0.889;0.103;10.39;0.299;676.9;2.71;4.165;4.387;0.382;ND;ND;ND;ND
14.638;16/12/2015;SANTANDER;SAN BENITO;Caña Panelera;Establecido;No indica;Ondulado;No indica;No Tiene;SI (18-18-18);8.06;6.760;3.571;11.43;ND;ND;21.45;0.611;0.193;0.154;22.41;0.974;37.95;1.393;2.319;2.288;0.163;ND;ND;ND;ND
14.639;16/12/2015;SANTANDER;SAN BENITO;Caña Panelera;Establecido;No indica;Ondulado;No indica;No Tiene;SI (18-18-18);5.17;4.677;26.38;10.64;3.131;2.306;11.26;1.690;0.231;0.125;16.43;0.209;608.2;5.995;3.462;4.854;0.138;ND;ND;ND;ND
14.640;16/12/2015;SANTANDER;SAN BENITO;Caña Panelera;Establecido;No indica;Ondulado;No indica;No Tiene;SI (18-18-18);7.16;6.940;32.69;10.79;ND;ND;2.074;0.757;0.106;0.107;3.045;0.970;74.39;5.482;2.282;46.36;0.187;ND;ND;ND;ND
14.641;16/12/2015;SANTANDER;SAN BENITO;Caña Panelera;Establecido;No indica;Ondulado;No indica;No Tiene;NO;8.15;6.155;10.87;5.744;ND;ND;22.31;0.749;0.237;0.180;23.48;0.893;43.73;4.003;2.642;1.587;0.138;ND;ND;ND;ND
14.642;16/12/2015;SANTANDER;SAN BENITO;Caña Panelera;Establecido;No indica;Ondulado;No indica;No Tiene;NO;7.98;6.550;9.083;3.690;ND;ND;18.09;0.565;0.137;0.099;18.89;0.899;41.81;1.262;2.085;1.204;0.211;ND;ND;ND;ND
14.643;16/12/2015;SANTANDER;SAN BENITO;Caña Panelera;Establecido;No indica;Ondulado;No indica;No Tiene;SI (18-18-18);8.41;3.338;2.577;12.85;ND;ND;19.37;0.926;<0.09;0.081;20.40;0.797;6.916;11.17;< 1.0;71.35;0.163;ND;ND;ND;ND
14.645;9/12/2015;SANTANDER;SAN BENITO;Caña Panelera;Establecido;No indica;Ondulado;No indica;No Tiene;NO;6.41;4.440;6.823;22.94;ND;ND;16.12;2.109;0.257;0.255;18.74;0.309;216.3;3.458;3.024;8.604;1.076;ND;ND;ND;ND
14.646;9/12/2015;SANTANDER;SAN BENITO;Caña Panelera;Establecido;No indica;Ondulado;No indica;No Tiene;SI (15-15-15);5.76;3.859;9.401;6.405;ND;ND;14.56;1.705;0.423;0.168;16.86;0.387;455.7;5.615;2.675;18.82;0.711;ND;ND;ND;ND
14.652;4/12/2015;SANTANDER;CHIPATÁ;Caña Panelera;Establecido;No indica;Pendiente;No indica;No Tiene;SI;8.039;7.223;1.251;7.249;ND;ND;44.50;1.043;0.421;0.316;46.28;0.859;21.68;< 1.0;5.859;1.482;0.235;ND;ND;ND;ND
14.653;4/12/2015;SANTANDER;SAN BENITO;Caña Panelera;Establecido;No indica;Ondulado;No indica;No Tiene;SI;4.769;4.794;2.264;6.236;3.937;2.856;7.828;1.010;0.297;0.272;13.34;0.272;1120.;5.198;4.044;12.13;0.767;ND;ND;ND;ND
14.655;4/12/2015;BOYACÁ;SANTANA;Caña Panelera;Establecido;No indica;Ondulado;No indica;No Tiene;SI  (15-15-15);5.4;4.390;1.683;5.561;0.735;0.309;8.906;1.664;0.175;0.226;11.70;0.208;477.6;2.17;56.60;6.312;0.179;ND;ND;ND;ND
14.656;4/12/2015;BOYACÁ;SANTANA;Caña Panelera;Establecido;No indica;Ondulado;No indica;No Tiene;SI;5.15;2.821;27.19;5.561;2.310;1.618;5.647;0.459;0.267;0.354;9.040;0.249;1017.;< 1.0;1.680;< 1.0;0.207;ND;ND;ND;ND
14.659;4/12/2015;SANTANDER;CHIPATÁ;Caña Panelera;Establecido;No indica;Ondulado;No indica;No Tiene;SI;7.24;8.943;53.18;7.249;ND;ND;36.68;1.766;0.482;0.348;39.27;0.603;55.40;2.419;6.158;8.439;0.375;ND;ND;ND;ND
14.660;4/12/2015;SANTANDER;SAN BENITO;Caña Panelera;Establecido;No indica;Ondulado;No indica;No Tiene;SI;7.82;8.892;1.563;7.755;ND;ND;84.22;1.010;0.335;0.200;85.77;1.142;23.52;< 1.0;1.489;2.024;0.459;ND;ND;ND;ND
14.661;4/12/2015;BOYACÁ;SANTANA;Caña Panelera;Establecido;No indica;Ondulado;No indica;No Tiene;NO;4.84;3.277;9.684;10.62;3.585;2.515;5.268;0.860;0.236;0.218;10.16;0.230;562.5;1.617;25.26;2.038;0.375;ND;ND;ND;ND
14.663;4/12/2015;SANTANDER;CHIPATÁ;Caña Panelera;Establecido;No indica;Ondulado;No indica;No Tiene;SI;4.53;4.289;1.832;18.04;6.383;4.794;3.809;0.546;0.292;0.333;11.36;0.321;1265.;3.995;12.94;5.365;0.319;ND;ND;ND;ND
14.664;4/12/2015;SANTANDER;SAN BENITO;Caña Panelera;Establecido;No indica;Ondulado;No indica;No Tiene;SI;6.46;8.375;14.60;11.13;ND;ND;28.64;2.086;0.383;0.294;31.41;0.335;91.47;< 1.0;12.34;8.185;0.235;ND;ND;ND;ND
14.666;4/12/2015;SANTANDER;CHIPATÁ;Caña Panelera;Establecido;No indica;Ondulado;No indica;No Tiene;SI;5.44;4.542;7.166;7.586;0.797;0.505;7.985;0.445;0.167;0.207;9.604;0.290;972.9;1.078;11.37;1.778;0.207;ND;ND;ND;ND
14.667;4/12/2015;SANTANDER;CHIPATÁ;Caña Panelera;Establecido;No indica;Ondulado;No indica;No Tiene;SI;4.84;5.832;2.249;5.224;5.149;3.825;2.263;0.173;0.173;0.607;8.367;0.205;1604.;2.518;6.865;1.161;0.459;ND;ND;ND;ND
14.675;4/12/2015;SANTANDER;SAN BENITO;Caña Panelera;Establecido;No indica;Ondulado;No indica;No Tiene;SI;6.84;7.262;3.680;5.561;ND;ND;12.50;0.580;0.237;0.250;13.57;0.534;49.58;< 1.0;2.206;2.452;0.571;ND;ND;ND;ND
14.677;4/12/2015;SANTANDER;SAN BENITO;Caña Panelera;Establecido;No indica;Ondulado;No indica;No Tiene;SI;6.34;2.948;18.51;5.561;ND;ND;13.18;1.530;0.202;0.463;15.38;0.183;210.3;2.716;4.192;3.902;0.179;ND;ND;ND;ND
14.680;4/12/2015;SANTANDER;SAN BENITO;Caña Panelera;Establecido;No indica;Ondulado;No indica;No Tiene;NO;8.039;6.009;55.54;7.755;ND;ND;32.04;1.350;0.234;0.250;33.88;0.951;26.51;< 1.0;3.280;1.103;0.235;ND;ND;ND;ND
14.681;4/12/2015;SANTANDER;SAN BENITO;Caña Panelera;Establecido;No indica;Pendiente;No indica;No Tiene;NO;5.3;3.176;3.262;7.586;0.538;0.185;11.86;2.683;0.257;0.307;15.64;0.250;135.6;1;5.964;2.915;0.179;ND;ND;ND;ND
14.682;4/12/2015;SANTANDER;SAN BENITO;Caña Panelera;Establecido;No indica;Ondulado;No indica;No Tiene;NO;5.28;4.733;8.537;11.63;0.393;0.247;15.77;2.609;0.196;0.319;19.29;0.516;444.9;5.160;6.469;26.86;0.179;ND;ND;ND;ND
14.684;4/12/2015;SANTANDER;SAN BENITO;Caña Panelera;Establecido;No indica;Ondulado;No indica;No Tiene;SI;7.1;2.923;10.35;4.718;ND;ND;18.86;0.856;0.140;0.223;20.08;0.282;64.18;1.097;3.159;1.509;0.235;ND;ND;ND;ND
14.685;4/12/2015;SANTANDER;SAN BENITO;Caña Panelera;Establecido;No indica;Plano;No indica;No Tiene;NO;6.36;4.643;77.80;8.598;ND;ND;16.22;2.487;0.390;0.287;19.39;0.389;340.6;3.064;2.159;15.36;0.207;ND;ND;ND;ND
14.688;4/12/2015;SANTANDER;GÜEPSA;Caña Panelera;Establecido;No indica;Pendiente;No indica;No Tiene;SI (15-15-15);5.56;5.781;3.158;3.874;ND;ND;12.15;2.312;0.396;0.032;14.89;0.307;736.9;3.69;7.298;7.137;0.403;ND;ND;ND;ND
14.695;4/12/2015;SANTANDER;SAN BENITO;Caña Panelera;Establecido;No indica;Plano;No indica;No Tiene;SI;6.89;5.503;42.67;8.936;ND;ND;18.67;1.757;0.198;0.333;20.95;0.337;85.75;1.794;5.289;1.804;0.487;ND;ND;ND;ND
14.696;4/12/2015;SANTANDER;SAN BENITO;Caña Panelera;Establecido;No indica;Ondulado;No indica;No Tiene;SI;7.18;6.908;20.88;11.46;ND;ND;37.57;1.585;0.349;0.381;39.89;0.625;54.18;< 1.0;5.167;2.989;0.207;ND;ND;ND;ND
14.697;4/12/2015;SANTANDER;CHIPATÁ;Caña Panelera;Establecido;No indica;Ondulado;No indica;No Tiene;SI;5.33;4.567;2.309;9.780;0.569;0.319;8.235;0.374;0.164;0.247;9.592;0.221;1133.;2.215;12.96;1.671;0.179;ND;ND;ND;ND
14.698;4/12/2015;SANTANDER;SAN BENITO;Caña Panelera;Establecido;No indica;Ondulado;No indica;No Tiene;SI;7.51;8.412;32.40;8.261;ND;ND;39.41;1.617;0.318;0.251;41.60;0.954;39.51;4.158;5.865;59.33;0.431;ND;ND;ND;ND
14.702;4/12/2015;BOYACÁ;TOGÜÍ;Caña Panelera;Establecido;No indica;Pendiente;No indica;No Tiene;SI  (18-18-18);4.440;4.643;5.989;2.861;3.751;2.907;2.353;0.526;0.336;0.173;7.140;0.318;2930.;3.091;16.95;2.641;0.403;ND;ND;ND;ND
14.703;4/12/2015;BOYACÁ;TOGÜÍ;Caña Panelera;Establecido;No indica;Pendiente;No indica;No Tiene;SI  (18-18-18);6.28;4.415;27.30;-1.01;ND;ND;12.63;0.875;0.240;0.230;13.98;0.219;210.3;3.519;17.09;21.87;0.487;ND;ND;ND;ND
14.705;4/12/2015;BOYACÁ;TOGÜÍ;Caña Panelera;Establecido;No indica;Plano;No indica;No Tiene;SI  (10-20-30);5.37;3.580;7.717;1.849;1.005;0.680;8.476;0.699;0.276;0.158;10.61;0.183;747.8;2.432;19.73;3.453;0.627;ND;ND;ND;ND
14.707;4/12/2015;BOYACÁ;TOGÜÍ;Caña Panelera;Establecido;No indica;Pendiente;No indica;No Tiene;SI  (18-18-18);4.66;3.125;6.302;1.174;3.647;2.959;2.570;0.470;0.281;0.148;7.118;0.275;630.8;1.196;8.552;2.243;0.431;ND;ND;ND;ND
14.708;4/12/2015;BOYACÁ;TOGÜÍ;Caña Panelera;Establecido;No indica;Pendiente;No indica;No Tiene;SI  (10-20-20);7.68;6.034;13.72;0.499;ND;ND;63.84;1.081;0.150;0.168;65.24;0.841;41.32;< 1.0;8.703;1.036;0.375;ND;ND;ND;ND
14.710;4/12/2015;BOYACÁ;TOGÜÍ;Caña Panelera;Establecido;No indica;Pendiente;No indica;No Tiene;SI  (10-20-20);5.36;8.780;12.87;2.693;1.160;0.701;2.919;0.217;0.163;0.140;4.600;0.149;170.4;< 1.0;15.08;< 1.0;0.599;ND;ND;ND;ND
14.711;4/12/2015;BOYACÁ;TOGÜÍ;Caña Panelera;Establecido;No indica;Pendiente;No indica;No Tiene;SI  (18-18-18);4.47;7.425;5.393;1.849;3.232;2.361;0.625;0.187;0.226;0.137;4.409;0.287;630.1;< 1.0;2.990;1.341;0.459;ND;ND;ND;ND
14.717;4/12/2015;BOYACÁ;SANTANA;Caña Panelera;Establecido;No indica;Ondulado;No indica;No Tiene;SI;4.71;4.036;145.7;4.718;6.704;5.289;4.605;0.966;0.579;0.086;12.94;0.351;1432.;< 1.0;2.524;2.894;0.375;ND;ND;ND;ND
14.721;4/12/2015;BOYACÁ;TOGÜÍ;Caña Panelera;Establecido;No indica;Ondulado;No indica;No Tiene;NO;4.88;5.756;16.26;3.030;1.761;1.061;5.309;0.479;0.226;0.149;7.925;0.318;1101.;4.290;8.512;8.238;0.431;ND;ND;ND;ND
14.725;4/12/2015;SANTANDER;SAN BENITO;Caña Panelera;Establecido;No indica;Ondulado;No indica;No Tiene;SI;5.61;4.440;0.134;3.705;ND;ND;14.09;1.387;0.240;0.205;15.92;0.202;680.3;1.705;8.150;4.088;0.179;ND;ND;ND;ND
14.726;4/12/2015;SANTANDER;SAN BENITO;Caña Panelera;Establecido;No indica;Ondulado;No indica;No Tiene;SI;6.21;6.160;3.248;7.924;ND;ND;9.731;1.268;0.258;0.226;11.48;0.228;79.06;< 1.0;4.3;1.835;0.235;ND;ND;ND;ND
14.728;4/12/2015;SANTANDER;SAN BENITO;Caña Panelera;Establecido;No indica;Ondulado;No indica;No Tiene;SI;5.86;4.631;0.164;4.043;ND;ND;16.48;0.809;0.259;0.274;17.82;0.225;262.3;< 1.0;7.311;1.887;0.263;ND;ND;ND;ND
14.729;4/12/2015;SANTANDER;SAN BENITO;Caña Panelera;Establecido;No indica;Ondulado;No indica;No Tiene;SI;7.87;8.679;3.903;4.718;ND;ND;50.51;1.013;0.281;0.292;52.10;0.891;16.71;7.457;1.127;100.6;0.627;ND;ND;ND;ND
14.730;4/12/2015;SANTANDER;SAN BENITO;Caña Panelera;Establecido;No indica;Ondulado;No indica;No Tiene;SI;6.81;4.491;4.037;4.549;ND;ND;22.10;1.298;0.276;0.329;24.01;0.326;55.08;< 1.0;3.694;4.593;0.291;ND;ND;ND;ND
14.731;4/12/2015;SANTANDER;SAN BENITO;Caña Panelera;Establecido;No indica;Ondulado;No indica;No Tiene;SI;5.75;4.744;1.147;3.199;ND;ND;16.21;1.202;0.283;0.276;17.98;0.249;533.3;1.786;5.666;3.59;0.179;ND;ND;ND;ND
14.732;4/12/2015;SANTANDER;SAN BENITO;Caña Panelera;Establecido;No indica;Ondulado;No indica;No Tiene;SI;6.99;7.970;16.46;3.030;ND;ND;18.40;0.995;0.361;0.229;19.98;0.335;27.63;< 1.0;2.018;1.471;0.207;ND;ND;ND;ND
14.733;4/12/2015;SANTANDER;SAN BENITO;Caña Panelera;Establecido;No indica;Ondulado;No indica;No Tiene;SI;7.96;6.604;1.266;4.886;ND;ND;31.30;0.933;0.260;0.302;32.80;0.836;47.25;2.173;2.524;1.079;0.235;ND;ND;ND;ND
14.734;4/12/2015;SANTANDER;SAN BENITO;Caña Panelera;Establecido;No indica;Ondulado;No indica;No Tiene;SI;6.22;4.339;3.337;11.13;ND;ND;15.55;1.796;0.351;0.208;17.91;0.366;318.6;2.209;3.355;2.637;0.179;ND;ND;ND;ND
14.735;4/12/2015;SANTANDER;SAN BENITO;Caña Panelera;Establecido;No indica;Ondulado;No indica;No Tiene;SI;6.45;3.681;9.192;3.199;ND;ND;18.67;0.971;0.251;0.297;20.19;0.254;206.7;4.161;1.758;5.011;0.487;ND;ND;ND;ND
14.736;4/12/2015;SANTANDER;SAN BENITO;Caña Panelera;Establecido;No indica;Ondulado;No indica;No Tiene;SI;6.41;10.55;6.078;4.380;ND;ND;23.87;1.504;0.337;0.298;26.01;0.312;86.01;< 1.0;7.82;8.899;0.655;ND;ND;ND;ND
14.737;4/12/2015;SANTANDER;CHIPATÁ;Caña Panelera;Establecido;No indica;Ondulado;No indica;No Tiene;SI;7.96;4.870;9.371;3.368;ND;ND;51.68;0.918;0.138;0.265;53.00;0.869;90.72;< 1.0;7.016;2.296;0.179;ND;ND;ND;ND
14.738;4/12/2015;SANTANDER;GÜEPSA;Caña Panelera;Establecido;No indica;Plano;No indica;No Tiene;NO;7.41;7.414;14.18;10.28;ND;ND;33.99;1.559;0.366;0.199;36.11;0.879;49.72;1.257;4.577;6.278;0.375;ND;ND;ND;ND
14.748;4/12/2015;SANTANDER;SAN BENITO;Caña Panelera;Establecido;No indica;Ondulado;No indica;No Tiene;SI;6.68;7.212;6.272;7.586;ND;ND;33.51;1.633;0.386;0.327;35.86;0.295;21.45;< 1.0;4.706;< 1.0;0.179;ND;ND;ND;ND
14.749;4/12/2015;BOYACÁ;TOGÜÍ;Caña Panelera;Establecido;No indica;Plano;No indica;No Tiene;SI  (18-18-18);4.690;8.108;5.497;11.63;2.352;1.907;1.606;0.475;0.530;0.132;5.096;0.373;518.7;1.496;14.09;6.348;0.319;ND;ND;ND;ND
14.750;4/12/2015;SANTANDER;CHIPATÁ;Caña Panelera;Establecido;No indica;Ondulado;No indica;No Tiene;SI;7.82;5.882;3.918;2.186;ND;ND;31.06;1.337;0.303;0.264;32.96;0.791;36.02;2.432;4.269;1.418;0.291;ND;ND;ND;ND
14.751;4/12/2015;SANTANDER;GÜEPSA;Caña Panelera;Establecido;No indica;Ondulado;No indica;No Tiene;SI;6.82;8.932;35.44;3.030;ND;ND;19.62;2.808;0.494;0.234;23.15;0.501;51.55;< 1.0;4.125;9.764;0.571;ND;ND;ND;ND
14.766;4/12/2015;SANTANDER;CHIPATÁ;Caña Panelera;Establecido;No indica;Ondulado;No indica;No Tiene;SI;5.68;4.592;15.70;4.549;ND;ND;13.25;1.253;0.237;0.442;15.18;0.222;488.4;2.835;6.711;5.784;0.655;ND;ND;ND;ND
14.767;4/12/2015;SANTANDER;CHIPATÁ;Caña Panelera;Establecido;No indica;Pendiente;No indica;No Tiene;SI;7.99;7.552;2.830;1.343;ND;ND;12.85;1.279;0.210;0.367;14.70;0.918;24.00;< 1.0;3.07;< 1.0;0.207;ND;ND;ND;ND
14.768;4/12/2015;SANTANDER;SAN BENITO;Caña Panelera;Establecido;No indica;Ondulado;No indica;No Tiene;NO;6;3.504;8.715;3.874;ND;ND;42.28;1.141;0.383;0.340;44.15;0.253;247.5;< 1.0;5.533;4.123;0.179;ND;ND;ND;ND
14.769;4/12/2015;SANTANDER;SAN BENITO;Caña Panelera;Establecido;No indica;Pendiente;No indica;No Tiene;NO;6.4;8.729;9.177;1.343;ND;ND;22.39;0.896;0.241;0.376;23.90;0.317;87.82;< 1.0;3.637;1.908;0.263;ND;ND;ND;ND
14.770;4/12/2015;BOYACÁ;SANTANA;Caña Panelera;Establecido;No indica;Ondulado;No indica;No Tiene;SI  (15-15-15);6.03;5.441;107.2;2.186;ND;ND;13.35;2.272;0.625;0.336;16.59;0.364;401.2;5.826;10.55;6.381;0.263;ND;ND;ND;ND
14.773;4/12/2015;BOYACÁ;SANTANA;Caña Panelera;Establecido;No indica;No indica;No indica;No Tiene;NO;4.68;4.884;46.81;1.849;3.181;2.258;0.730;0.372;0.110;0.233;4.628;0.214;709.6;< 1.0;< 1.0;< 1.0;0.403;ND;ND;ND;ND
14.801;4/12/2015;BOYACÁ;SANTANA;Caña Panelera;Establecido;No indica;Ondulado;No indica;No Tiene;SI  (15-15-15);5.72;6.503;28.62;4.549;ND;ND;18.82;0.744;0.204;0.347;20.11;0.411;351.2;< 1.0;8.370;3.150;0.263;ND;ND;ND;ND
14.803;4/12/2015;BOYACÁ;SANTANA;Caña Panelera;Establecido;No indica;Ondulado;No indica;No Tiene;NO;4.639;4.429;28.53;1.512;2.808;2.020;2.465;0.374;0.184;0.309;6.141;0.230;1112.;1.300;6.61;2.495;0.179;ND;ND;ND;ND
14.804;4/12/2015;SANTANDER;CHIPATÁ;Caña Panelera;Establecido;No indica;Plano;No indica;No Tiene;SI;5.059;4.378;19.60;2.861;1.284;0.742;10.30;1.160;0.207;0.342;13.30;0.226;1044.;28.54;28.11;70.56;0.291;ND;ND;ND;ND
14.806;4/12/2015;SANTANDER;SAN BENITO;Caña Panelera;Establecido;No indica;Pendiente;No indica;No Tiene;SI  (15-15-15);4.99;3.074;2.220;3.030;1.916;0.979;3.259;0.318;0.149;0.005;5.650;0.200;624.0;< 1.0;3.247;2.142;0.487;ND;ND;ND;ND
14.807;4/12/2015;SANTANDER;SAN BENITO;Caña Panelera;Establecido;No indica;Ondulado;No indica;No Tiene;NO;6.65;9.539;10.26;1.680;ND;ND;34.55;1.283;0.319;0.088;36.24;0.469;63.42;< 1.0;5.051;3.338;0.403;ND;ND;ND;ND
14.808;4/12/2015;SANTANDER;SAN BENITO;Caña Panelera;Establecido;No indica;Ondulado;No indica;No Tiene;SI (18-18-18);6.14;5.340;4.246;2.355;ND;ND;19.38;0.925;0.242;0.065;20.61;0.302;147.0;< 1.0;4.786;1.267;0.347;ND;ND;ND;ND
14.809;4/12/2015;SANTANDER;SAN BENITO;Caña Panelera;Establecido;No indica;Ondulado;No indica;No Tiene;SI;5.53;4.530;5.229;2.693;ND;ND;9.214;0.208;0.132;0.005;9.561;0.200;576.2;< 1.0;5.709;< 1.0;0.375;ND;ND;ND;ND
14.812;4/12/2015;BOYACÁ;SANTANA;Caña Panelera;Establecido;No indica;Plano;No indica;No Tiene;NO;5.77;7.476;27.93;2.861;ND;ND;14.84;0.656;0.195;0.058;15.76;0.387;614.1;1.090;11.26;10.12;0.571;ND;ND;ND;ND
14.814;4/12/2015;BOYACÁ;SANTANA;Caña Panelera;Establecido;No indica;Ondulado;No indica;No Tiene;NO;6.18;14.29;8.566;8.936;ND;ND;28.70;0.888;0.373;0.095;30.06;0.806;46.27;< 1.0;9.282;2.993;0.347;ND;ND;ND;ND
14.815;4/12/2015;SANTANDER;SAN BENITO;Caña Panelera;Establecido;No indica;Ondulado;No indica;No Tiene;SI  (15-15-15);6.95;5.390;10.92;6.236;ND;ND;14.55;1.522;0.281;0.075;16.43;0.463;46.19;< 1.0;2.884;1.022;0.431;ND;ND;ND;ND
14.816;4/12/2015;BOYACÁ;SANTANA;Caña Panelera;Establecido;No indica;Ondulado;No indica;No Tiene;NO;5.110;5.174;2.056;3.030;1.958;1.629;17.11;1.565;0.346;0.223;21.21;0.256;723.8;1.351;39.84;3.71;0.459;ND;ND;ND;ND
14.817;4/12/2015;SANTANDER;CHIPATÁ;Caña Panelera;Establecido;No indica;Ondulado;No indica;No Tiene;SI;5.37;8.375;10.08;3.199;0.331;0.103;10.90;1.069;0.329;0.322;12.96;0.357;617.7;1.147;8.08;7.927;0.515;ND;ND;ND;ND
14.818;4/12/2015;SANTANDER;CHIPATÁ;Caña Panelera;Establecido;No indica;Ondulado;No indica;No Tiene;SI;6.36;6.554;29.36;2.524;ND;ND;22.48;1.357;0.342;0.372;24.56;0.312;77.85;< 1.0;8.99;< 1.0;0.431;ND;ND;ND;ND
14.819;4/12/2015;SANTANDER;SAN BENITO;Caña Panelera;Establecido;No indica;Ondulado;No indica;No Tiene;SI;7.83;4.921;44.45;3.536;ND;ND;31.91;0.703;0.278;0.317;33.21;0.879;32.84;< 1.0;4.802;1.02;0.375;ND;ND;ND;ND
14.820;4/12/2015;SANTANDER;SAN BENITO;Caña Panelera;Establecido;No indica;Ondulado;No indica;No Tiene;NO;7.74;6.959;26.51;1.849;ND;ND;45.14;0.929;0.425;0.342;46.84;0.938;22.72;< 1.0;5.017;1.015;0.599;ND;ND;ND;ND
14.821;4/12/2015;SANTANDER;SAN BENITO;Caña Panelera;Establecido;No indica;Ondulado;No indica;No Tiene;NO;6.72;9.842;9.684;1.680;ND;ND;31.22;0.633;0.428;0.443;32.73;0.443;22.14;< 1.0;4.025;< 1.0;0.403;ND;ND;ND;ND
14.822;4/12/2015;SANTANDER;SAN BENITO;Caña Panelera;Establecido;No indica;Plano;No indica;No Tiene;SI;5.019;5.087;4.037;3.199;1.699;0.938;5.159;0.398;0.214;0.025;7.497;0.215;912.1;< 1.0;4.996;1.058;0.291;ND;ND;ND;ND
14.823;4/12/2015;SANTANDER;SAN BENITO;Caña Panelera;Establecido;No indica;Pendiente;No indica;No Tiene;NO;7.75;7.515;23.36;5.392;ND;ND;33.59;0.543;0.310;0.312;34.76;0.785;27.46;< 1.0;1.852;< 1.0;0.767;ND;ND;ND;ND
14.824;4/12/2015;BOYACÁ;SANTANA;Caña Panelera;Establecido;No indica;Ondulado;No indica;No Tiene;SI;4.92;3.960;11.47;1.343;1.927;1.845;4.919;0.712;0.245;0.344;8.148;0.206;704.0;< 1.0;17.37;2.447;0.459;ND;ND;ND;ND
14.828;4/12/2015;SANTANDER;SAN BENITO;Caña Panelera;Establecido;No indica;Ondulado;No indica;No Tiene;NO;5.4;4.682;11.27;4.380;0.735;0.567;10.53;1.057;0.331;0.096;12.75;0.249;66.86;1.832;6.242;3.014;0.347;ND;ND;ND;ND
14.829;4/12/2015;SANTANDER;SAN BENITO;Caña Panelera;Establecido;No indica;Ondulado;No indica;No Tiene;SI;6.12;8.426;1.532;2.018;ND;ND;24.85;0.588;0.256;0.064;25.75;0.318;57.45;< 1.0;4.783;1.855;0.487;ND;ND;ND;ND
14.830;4/12/2015;BOYACÁ;SANTANA;Caña Panelera;Establecido;No indica;No indica;No indica;No Tiene;SI;4.32;7.313;17.74;3.705;5.129;4.113;1.205;0.469;0.238;0.010;7.053;0.365;1032.;< 1.0;2.263;1.385;0.431;ND;ND;ND;ND
14.831;4/12/2015;SANTANDER;CHIPATÁ;Caña Panelera;Establecido;No indica;Pendiente;No indica;No Tiene;SI;6.37;4.415;20.54;1.512;ND;ND;18.61;0.563;0.281;0.334;19.79;0.303;300.6;1.527;3.573;2.325;0.319;ND;ND;ND;ND
14.832;4/12/2015;BOYACÁ;SANTANA;Caña Panelera;Establecido;No indica;Ondulado;No indica;No Tiene;SI;4.93;4.137;4.127;4.549;3.409;2.660;3.215;0.608;0.306;0.295;7.834;0.220;911.4;< 1.0;3.726;2.485;0.627;ND;ND;ND;ND
14.833;4/12/2015;SANTANDER;SAN BENITO;Caña Panelera;Establecido;No indica;Ondulado;No indica;No Tiene;NO;7.92;6.402;10.22;3.705;ND;ND;38.20;0.650;0.206;0.290;39.35;0.850;35.55;< 1.0;2.848;1.884;0.347;ND;ND;ND;ND
14.836;4/12/2015;BOYACÁ;SANTANA;Caña Panelera;Establecido;No indica;Ondulado;No indica;No Tiene;SI;5.059;8.640;20.54;4.043;1.761;1.165;2.818;0.424;0.294;0.289;5.589;0.221;908.4;< 1.0;1.211;1.233;0.179;ND;ND;ND;ND
14.837;4/12/2015;BOYACÁ;SANTANA;Caña Panelera;Establecido;No indica;No indica;No indica;No Tiene;SI;6.62;3.859;13.87;9.442;ND;ND;21.29;0.939;0.173;0.344;22.75;0.213;104.3;1.01;6.017;1.690;0.179;ND;ND;ND;ND
14.838;4/12/2015;BOYACÁ;SANTANA;Caña Panelera;Establecido;No indica;Ondulado;No indica;No Tiene;SI;7.23;4.744;11.17;7.755;ND;ND;52.90;1.443;0.263;0.307;54.92;0.884;94.21;< 1.0;1.771;1.992;0.319;ND;ND;ND;ND
14.840;4/12/2015;SANTANDER;CHIPATÁ;Caña Panelera;Establecido;No indica;Ondulado;No indica;No Tiene;SI;5.91;8.325;7.717;5.730;ND;ND;19.54;1.458;0.433;0.425;21.86;0.311;444.9;1.860;21.51;15.1;0.767;ND;ND;ND;ND
14.841;4/12/2015;SANTANDER;SAN BENITO;Caña Panelera;Establecido;No indica;Pendiente;No indica;No Tiene;SI;7.17;9.185;38.18;4.211;ND;ND;30.45;1.070;0.326;0.277;32.12;0.545;35.23;< 1.0;4.020;2.064;0.655;ND;ND;ND;ND
14.842;4/12/2015;SANTANDER;SAN BENITO;Caña Panelera;Establecido;No indica;Ondulado;No indica;No Tiene;SI;7.79;8.780;13.24;4.549;ND;ND;53.63;0.902;0.391;0.306;55.23;0.823;28.93;< 1.0;2.185;< 1.0;0.207;ND;ND;ND;ND
14.843;4/12/2015;BOYACÁ;SANTANA;Caña Panelera;Establecido;No indica;Ondulado;No indica;No Tiene;SI;6;4.643;200.2;2.355;ND;ND;15.56;2.698;0.862;0.383;19.51;0.634;497.9;7.692;7.13;9.922;0.179;ND;ND;ND;ND
14.845;4/12/2015;BOYACÁ;SANTANA;Caña Panelera;Establecido;No indica;Ondulado;No indica;No Tiene;SI;5;8.881;9.207;7.924;0.538;0.247;12.85;2.484;0.244;0.302;16.42;0.497;634.9;1.264;40.67;8.971;0.207;ND;ND;ND;ND
14.846;4/12/2015;BOYACÁ;SANTANA;Caña Panelera;Establecido;No indica;Ondulado;No indica;No Tiene;SI;5.9;7.363;14.52;6.405;ND;ND;16.65;0.336;0.266;0.347;17.60;0.264;231.2;< 1.0;6.104;1.421;0.207;ND;ND;ND;ND
14.847;4/12/2015;SANTANDER;SAN BENITO;Caña Panelera;Establecido;No indica;Plano;No indica;No Tiene;NO;8.02;4.390;16.68;1.849;ND;ND;53.21;2.245;0.337;0.399;56.20;0.926;39.90;1.547;2.861;2.175;0.291;ND;ND;ND;ND
14.849;4/12/2015;BOYACÁ;SANTANA;Caña Panelera;Establecido;No indica;Ondulado;No indica;No Tiene;SI;5.51;3.808;10.98;1.512;ND;ND;10.97;0.405;0.148;0.336;11.86;0.186;961.3;< 1.0;3.958;1.552;0.683;ND;ND;ND;ND
14.852;4/12/2015;BOYACÁ;SANTANA;Caña Panelera;Establecido;No indica;Pendiente;No indica;No Tiene;SI;4.75;5.326;1.424;2.018;3.699;3.010;2.258;0.161;0.188;0.035;6.342;0.195;955.8;< 1.0;2.048;1.724;0.235;ND;ND;ND;ND
14.853;4/12/2015;BOYACÁ;SANTANA;Caña Panelera;Establecido;No indica;Pendiente;No indica;No Tiene;SI;5.13;4.581;34.07;5.392;0.704;0.360;8.374;0.570;0.224;0.127;10.00;0.364;895.3;1.010;12.20;3.855;0.571;ND;ND;ND;ND
14.854;4/12/2015;BOYACÁ;SANTANA;Caña Panelera;Establecido;No indica;Ondulado;No indica;No Tiene;NO;5.78;7.009;2.965;3.199;ND;ND;13.77;0.611;0.246;0.297;14.93;0.225;555.0;< 1.0;14.95;1.724;0.235;ND;ND;ND;ND
14.855;9/12/2015;SANTANDER;SAN BENITO;Caña Panelera;Establecido;No indica;Plano;No indica;No Tiene;SI;6.67;7.414;27.20;23.95;ND;ND;20.47;1.982;1.038;0.086;23.57;0.811;44.42;1.88;5.568;5.924;0.851;ND;ND;ND;ND
14.911;9/12/2015;BOYACÁ;CHITARAQUE;Caña Panelera;Establecido;No indica;Plano;No indica;No Tiene;NO;5.48;5.073;9.013;12.98;0.113;0;4.992;1.047;0.447;0.193;6.795;0.444;1028.;3.604;24.28;8.43;0.291;ND;ND;ND;ND
14.912;9/12/2015;BOYACÁ;CHITARAQUE;Caña Panelera;Establecido;No indica;Ondulado;No indica;No Tiene;NO;4.29;4.339;11.63;6.067;8.040;6.567;0.956;0.401;0.274;0.178;9.851;0.313;516.7;2.046;1.812;1.671;0.683;ND;ND;ND;ND
14.913;9/12/2015;BOYACÁ;CHITARAQUE;Caña Panelera;Establecido;No indica;Plano;No indica;No Tiene;SI;4.55;5.087;19.04;4.886;3.688;1.556;1.575;0.283;0.161;0.231;5.940;0.317;977.6;2.323;9.397;2.281;0.487;ND;ND;ND;ND
14.914;9/12/2015;BOYACÁ;CHITARAQUE;Caña Panelera;Establecido;No indica;No indica;No indica;No Tiene;SI;4.980;4.870;13.78;6.574;0.922;0.474;13.77;1.957;0.299;0.313;17.26;0.413;563.7;3.244;25.02;4.596;0.459;ND;ND;ND;ND
14.915;9/12/2015;BOYACÁ;CHITARAQUE;Caña Panelera;Establecido;No indica;Ondulado;No indica;No Tiene;NO;4.62;10.80;25.80;3.705;6.434;5.866;1.929;0.797;0.340;0.161;9.663;0.308;608.4;2.099;4.297;4.368;0.179;ND;ND;ND;ND
14.917;9/12/2015;BOYACÁ;CHITARAQUE;Caña Panelera;Establecido;No indica;Ondulado;No indica;No Tiene;NO;5.17;13.73;21.27;6.911;1.108;0.969;5.744;1.526;0.965;0.183;9.529;0.614;533.0;1.87;4.424;3.92;0.543;ND;ND;ND;ND
14.920;9/12/2015;BOYACÁ;CHITARAQUE;Caña Panelera;Establecido;No indica;Ondulado;No indica;No Tiene;NO;5.74;8.122;13.81;13.32;ND;ND;21.30;0.725;0.195;0.227;22.45;0.570;104.9;1.506;18.16;2.431;0.571;ND;ND;ND;ND
14.922;9/12/2015;SANTANDER;SAN BENITO;Caña Panelera;Establecido;No indica;Ondulado;No indica;No Tiene;SI;6.11;6.503;16.28;3.536;ND;ND;21.84;1.880;0.345;0.140;24.21;0.365;74.64;3.403;4.452;29.86;0.795;ND;ND;ND;ND
14.929;9/12/2015;BOYACÁ;CHITARAQUE;Caña Panelera;Establecido;No indica;Plano;No indica;No Tiene;NO;5.29;4.339;9.848;4.886;2.600;2.062;6.248;0.770;0.198;0.218;10.03;0.187;823.4;2.743;29.16;4.056;0.347;ND;ND;ND;ND
14.930;9/12/2015;SANTANDER;SAN BENITO;Caña Panelera;Establecido;No indica;Ondulado;No indica;No Tiene;No indica;7.73;9.893;5.929;7.080;ND;ND;49.09;0.957;0.388;0.201;50.64;0.906;14.59;< 1.0;3.018;< 1.0;0.879;ND;ND;ND;ND
14.931;9/12/2015;SANTANDER;SAN BENITO;Caña Panelera;Establecido;No indica;Ondulado;No indica;No Tiene;SI (15-15-15);7.66;8.679;13.60;10.96;ND;ND;50.41;1.533;0.346;0.213;52.50;1.100;25.72;1.189;3.754;2.384;0.627;ND;ND;ND;ND
14.932;9/12/2015;SANTANDER;SAN BENITO;Caña Panelera;Establecido;No indica;Ondulado;No indica;No Tiene;No indica;8.029;5.832;11.26;7.417;ND;ND;36.20;1.057;0.310;0.225;37.79;0.900;33.83;2.097;2.085;1.554;0.235;ND;ND;ND;ND
14.933;9/12/2015;BOYACÁ;CHITARAQUE;Caña Panelera;Establecido;No indica;Ondulado;No indica;No Tiene;NO;5.97;3.721;5.289;6.742;ND;ND;9.082;0.293;<0.09;0.190;9.655;0.177;159.7;1.637;6.014;2.757;0.767;ND;ND;ND;ND
14.934;9/12/2015;BOYACÁ;CHITARAQUE;Caña Panelera;Establecido;No indica;Ondulado;No indica;No Tiene;NO;4.26;11.51;17.78;10.28;7.388;6.475;2.002;0.543;0.412;0.205;10.55;0.631;4100.;7.103;6.086;9.817;0.992;ND;ND;ND;ND
14.952;9/12/2015;SANTANDER;GÜEPSA;Caña Panelera;Establecido;No indica;Pendiente;No indica;No Tiene;No indica;7.08;4.480;34.47;7.080;ND;ND;20.82;1.052;0.239;0.135;22.25;0.285;44.42;1.411;1.694;2.089;0.627;ND;ND;ND;ND
14.953;9/12/2015;BOYACÁ;CHITARAQUE;Caña Panelera;Establecido;No indica;No indica;No indica;No Tiene;NO;4.650;7.161;14.21;5.392;5.523;4.454;3.182;0.576;0.238;0.080;9.600;0.332;1046.;2.534;3.644;4.22;0.163;ND;ND;ND;ND
14.954;9/12/2015;SANTANDER;GÜEPSA;Caña Panelera;Establecido;No indica;Ondulado;No indica;No Tiene;No indica;6.58;5.579;39.07;10.79;ND;ND;21.91;1.604;0.848;0.189;24.55;0.385;277.1;2.23;3.498;3.449;0.795;ND;ND;ND;ND
14.955;9/12/2015;SANTANDER;GÜEPSA;Caña Panelera;Establecido;No indica;Ondulado;No indica;No Tiene;No indica;7.92;5.997;36.42;7.080;ND;ND;33.38;1.072;0.277;0.190;34.92;0.673;20.71;1.658;2.008;< 1.0;0.655;ND;ND;ND;ND
14.956;9/12/2015;SANTANDER;GÜEPSA;Caña Panelera;Establecido;No indica;Pendiente;No indica;No Tiene;No indica;7.87;4.935;5.691;4.549;ND;ND;46.68;0.536;0.289;0.109;47.61;0.819;11.70;1.663;1.814;< 1.0;0.767;ND;ND;ND;ND
14.957;9/12/2015;SANTANDER;GÜEPSA;Caña Panelera;Establecido;No indica;Ondulado;No indica;No Tiene;No indica;6.43;5.542;11.53;1.512;ND;ND;14.89;1.221;0.395;0.197;16.70;0.257;232.8;1.593;2.932;2.238;0.739;ND;ND;ND;ND
14.958;9/12/2015;BOYACÁ;CHITARAQUE;Caña Panelera;Establecido;No indica;No indica;No indica;No Tiene;NO;4.84;3.403;4.529;5.561;8.901;8.155;0.541;0.333;0.188;0.132;10.09;0.154;500.6;2.931;1.835;< 1.0;0.459;ND;ND;ND;ND
14.963;4/12/2015;SANTANDER;BARBOSA;Caña Panelera;Establecido;No indica;Plano;No indica;No Tiene;SI;4.650;6.565;4.782;5.730;3.025;2.422;2.289;0.719;0.289;0.114;6.438;0.399;731.6;< 1.0;2.936;3.099;0.851;ND;ND;ND;ND
14.964;4/12/2015;SANTANDER;BARBOSA;Caña Panelera;Establecido;No indica;Ondulado;No indica;No Tiene;SI;4.730;5.729;2.398;5.730;2.673;1.897;0.602;0.249;0.093;0.098;3.717;0.230;541.2;< 1.0;1.802;< 1.0;0.403;ND;ND;ND;ND
14.965;4/12/2015;BOYACÁ;TOGÜÍ;Caña Panelera;Establecido;No indica;Plano;No indica;No Tiene;SI  (10-20-20);5.98;6.560;17.43;3.030;ND;ND;16.01;0.853;0.191;0.173;17.23;0.363;373.1;< 1.0;12.87;4.786;0.655;ND;ND;ND;ND
14.966;4/12/2015;BOYACÁ;TOGÜÍ;Caña Panelera;Establecido;No indica;Plano;No indica;No Tiene;SI (18-18-18);5.4;9.271;10.98;2.861;3.875;3.546;3.045;0.324;0.284;0.122;7.652;0.349;473.3;2.989;2.842;3.633;0.795;ND;ND;ND;ND
14.967;4/12/2015;SANTANDER;BARBOSA;Caña Panelera;Establecido;No indica;Ondulado;No indica;No Tiene;SI;5.2;9.741;2.115;2.524;1.595;1.319;4.481;0.612;0.168;0.103;6.961;0.261;380.9;< 1.0;2.760;< 1.0;0.543;ND;ND;ND;ND
14.968;4/12/2015;SANTANDER;GÜEPSA;Caña Panelera;Establecido;No indica;Pendiente;No indica;No Tiene;SI;7.21;6.655;11.57;11.29;ND;ND;23.46;1.600;0.375;0.301;25.74;0.572;22.57;< 1.0;2.636;2.016;0.711;ND;ND;ND;ND
14.969;4/12/2015;SANTANDER;GÜEPSA;Caña Panelera;Establecido;No indica;Ondulado;No indica;No Tiene;SI;7.04;4.834;7.270;3.536;ND;ND;17.43;0.751;0.258;0.487;18.93;0.362;162.7;< 1.0;3.057;4.76;0.403;ND;ND;ND;ND
14.970;4/12/2015;SANTANDER;GÜEPSA;Caña Panelera;Establecido;No indica;Ondulado;No indica;No Tiene;SI (18-18-18);4.99;4.997;2.249;4.380;3.388;2.495;10.50;1.658;0.450;0.096;16.09;0.298;766.0;2.032;5.934;1.724;0.683;ND;ND;ND;ND
14.971;4/12/2015;SANTANDER;GÜEPSA;Caña Panelera;Establecido;No indica;Pendiente;No indica;No Tiene;SI;7.79;3.859;46.06;3.368;ND;ND;2.388;1.541;0.255;0.031;4.217;0.756;29.40;< 1.0;2.945;3.578;0.655;ND;ND;ND;ND
14.972;4/12/2015;SANTANDER;GÜEPSA;Caña Panelera;Establecido;No indica;Pendiente;No indica;No Tiene;SI;6.63;6.756;1.087;5.392;ND;ND;1.610;1.360;0.268;0.043;3.282;0.459;67.91;< 1.0;2.9;2.665;0.739;ND;ND;ND;ND
14.973;4/12/2015;SANTANDER;BARBOSA;Caña Panelera;Establecido;No indica;Ondulado;No indica;No Tiene;NO;5.01;5.629;2.518;4.043;4.134;3.484;5.650;0.599;0.334;0.329;11.04;0.210;782.4;< 1.0;10.65;1.141;0.459;ND;ND;ND;ND
14.975;4/12/2015;SANTANDER;GÜEPSA;Caña Panelera;Establecido;No indica;Pendiente;No indica;No Tiene;SI;7.47;0.885;75.03;5.899;ND;ND;27.27;0.846;0.339;0.208;28.67;0.773;35.25;< 1.0;1.617;1.860;0.992;ND;ND;ND;ND
14.976;4/12/2015;SANTANDER;GÜEPSA;Caña Panelera;Establecido;No indica;Ondulado;No indica;No Tiene;SI;6.95;0.414;23.07;5.899;ND;ND;18.76;1.554;0.332;0.130;20.78;0.549;47.11;< 1.0;3.911;5.093;0.964;ND;ND;ND;ND
14.977;4/12/2015;SANTANDER;GÜEPSA;Caña Panelera;Establecido;No indica;Ondulado;No indica;No Tiene;SI (15-15-15);7.66;0.686;26.29;5.055;ND;ND;33.38;1.438;0.585;0.132;35.54;0.878;31.50;< 1.0;2.068;1.734;0.908;ND;ND;ND;ND
14.978;4/12/2015;SANTANDER;GÜEPSA;Caña Panelera;Establecido;No indica;Pendiente;No indica;No Tiene;SI;7.96;5.223;1.311;3.199;ND;ND;38.78;1.052;0.276;0.133;40.24;0.906;20.82;< 1.0;2.952;< 1.0;0.767;ND;ND;ND;ND
14.981;4/12/2015;SANTANDER;GÜEPSA;Caña Panelera;Establecido;No indica;Pendiente;No indica;No Tiene;SI;7.36;6.908;14.46;3.536;ND;ND;30.75;1.302;0.273;0.148;32.47;0.799;23.84;< 1.0;4.387;1.400;0.964;ND;ND;ND;ND
14.982;4/12/2015;SANTANDER;SAN BENITO;Caña Panelera;Establecido;No indica;Plano;No indica;No Tiene;SI;6.14;7.060;6.942;3.536;ND;ND;22.14;1.667;0.312;0.018;24.14;0.367;158.8;< 1.0;3.658;6.54;0.319;ND;ND;ND;ND
14.983;4/12/2015;SANTANDER;SAN BENITO;Caña Panelera;Establecido;No indica;Ondulado;No indica;No Tiene;SI;6.73;7.009;1.563;6.067;ND;ND;26.51;1.647;0.306;0.214;28.67;0.470;54.76;< 1.0;6.861;1.882;0.207;ND;ND;ND;ND
14.987;4/12/2015;BOYACÁ;TOGÜÍ;Caña Panelera;Establecido;No indica;Plano;No indica;No Tiene;SI (10-20-20);4.08;9.944;2.607;7.924;9.792;9.176;0.497;0.121;0.208;0.064;10.68;0.380;2329.;1.466;2.382;2.869;0.543;ND;ND;ND;ND
14.988;4/12/2015;BOYACÁ;TOGÜÍ;Caña Panelera;Establecido;No indica;Plano;No indica;No Tiene;SI (15-15-15);4.57;5.047;2.160;2.355;4.310;3.165;0.975;0.167;0.150;0.138;5.742;0.224;1004.;1.507;1.365;1.555;0.627;ND;ND;ND;ND
14.993;4/12/2015;BOYACÁ;TOGÜÍ;Caña Panelera;Establecido;No indica;Ondulado;No indica;No Tiene;DSOI  (15-15-15);5.059;8.387;2.905;9.273;2.839;2.330;2.547;0.452;0.307;0.181;6.328;0.463;439.8;< 1.0;2.873;1.855;0.543;ND;ND;ND;ND
15.011;4/12/2015;BOYACÁ;TOGÜÍ;Caña Panelera;Establecido;No indica;Plano;No indica;No Tiene;SI (18-18-19);4.49;12.77;6.198;3.874;3.056;2.536;0.620;0.091;0.149;0.097;4.015;0.333;472.6;< 1.0;2.235;3.261;0.739;ND;ND;ND;ND
15.012;4/12/2015;BOYACÁ;TOGÜÍ;Caña Panelera;Establecido;No indica;Pendiente;No indica;No Tiene;SI (10-20-20);4.84;5.643;8.015;3.368;4.020;3.505;2.805;0.734;0.380;0.042;7.983;0.269;1024.;2.466;4.307;7.317;0.879;ND;ND;ND;ND
15.014;4/12/2015;BOYACÁ;TOGÜÍ;Caña Panelera;Establecido;No indica;Plano;No indica;No Tiene;SI (10-20-20);4.57;5.947;8.358;3.368;4.559;3.660;3.513;0.581;0.298;0.065;9.018;0.430;2314.;3.105;9.567;3.897;0.599;ND;ND;ND;ND
15.015;4/12/2015;BOYACÁ;TOGÜÍ;Caña Panelera;Establecido;No indica;Pendiente;No indica;No Tiene;SI (15-15-15);4.45;8.918;21.20;1.680;5.844;4.526;1.081;0.203;0.434;0.198;7.763;0.340;994.4;1.024;3.988;1.797;0.291;ND;ND;ND;ND
15.040;4/12/2015;BOYACÁ;TOGÜÍ;Caña Panelera;Establecido;No indica;Plano;No indica;No Tiene;SI  (15-15-15);4.690;12.27;3.113;2.524;3.388;2.618;0.792;0.163;0.179;0.100;4.624;0.362;523.7;< 1.0;2.101;1.698;0.403;ND;ND;ND;ND
15.041;4/12/2015;BOYACÁ;TOGÜÍ;Caña Panelera;Establecido;No indica;Plano;No indica;No Tiene;SI (15-15-15);4.400;11.36;8.134;3.030;4.372;3.835;0.877;0.192;0.183;0.108;5.734;0.387;815.3;1.236;5.880;3.323;0.543;ND;ND;ND;ND
15.042;4/12/2015;BOYACÁ;TOGÜÍ;Caña Panelera;Establecido;No indica;Plano;No indica;No Tiene;SI (15-15-15);4.66;2.720;7.464;3.030;3.025;2.072;2.336;0.201;0.120;0.072;5.756;0.218;1084.;1.456;4.932;3.422;0.655;ND;ND;ND;ND
15.043;4/12/2015;BOYACÁ;TOGÜÍ;Caña Panelera;Establecido;No indica;Plano;No indica;No Tiene;SI (10-20-20);5.2;6.160;7.360;1.849;1.088;0.567;7.396;0.441;0.252;0.292;9.470;0.191;2677.;7.503;11.55;8.240;0.179;ND;ND;ND;ND
15.045;4/12/2015;BOYACÁ;TOGÜÍ;Caña Panelera;Establecido;No indica;Ondulado;No indica;No Tiene;SI (15-15-15);4.730;4.339;2.473;1.005;5.792;5.124;0.677;0.211;0.191;0.152;7.025;0.155;541.0;< 1.0;1.34;1.365;0.711;ND;ND;ND;ND
15.046;4/12/2015;BOYACÁ;TOGÜÍ;Caña Panelera;Establecido;No indica;Plano;No indica;No Tiene;SI (15-15-15);4.8;4.061;3.784;2.018;3.481;2.763;1.498;0.204;0.146;0.112;5.443;0.237;988.7;1.303;3.315;1.677;0.403;ND;ND;ND;ND
15.048;4/12/2015;BOYACÁ;TOGÜÍ;Caña Panelera;Establecido;No indica;Plano;No indica;No Tiene;SI (10-20-20);4.57;8.184;2.428;1.680;5.253;4.650;0.492;0.150;0.195;0.147;6.240;0.254;864.3;< 1.0;1.985;1.623;0.207;ND;ND;ND;ND
15.050;4/12/2015;BOYACÁ;TOGÜÍ;Caña Panelera;Establecido;No indica;Plano;No indica;No Tiene;SI (15-15-15);4.33;3.428;38.11;1.680;7.263;6.000;1.068;0.213;0.199;0.129;8.875;0.212;2597.;1.608;1.899;3.65;0.823;ND;ND;ND;ND
15.053;4/12/2015;BOYACÁ;TOGÜÍ;Caña Panelera;Establecido;No indica;Pendiente;No indica;No Tiene;SI  (10-20-20);4.639;5.073;7.598;1.174;8.787;7.433;3.599;0.310;0.223;0.088;13.00;0.216;1645.;14.77;4.548;13.86;0.431;ND;ND;ND;ND
15.056;4/12/2015;BOYACÁ;TOGÜÍ;Caña Panelera;Establecido;No indica;Plano;No indica;No Tiene;SI (15-15-15);5.64;3.985;35.69;4.380;ND;ND;9.072;0.283;0.131;0.061;9.549;0.227;727.6;1.625;8.850;5.793;0.655;ND;ND;ND;ND
15.057;4/12/2015;BOYACÁ;TOGÜÍ;Caña Panelera;Establecido;No indica;Plano;No indica;No Tiene;SI (15-15-15);5.27;3.353;8.790;3.536;1.523;0.948;6.114;0.237;0.154;0.203;8.233;0.183;986.3;< 1.0;6.116;1.605;0.683;ND;ND;ND;ND
15.059;4/12/2015;BOYACÁ;TOGÜÍ;Caña Panelera;Establecido;No indica;Pendiente;No indica;No Tiene;SI (10-20-20);5.42;4.263;12.66;4.211;0.518;0.350;7.931;0.523;0.168;0.095;9.236;0.206;862.7;1.605;9.81;3.766;0.767;ND;ND;ND;ND
15.062;4/12/2015;BOYACÁ;TOGÜÍ;Caña Panelera;Establecido;No indica;Plano;No indica;No Tiene;NO;5.13;11.36;16.07;1.174;1.378;0.855;1.729;0.236;0.183;0.126;3.653;0.229;346.1;< 1.0;2.367;3.365;0.179;ND;ND;ND;ND
15.064;4/12/2015;BOYACÁ;TOGÜÍ;Caña Panelera;Establecido;No indica;Pendiente;No indica;No Tiene;SI (15-15-15);5.01;17.78;3.635;11.13;4.880;3.959;1.652;0.156;0.200;0.135;7.026;0.216;580.2;< 1.0;1.94;1.967;0.431;ND;ND;ND;ND
15.065;4/12/2015;SANTANDER;GÜEPSA;Caña Panelera;Establecido;No indica;Ondulado;No indica;No Tiene;SI;7.2;6.600;33.09;3.536;ND;ND;20.01;0.848;0.253;0.575;21.69;0.459;22.99;< 1.0;3.875;1.562;0.964;ND;ND;ND;ND
15.095;23/12/2015;SANTANDER;GÜEPSA;Caña Panelera;Establecido;No indica;Pendiente;No indica;No Tiene;SI;7.4;8.171;8.819;9.059;ND;ND;2.183;1.664;0.222;0.714;4.785;0.491;40.28;< 1.0;3.066;< 1.0;0.454;ND;ND;ND;ND
15.096;23/12/2015;SANTANDER;GÜEPSA;Caña Panelera;Establecido;No indica;Pendiente;No indica;No Tiene;SI;6.76;6.420;7.183;3.766;ND;ND;2.598;0.645;0.301;0.486;4.032;0.243;31.15;< 1.0;2.408;< 1.0;0.479;ND;ND;ND;ND
15.097;23/12/2015;SANTANDER;VÉLEZ;Caña Panelera;Establecido;No indica;Pendiente;No indica;No Tiene;SI;7.21;6.751;44.19;4.389;ND;ND;3.935;0.961;0.365;0.783;6.046;0.273;22.45;2.968;2.642;18.01;0.454;ND;ND;ND;ND
15.098;23/12/2015;SANTANDER;VÉLEZ;Caña Panelera;Establecido;No indica;Ondulado;No indica;No Tiene;SI (15-15-15);5.8;6.988;3.790;6.257;ND;ND;21.88;1.207;0.418;0.697;24.20;0.312;43.13;1.652;5.762;5.137;0.908;ND;ND;ND;ND
15.099;23/12/2015;SANTANDER;GÜEPSA;Caña Panelera;Establecido;No indica;Pendiente;No indica;No Tiene;SI (15-15-15);7.2;6.183;15.04;5.167;ND;ND;9.242;1.020;0.299;0.652;11.21;0.465;42.26;< 1.0;1.973;1.461;0.631;ND;ND;ND;ND
15.100;23/12/2015;SANTANDER;GÜEPSA;Caña Panelera;Establecido;No indica;Pendiente;No indica;No Tiene;SI;5.019;10.91;31.80;7.036;2.345;1.896;9.865;1.205;0.745;0.632;14.79;0.210;488.6;2.528;1.744;< 1.0;0.428;ND;ND;ND;ND
15.102;23/12/2015;SANTANDER;GÜEPSA;Caña Panelera;Establecido;No indica;Pendiente;No indica;No Tiene;SI;7.9;10.15;7.486;12.64;ND;ND;10.47;1.350;0.275;0.890;12.98;0.709;71.82;1.151;3.831;2.222;0.631;ND;ND;ND;ND
15.103;23/12/2015;SANTANDER;VÉLEZ;Caña Panelera;Establecido;No indica;Ondulado;No indica;No Tiene;SI (10-20-20);6.29;7.745;3.548;7.814;ND;ND;19.18;0.796;0.191;0.634;20.80;0.302;85.72;< 1.0;4.447;6.038;0.529;ND;ND;ND;ND
15.104;23/12/2015;SANTANDER;VÉLEZ;Caña Panelera;Establecido;No indica;Pendiente;No indica;No Tiene;SI (15-15-15);5.48;6.420;3.063;12.64;0;0;14.79;1.903;0.339;0.552;17.59;0.253;272.7;3.817;9.112;9.317;0.378;ND;ND;ND;ND
15.157;23/12/2015;SANTANDER;VÉLEZ;Caña Panelera;Establecido;No indica;Ondulado;No indica;No Tiene;SI (15-15-15);6.3;5.434;8.395;4.700;ND;ND;16.86;1.549;0.410;0.727;19.55;0.205;260.0;2.513;2.674;3.269;0.504;ND;ND;ND;ND
15.158;23/12/2015;SANTANDER;VÉLEZ;Caña Panelera;Establecido;No indica;Ondulado;No indica;No Tiene;SI;7.44;14.65;8.410;9.371;ND;ND;2.396;0.835;0.263;0.967;4.462;0.426;53.95;< 1.0;4.320;1.423;0.428;ND;ND;ND;ND
15.159;23/12/2015;SANTANDER;VÉLEZ;Caña Panelera;Establecido;No indica;Ondulado;No indica;No Tiene;SI;4.79;11.20;50.28;14.82;2.893;2.153;5.585;0.926;0.262;0.748;10.41;0.203;1002.;5.073;7.934;13.75;0.201;ND;ND;ND;ND
15.163;23/12/2015;BOYACÁ;MONIQUIRÁ;Caña Panelera;Establecido;No indica;Plano;No indica;No Tiene;SI;4.900;12.33;10.35;10.30;2.508;1.926;3.359;0.459;0.371;0.340;7.039;0.261;910.0;1.45;5.044;3.346;0.656;ND;ND;ND;ND
15.164;23/12/2015;BOYACÁ;MONIQUIRÁ;Caña Panelera;Establecido;No indica;Plano;No indica;No Tiene;SI (15-15-15);6.28;9.213;21.65;16.68;ND;ND;12.47;0.670;0.120;0.642;13.90;0.291;344.7;2.549;12.11;6.647;0.327;ND;ND;ND;ND
15.165;23/12/2015;BOYACÁ;SANTANA;Caña Panelera;Establecido;No indica;Pendiente;No indica;No Tiene;NO;4.849;6.562;2.760;4.078;4.075;3.276;4.939;0.965;0.212;0.841;11.03;0.221;510.7;2.085;25.63;4.214;0.201;ND;ND;ND;ND
15.166;23/12/2015;BOYACÁ;SANTANA;Caña Panelera;Establecido;No indica;Pendiente;No indica;No Tiene;NO;4.79;5.379;10.50;8.437;3.287;2.627;5.068;1.730;0.226;0.753;11.06;0.206;405.5;2.685;30.34;6.697;0.252;ND;ND;ND;ND
15.167;23/12/2015;BOYACÁ;SANTANA;Caña Panelera;Establecido;No indica;Ondulado;No indica;No Tiene;NO;5.05;7.556;22.19;2.521;1.316;0.824;7.576;0.633;0.296;0.869;10.69;0.189;370.8;2.368;23.30;5.346;0.353;ND;ND;ND;ND
15.173;23/12/2015;SANTANDER;SUAITA;Caña Panelera;Establecido;No indica;Ondulado;No indica;No Tiene;SI;5.23;10.49;3.154;7.347;0.692;0.443;7.881;1.093;0.177;0.346;10.19;1.128;454.0;1.039;11.16;1.37;0.353;ND;ND;ND;ND
15.174;23/12/2015;SANTANDER;SUAITA;Caña Panelera;Establecido;No indica;Ondulado;No indica;No Tiene;SI;4.87;9.449;2.442;7.658;4.979;4.410;2.065;0.442;0.152;0.339;7.979;0.209;680.0;1.015;10.48;< 1.0;0.277;ND;ND;ND;ND
15.177;23/12/2015;SANTANDER;SUAITA;Caña Panelera;Establecido;No indica;Ondulado;No indica;No Tiene;SI (15-15-15);4.480;4.527;4.108;4.700;8.103;7.697;1.233;0.628;0.262;0.371;10.59;0.194;349.4;2.424;3.599;2.162;0.631;ND;ND;ND;ND
15.178;23/12/2015;SANTANDER;SUAITA;Caña Panelera;Establecido;No indica;Ondulado;No indica;No Tiene;SI (15-15-15);5.16;8.787;4.078;5.167;1.941;1.483;7.228;1.507;0.229;0.481;11.38;0.243;532.2;1.411;5.012;1.905;0.706;ND;ND;ND;ND
15.179;23/12/2015;SANTANDER;SUAITA;Caña Panelera;Establecido;No indica;Ondulado;No indica;No Tiene;SI (15-15-15);6.42;7.982;4.790;6.257;ND;ND;16.36;1.876;0.230;0.438;18.90;0.236;85.17;< 1.0;3.978;2.968;0.555;ND;ND;ND;ND
15.180;23/12/2015;SANTANDER;SUAITA;Caña Panelera;Establecido;No indica;Ondulado;No indica;No Tiene;SI;5;7.935;4.669;5.323;3.220;2.400;5.388;0.748;0.207;0.421;9.986;0.208;497.3;3.266;19.02;5.983;0.479;ND;ND;ND;ND
15.183;23/12/2015;BOYACÁ;MONIQUIRÁ;Caña Panelera;Establecido;No indica;Ondulado;No indica;No Tiene;SI;6.25;12.10;8.001;7.347;ND;ND;0.852;0.448;0.534;0.257;2.092;0.397;92.25;< 1.0;3.501;3.387;0.277;ND;ND;ND;ND
15.186;23/12/2015;BOYACÁ;SANTANA;Caña Panelera;Establecido;No indica;Pendiente;No indica;No Tiene;NO;5.54;3.343;16.69;7.347;ND;ND;8.004;2.174;0.325;0.829;11.33;0.138;100.7;< 1.0;4.858;1.333;0.504;ND;ND;ND;ND
15.188;23/12/2015;BOYACÁ;SANTANA;Caña Panelera;Establecido;No indica;No indica;No indica;No Tiene;NO;5.28;9.497;8.304;2.676;0.990;0.700;13.93;1.229;0.276;0.889;17.31;0.222;507.4;1.831;7.399;2.105;0.327;ND;ND;ND;ND
15.189;23/12/2015;BOYACÁ;SANTANA;Caña Panelera;Establecido;No indica;Ondulado;No indica;No Tiene;NO;4.99;7.035;6.153;2.209;4.479;3.555;1.648;0.371;0.124;0.841;7.466;0.152;581.5;1.331;4.609;< 1.0;0.378;ND;ND;ND;ND
15.191;23/12/2015;BOYACÁ;SANTANA;Caña Panelera;Establecido;No indica;Pendiente;No indica;No Tiene;NO;6.64;9.970;8.077;2.832;ND;ND;15.73;1.650;0.167;0.941;18.49;0.618;120.9;1.380;4.742;2.572;0.504;ND;ND;ND;ND
15.192;23/12/2015;SANTANDER;SAN BENITO;Caña Panelera;Establecido;No indica;Ondulado;No indica;No Tiene;SI;7.33;10.82;4.548;6.724;ND;ND;20.61;1.225;0.365;0.911;23.11;0.981;77.95;1.456;7.705;2.423;0.454;ND;ND;ND;ND
15.194;23/12/2015;BOYACÁ;SANTANA;Caña Panelera;Establecido;No indica;Ondulado;No indica;No Tiene;NO;5.41;7.367;26.10;2.365;1.220;0.855;5.599;2.436;0.600;0.940;10.79;0.161;449.6;4.762;7.602;30.28;0.378;ND;ND;ND;ND
15.195;23/12/2015;SANTANDER;SAN BENITO;Caña Panelera;Establecido;No indica;Ondulado;No indica;No Tiene;SI;6.29;13.14;12.30;3.610;ND;ND;17.90;1.185;0.353;0.860;20.30;0.318;85.34;1.597;3.081;2.723;0.428;ND;ND;ND;ND
15.196;23/12/2015;BOYACÁ;SANTANA;Caña Panelera;Establecido;No indica;Pendiente;No indica;No Tiene;SI;5.099;7.177;3.411;3.455;1.912;1.360;5.925;0.438;0.225;1.008;9.511;0.196;357.5;1.396;18.00;1.274;0.732;ND;ND;ND;ND
15.197;23/12/2015;BOYACÁ;SANTANA;Caña Panelera;Establecido;No indica;Pendiente;No indica;No Tiene;NO;4.51;5.663;15.74;5.946;5.575;4.884;2.105;0.309;0.148;0.776;8.914;0.269;506.9;1.832;12.52;2.147;0.327;ND;ND;ND;ND
15.198;23/12/2015;SANTANDER;SAN BENITO;Caña Panelera;Establecido;No indica;Ondulado;No indica;No Tiene;NO;5.34;4.858;8.350;18.55;0.817;0.535;7.921;2.273;0.250;0.982;12.24;0.233;382.0;3.653;18.75;8.61;0.327;ND;ND;ND;ND
15.199;23/12/2015;SANTANDER;SAN BENITO;Caña Panelera;Establecido;No indica;Ondulado;No indica;No Tiene;NO;8;4.763;1.624;10.14;ND;ND;17.14;0.984;0.131;0.829;19.08;0.722;88.48;8.887;1.245;62.21;0.706;ND;ND;ND;ND
15.201;23/12/2015;BOYACÁ;MONIQUIRÁ;Caña Panelera;Establecido;No indica;Plano;No indica;No Tiene;SI (15-15-15);6.37;7.091;7.214;10.92;ND;ND;1.331;0.583;0.396;0.345;2.657;0.460;211.7;1.369;4.730;10.84;0.479;ND;ND;ND;ND
15.202;23/12/2015;BOYACÁ;MONIQUIRÁ;Caña Panelera;Establecido;No indica;Plano;No indica;No Tiene;SI (15-15-15);6.46;7.745;15.92;8.437;ND;ND;12.36;0.880;0.166;0.522;13.93;0.194;227.3;2.467;6.435;3.418;0.327;ND;ND;ND;ND
15.204;23/12/2015;BOYACÁ;MONIQUIRÁ;Caña Panelera;Establecido;No indica;Pendiente;No indica;No Tiene;SI;5.13;9.733;5.214;7.191;1.595;1.339;6.893;1.484;0.213;0.494;10.68;0.216;425.5;2.141;9.746;6.356;0.327;ND;ND;ND;ND
15.206;23/12/2015;BOYACÁ;MONIQUIRÁ;Caña Panelera;Establecido;No indica;Plano;No indica;No Tiene;SI;4.54;9.875;33.33;18.08;4.181;3.606;1.231;0.564;0.311;0.481;6.770;0.322;534.7;1.343;3.977;2.546;0.226;ND;ND;ND;ND
15.208;23/12/2015;BOYACÁ;SANTANA;Caña Panelera;Establecido;No indica;Pendiente;No indica;No Tiene;NO;5.32;6.136;10.50;5.790;0.124;0;9.945;2.144;0.180;1.204;13.59;0.287;275.8;1.998;9.312;4.583;0.353;ND;ND;ND;ND
15.212;23/12/2015;SANTANDER;CHIPATÁ;Caña Panelera;Establecido;No indica;Ondulado;No indica;No Tiene;NO;7.82;11.20;28.78;3.610;ND;ND;8.276;0.639;0.205;0.779;9.901;0.480;37.41;< 1.0;1.802;< 1.0;0.252;ND;ND;ND;ND
15.213;23/12/2015;BOYACÁ;SAN JOSÉ DE PARE;Caña Panelera;Establecido;No indica;Ondulado;No indica;No Tiene;SI (15-15-15);6.04;7.982;10.60;3.610;ND;ND;17.25;0.950;0.188;0.968;19.36;0.245;261.0;1.778;3.201;3.552;0.555;ND;ND;ND;ND
15.214;23/12/2015;BOYACÁ;SAN JOSÉ DE PARE;Caña Panelera;Establecido;No indica;Ondulado;No indica;No Tiene;NO;5.34;8.550;6.381;4.078;0.576;0.329;14.40;0.695;0.242;0.858;16.77;0.211;531.3;1.187;4.791;2.339;0.631;ND;ND;ND;ND
15.215;23/12/2015;BOYACÁ;SAN JOSÉ DE PARE;Caña Panelera;Establecido;No indica;Ondulado;No indica;No Tiene;NO;5.34;6.609;66.06;3.922;0.201;0.164;5.744;0.917;0.120;0.732;7.715;0.232;567.2;2.258;6.513;3.921;0.428;ND;ND;ND;ND
15.216;23/12/2015;BOYACÁ;SANTANA;Caña Panelera;Establecido;No indica;Pendiente;No indica;No Tiene;NO;5.39;9.591;39.95;4.078;0.499;0.226;5.976;0.864;0.328;0.801;8.469;0.284;358.9;1.329;3.066;5.034;0.504;ND;ND;ND;ND
15.217;23/12/2015;BOYACÁ;SAN JOSÉ DE PARE;Caña Panelera;Establecido;No indica;Ondulado;No indica;No Tiene;SI;5.82;5.852;37.87;2.365;ND;ND;8.754;0.972;0.256;0.789;10.77;0.213;298.7;1.653;2.922;1.43;0.580;ND;ND;ND;ND
15.218;23/12/2015;BOYACÁ;SAN JOSÉ DE PARE;Caña Panelera;Establecido;No indica;Ondulado;No indica;No Tiene;SI;7.39;13.28;29.95;2.209;ND;ND;7.516;2.760;0.348;0.831;11.45;0.503;47.35;< 1.0;1.322;1.139;0.757;ND;ND;ND;ND
15.219;23/12/2015;BOYACÁ;SANTANA;Caña Panelera;Establecido;No indica;Ondulado;No indica;No Tiene;NO;6.66;14.42;13.74;2.209;ND;ND;4.565;1.187;0.343;0.803;6.900;0.310;45.08;< 1.0;2.084;1.673;0.428;ND;ND;ND;ND
15.220;23/12/2015;BOYACÁ;SANTANA;Caña Panelera;Establecido;No indica;Pendiente;No indica;No Tiene;NO;7.07;6.136;11.54;4.856;ND;ND;11.60;0.545;0.247;0.795;13.19;0.710;40.69;< 1.0;2.37;< 1.0;0.353;ND;ND;ND;ND
15.221;23/12/2015;BOYACÁ;SANTANA;Caña Panelera;Establecido;No indica;Ondulado;No indica;No Tiene;NO;5.09;6.515;23.71;6.257;2.364;1.896;4.350;0.562;0.268;0.805;8.352;0.161;527.1;< 1.0;3.327;1.414;0.580;ND;ND;ND;ND
15.222;23/12/2015;SANTANDER;VÉLEZ;Caña Panelera;Establecido;No indica;Plano;No indica;No Tiene;NO;5.81;7.698;41.19;4.233;ND;ND;13.77;1.284;0.339;0.613;16.01;0.249;579.2;1.046;2.62;1.539;0.226;ND;ND;ND;ND
15.223;23/12/2015;BOYACÁ;MONIQUIRÁ;Caña Panelera;Establecido;No indica;Plano;No indica;No Tiene;SI (15-15-15);4.599;11.48;11.97;8.281;3.844;3.039;0.403;0.296;0.176;0.501;5.222;0.350;171.6;1.228;< 1.0;2.927;0.226;ND;ND;ND;ND
15.224;23/12/2015;SANTANDER;VÉLEZ;Caña Panelera;Establecido;No indica;Ondulado;No indica;No Tiene;NO;6.5;6.500;40.28;7.036;ND;ND;17.15;2.723;0.670;0.857;21.41;0.375;277.7;2.743;3.931;7.802;0.706;ND;ND;ND;ND
15.225;23/12/2015;SANTANDER;CHIPATÁ;Caña Panelera;Establecido;No indica;Ondulado;No indica;No Tiene;NO;4.75;6.846;9.516;20.73;2.114;1.648;8.384;1.837;0.411;0.750;13.49;0.346;702.9;4.887;24.48;9.391;0.454;ND;ND;ND;ND
15.226;23/12/2015;SANTANDER;VÉLEZ;Caña Panelera;Establecido;No indica;Ondulado;No indica;No Tiene;SI;5.85;5.363;3.320;3.766;ND;ND;18.04;1.024;0.261;0.714;20.04;0.205;160.1;1.716;3.081;5.716;0.353;ND;ND;ND;ND
15.227;23/12/2015;BOYACÁ;MONIQUIRÁ;Caña Panelera;Establecido;No indica;Plano;No indica;No Tiene;SI (10-20-20);5.2;5.568;5.759;4.856;0.528;0.412;11.63;1.035;0.269;0.592;14.05;0.203;406.3;1.980;4.482;2.751;0.327;ND;ND;ND;ND
15.228;23/12/2015;BOYACÁ;MONIQUIRÁ;Caña Panelera;Establecido;No indica;Plano;No indica;No Tiene;SI;4.889;5.947;33.48;8.904;2.009;1.731;3.659;0.611;0.355;0.834;7.469;0.199;703.4;1.307;5.474;1.925;0.605;ND;ND;ND;ND
15.229;23/12/2015;BOYACÁ;MONIQUIRÁ;Caña Panelera;Establecido;No indica;Plano;No indica;No Tiene;SI (15-15-15);4.389;9.828;16.78;9.527;7.199;6.265;1.237;0.551;0.445;0.470;9.905;0.226;916.8;2.566;2.16;4.668;0.277;ND;ND;ND;ND
15.230;23/12/2015;BOYACÁ;MONIQUIRÁ;Caña Panelera;Establecido;No indica;Plano;No indica;No Tiene;SI (15-15-15);7.81;12.76;13.28;7.814;ND;ND;19.84;1.199;0.389;0.604;22.04;0.618;45.21;< 1.0;2.495;< 1.0;0.504;ND;ND;ND;ND
15.231;23/12/2015;BOYACÁ;MONIQUIRÁ;Caña Panelera;Establecido;No indica;Pendiente;No indica;No Tiene;SI (18-18-18);4.84;7.603;8.926;7.503;2.739;2.246;2.585;0.531;0.172;0.755;6.784;0.170;570.3;1.008;2.393;1.409;0.403;ND;ND;ND;ND
15.232;23/12/2015;BOYACÁ;MONIQUIRÁ;Caña Panelera;Establecido;No indica;Plano;No indica;No Tiene;SI (18-18-18);5.6;11.29;15.54;8.437;ND;ND;12.47;0.671;0.179;0.845;14.17;0.258;620.4;2.003;8.766;6.465;0.428;ND;ND;ND;ND
15.233;23/12/2015;SANTANDER;VÉLEZ;Caña Panelera;Establecido;No indica;Ondulado;No indica;No Tiene;SI;5.71;8.976;8.198;7.970;ND;ND;13.11;1.650;0.346;0.726;15.83;0.183;513.0;1.792;13.19;3.559;0.302;ND;ND;ND;ND
15.234;23/12/2015;SANTANDER;GÜEPSA;Caña Panelera;Establecido;No indica;Ondulado;No indica;No Tiene;SI (15-15-15);5.83;12.90;3.593;5.479;ND;ND;19.57;1.957;0.399;1.007;22.94;0.245;171.2;1.282;2.509;9.24;0.302;ND;ND;ND;ND
15.235;23/12/2015;SANTANDER;CHIPATÁ;Caña Panelera;Establecido;No indica;Pendiente;No indica;No Tiene;NO;7.44;12.29;13.95;3.922;ND;ND;9.190;1.145;0.447;1.084;11.86;0.683;54.82;< 1.0;4.081;1.237;0.353;ND;ND;ND;ND
15.236;23/12/2015;BOYACÁ;SANTANA;Caña Panelera;Establecido;No indica;Pendiente;No indica;No Tiene;NO;5.38;13.66;10.03;6.880;3.018;2.596;2.085;0.537;0.118;0.805;6.565;0.289;360.8;1.111;2.758;2.288;0.327;ND;ND;ND;ND
15.237;23/12/2015;BOYACÁ;SANTANA;Caña Panelera;Establecido;No indica;Pendiente;No indica;No Tiene;NO;5.44;9.544;10.01;5.790;1.778;1.298;3.954;0.424;0.175;1.112;7.444;0.241;239.3;< 1.0;2.1;1.526;0.302;ND;ND;ND;ND
15.239;23/12/2015;BOYACÁ;SANTANA;Caña Panelera;Establecido;No indica;Pendiente;No indica;No Tiene;NO;7.06;8.361;73.65;6.101;ND;ND;20.25;1.256;0.356;0.575;22.44;0.302;84.19;1.064;3.024;1.149;0.428;ND;ND;ND;ND
15.240;23/12/2015;BOYACÁ;SANTANA;Caña Panelera;Establecido;No indica;Pendiente;No indica;No Tiene;NO;4.55;7.414;9.365;4.700;5.642;5.049;1.834;0.477;0.212;0.604;8.771;0.238;653.3;2.097;4.905;3.386;0.353;ND;ND;ND;ND
15.242;23/12/2015;BOYACÁ;SANTANA;Caña Panelera;Establecido;No indica;Pendiente;No indica;No Tiene;NO;4.7;4.716;25.36;3.766;4.104;3.452;4.000;1.275;0.289;0.730;10.40;0.211;423.7;2.068;10.43;3.219;0.201;ND;ND;ND;ND
15.243;23/12/2015;SANTANDER;SUAITA;Caña Panelera;Establecido;No indica;Ondulado;No indica;No Tiene;No indica;4.83;5.805;7.244;5.790;2.258;1.700;7.766;1.148;0.186;0.636;11.99;0.242;572.4;2.503;18.25;3.309;0.479;ND;ND;ND;ND
15.244;23/12/2015;SANTANDER;SUAITA;Caña Panelera;Establecido;No indica;Ondulado;No indica;No Tiene;SI;4.67;8.739;37.72;6.413;4.085;3.421;1.327;0.400;0.247;0.475;6.536;0.259;928.5;< 1.0;8.510;2.085;0.378;ND;ND;ND;ND
15.246;23/12/2015;SANTANDER;SUAITA;Caña Panelera;Establecido;No indica;Ondulado;No indica;No Tiene;SI;5.28;7.130;6.396;4.856;0.403;0.164;3.937;1.034;0.107;0.451;5.933;0.217;282.1;2.290;13.18;2.98;0.504;ND;ND;ND;ND
15.247;23/12/2015;SANTANDER;SUAITA;Caña Panelera;Establecido;No indica;Pendiente;No indica;No Tiene;SI;5.23;7.130;4.532;7.503;0.817;0.546;7.206;1.761;0.269;0.470;10.52;0.205;325.8;1.373;7.187;2.177;0.353;ND;ND;ND;ND
15.250;23/12/2015;SANTANDER;SUAITA;Caña Panelera;Establecido;No indica;Ondulado;No indica;No Tiene;SI;5.28;5.663;29.83;3.922;0.961;0.546;6.595;0.851;0.119;0.630;9.157;0.210;515.8;1.537;8.926;2.172;0.681;ND;ND;ND;ND
15.253;23/12/2015;BOYACÁ;MONIQUIRÁ;Caña Panelera;Establecido;No indica;Plano;No indica;No Tiene;SI (18-18-18);5.019;4.716;4.305;5.790;3.124;2.689;3.660;0.584;0.250;0.428;8.048;0.116;287.3;1.016;7.227;1.214;0.302;ND;ND;ND;ND
15.254;23/12/2015;SANTANDER;VÉLEZ;Caña Panelera;Establecido;No indica;Ondulado;No indica;No Tiene;NO;6.2;8.929;3.684;5.323;ND;ND;11.62;1.916;0.393;1.409;15.34;0.200;292.6;5.256;5.211;3.780;0.605;ND;ND;ND;ND
15.255;23/12/2015;SANTANDER;VÉLEZ;Caña Panelera;Establecido;No indica;Pendiente;No indica;No Tiene;NO;6.49;11.29;4.441;2.676;ND;ND;18.78;1.474;0.402;1.126;21.78;0.207;104.1;2.12;3.594;3.623;0.428;ND;ND;ND;ND
15.256;23/12/2015;SANTANDER;CHIPATÁ;Caña Panelera;Establecido;No indica;Ondulado;No indica;No Tiene;SI (15-15-15);6.18;8.077;10.59;3.455;ND;ND;14.75;1.530;0.389;0.820;17.49;0.270;629.6;< 1.0;4.668;4.391;0.378;ND;ND;ND;ND
15.258;23/12/2015;SANTANDER;GÜEPSA;Caña Panelera;Establecido;No indica;Pendiente;No indica;No Tiene;NO;6.22;10.44;5.684;3.766;ND;ND;18.65;1.366;0.339;0.888;21.25;0.234;101.2;1.314;2.052;3.368;0.353;ND;ND;ND;ND
15.259;23/12/2015;BOYACÁ;SAN JOSÉ DE PARE;Caña Panelera;Establecido;No indica;Ondulado;No indica;No Tiene;SI (15-15-15);6.34;13.14;18.80;4.233;ND;ND;15.51;1.762;0.274;0.804;18.35;0.307;80.79;< 1.0;2.355;2.307;0.403;ND;ND;ND;ND
15.260;23/12/2015;BOYACÁ;SANTANA;Caña Panelera;Establecido;No indica;Pendiente;No indica;No Tiene;NO;5.059;8.029;9.395;5.012;1.307;0.937;12.93;0.684;0.317;0.893;16.13;0.201;475.7;1.259;10.31;2.446;0.353;ND;ND;ND;ND
15.262;23/12/2015;BOYACÁ;SANTANA;Caña Panelera;Establecido;No indica;Pendiente;No indica;No Tiene;NO;5.24;5.757;7.971;6.568;2.412;1.957;6.577;1.969;0.474;2.176;13.61;0.159;387.8;2.254;24.43;2.570;0.428;ND;ND;ND;ND
15.264;29/12/2015;SANTANDER;GÜEPSA;Caña Panelera;Establecido;No indica;Ondulado;No indica;No Tiene;CAÑA;7.98;4.153;5.368;8.396;ND;ND;8.909;1.688;0.169;0.201;10.96;0.740;34.16;2.806;3.310;12.47;0.163;ND;ND;ND;ND
15.266;29/12/2015;BOYACÁ;SANTANA;Caña Panelera;Establecido;No indica;Pendiente;No indica;No Tiene;NO;4.690;4.152;47.76;3.942;3.710;3.359;3.849;1.182;0.258;0.226;9.226;0.273;633.8;2.177;13.70;2.490;0.271;ND;ND;ND;ND
15.267;29/12/2015;BOYACÁ;SAN JOSÉ DE PARE;Caña Panelera;Establecido;No indica;Ondulado;No indica;No Tiene;SI;4.75;3.238;8.771;3.306;7.786;0.443;5.062;0.695;0.320;0.187;14.05;0.181;514.9;1.282;21.71;2.406;0.163;ND;ND;ND;ND
15.268;29/12/2015;BOYACÁ;SAN JOSÉ DE PARE;Caña Panelera;Establecido;No indica;Ondulado;No indica;No Tiene;SI;5;5.735;8.656;3.561;0.740;0.504;11.07;1.263;0.236;0.212;13.52;0.332;477.4;1.171;14.60;2.551;0.163;ND;ND;ND;ND
15.270;29/12/2015;BOYACÁ;SAN JOSÉ DE PARE;Caña Panelera;Establecido;No indica;Ondulado;No indica;No Tiene;SI;4.900;3.979;7.837;3.433;4.258;3.462;4.777;0.487;0.189;0.184;9.898;0.188;486.4;1.140;2.375;1.905;0.163;ND;ND;ND;ND
15.271;29/12/2015;BOYACÁ;SAN JOSÉ DE PARE;Caña Panelera;Establecido;No indica;Ondulado;No indica;No Tiene;SI;4.639;5.116;17.28;3.815;3.258;2.627;2.285;0.426;0.234;0.209;6.415;0.223;437.4;1.201;4.121;1.431;0.244;ND;ND;ND;ND
15.272;29/12/2015;BOYACÁ;SANTANA;Caña Panelera;Establecido;No indica;Ondulado;No indica;No Tiene;NO;4.860;6.674;21.96;4.070;2.931;2.926;3.682;0.462;0.204;0.260;7.540;0.196;517.3;1.050;14.87;2.008;0.163;ND;ND;ND;ND
15.273;29/12/2015;BOYACÁ;SAN JOSÉ DE PARE;Caña Panelera;Establecido;No indica;Ondulado;No indica;No Tiene;SI;5.52;6.279;8.168;3.688;ND;ND;21.28;2.069;0.393;0.515;24.26;0.275;381.2;1.212;11.56;2.033;0.163;ND;ND;ND;ND
15.274;29/12/2015;BOYACÁ;SAN JOSÉ DE PARE;Caña Panelera;Establecido;No indica;Ondulado;No indica;No Tiene;SI;4.47;3.312;12.13;4.579;3.402;2.699;2.015;0.385;0.199;0.581;6.584;0.204;413.1;1.087;10.92;1.779;0.163;ND;ND;ND;ND
15.275;29/12/2015;BOYACÁ;SAN JOSÉ DE PARE;Caña Panelera;Establecido;No indica;Ondulado;No indica;No Tiene;SI;4.67;3.040;12.30;3.306;3.623;3.122;4.304;0.747;0.205;0.176;9.057;0.191;353.1;1.328;17.87;2.159;0.163;ND;ND;ND;ND
15.276;29/12/2015;SANTANDER;CHIPATÁ;Caña Panelera;Establecido;No indica;Ondulado;No indica;No Tiene;SI (15-15-15);5.37;3.609;31.93;5.215;0.576;0.370;12.23;1.326;0.322;0.379;14.84;0.205;437.0;7.027;10.51;6.644;0.163;ND;ND;ND;ND
15.288;29/12/2015;SANTANDER;CHIPATÁ;Caña Panelera;Establecido;No indica;Ondulado;No indica;No Tiene;NO;8.01;5.116;2.468;3.306;ND;ND;25.43;1.094;0.264;0.200;26.99;0.685;34.42;< 1.0;3.511;< 1.0;0.487;ND;ND;ND;ND
15.289;29/12/2015;SANTANDER;CHIPATÁ;Caña Panelera;Establecido;No indica;Pendiente;No indica;No Tiene;NO;7.38;9.541;13.81;5.088;ND;ND;4.824;1.825;0.542;0.225;7.418;0.374;27.72;< 1.0;3.754;1.123;0.487;ND;ND;ND;ND
15.290;29/12/2015;BOYACÁ;MONIQUIRÁ;Caña Panelera;Establecido;No indica;Ondulado;No indica;No Tiene;NO;4.59;5.388;6.143;3.942;4.460;3.936;1.682;0.685;0.219;0.216;7.263;0.217;783.8;1.439;6.051;< 1.0;0.271;ND;ND;ND;ND
15.293;29/12/2015;BOYACÁ;MONIQUIRÁ;Caña Panelera;Establecido;No indica;Ondulado;No indica;No Tiene;SI (15-15-15);5.49;5.933;6.301;4.197;0;0;9.455;2.120;0.664;0.218;12.46;0.347;558.0;1.213;5.16;1.794;0.460;ND;ND;ND;ND
15.296;29/12/2015;BOYACÁ;SAN JOSÉ DE PARE;Caña Panelera;Establecido;No indica;Ondulado;No indica;No Tiene;SI;5.18;5.042;17.35;5.215;0.538;0.319;13.98;1.981;0.593;0.182;17.28;0.292;495.7;2.086;12.82;5.794;0.271;ND;ND;ND;ND
15.297;29/12/2015;BOYACÁ;SAN JOSÉ DE PARE;Caña Panelera;Establecido;No indica;Ondulado;No indica;No Tiene;NO;4.49;5.067;9.991;3.942;8.968;7.656;3.227;0.531;0.297;0.202;13.22;0.248;529.1;1.358;3.422;1.228;0.325;ND;ND;ND;ND
15.300;29/12/2015;SANTANDER;CHIPATÁ;Caña Panelera;Establecido;No indica;Pendiente;No indica;No Tiene;NO;7.97;7.119;5.239;4.960;ND;ND;23.08;0.745;0.393;0.230;24.45;0.721;28.14;1.123;3.348;< 1.0;0.190;ND;ND;ND;ND
15.301;29/12/2015;BOYACÁ;SANTANA;Caña Panelera;Establecido;No indica;Ondulado;No indica;No Tiene;NO;4.62;3.139;26.97;3.815;2.902;2.359;6.565;0.952;0.234;0.310;10.96;0.214;545.0;1.427;11.25;2.113;0.163;ND;ND;ND;ND
15.302;29/12/2015;BOYACÁ;SANTANA;Caña Panelera;Establecido;No indica;Ondulado;No indica;No Tiene;NO;4.91;5.042;14.37;3.815;2.133;1.926;4.494;0.658;0.342;0.152;7.781;0.206;323.3;1.45;8.586;2.187;0.163;ND;ND;ND;ND
15.305;29/12/2015;SANTANDER;CHIPATÁ;Caña Panelera;Establecido;No indica;Ondulado;No indica;No Tiene;NO;6.16;8.206;15.93;30.49;ND;ND;2.206;1.801;0.421;0.377;4.806;0.687;69.12;1.181;2.766;3.286;0.244;ND;ND;ND;ND
15.306;29/12/2015;SANTANDER;CHIPATÁ;Caña Panelera;Establecido;No indica;Ondulado;No indica;No Tiene;NO;7.9;4.648;5.655;5.851;ND;ND;5.875;1.472;0.269;0.228;7.845;0.665;46.20;2.562;3.552;9.846;0.217;ND;ND;ND;ND
15.307;29/12/2015;BOYACÁ;SANTANA;Caña Panelera;Establecido;No indica;Pendiente;No indica;No Tiene;NO;4.849;2.991;34.42;3.433;3.931;3.678;3.611;0.604;0.231;0.183;8.562;0.160;478.5;1.024;2.411;< 1.0;0.163;ND;ND;ND;ND
15.308;29/12/2015;SANTANDER;CHIPATÁ;Caña Panelera;Establecido;No indica;Plano;No indica;No Tiene;NO;6.24;5.488;3.631;5.978;ND;ND;2.018;1.557;0.313;0.300;4.189;0.294;81.04;1.034;6.348;1.776;0.190;ND;ND;ND;ND
15.310;29/12/2015;BOYACÁ;SANTANA;Caña Panelera;Establecido;No indica;Pendiente;No indica;No Tiene;NO;5.17;4.671;51.98;3.433;1.009;0.793;9.182;0.922;0.326;0.171;11.61;0.218;688.9;1.637;14.07;2.12;0.190;ND;ND;ND;ND
15.311;29/12/2015;BOYACÁ;CHITARAQUE;Caña Panelera;Establecido;No indica;Pendiente;No indica;No Tiene;NO;5.69;3.164;15.16;3.688;ND;ND;12.48;2.041;0.231;0.186;14.94;0.215;206.3;2.314;17.09;4.506;0.163;ND;ND;ND;ND
15.312;29/12/2015;BOYACÁ;SANTANA;Caña Panelera;Establecido;No indica;Ondulado;No indica;No Tiene;NO;4.610;4.424;34.58;5.469;5.488;4.843;5.464;1.072;0.345;0.196;12.56;0.239;550.8;1.116;3.056;2.052;0.190;ND;ND;ND;ND
15.368;29/12/2015;BOYACÁ;MONIQUIRÁ;Caña Panelera;Establecido;No indica;Ondulado;No indica;No Tiene;NO;5.37;3.955;14.25;4.706;0.711;0.577;9.967;1.479;0.327;0.238;12.72;0.209;311.8;2.073;17.52;2.059;0.487;ND;ND;ND;ND
15.369;29/12/2015;BOYACÁ;SANTANA;Caña Panelera;Establecido;No indica;Pendiente;No indica;No Tiene;NO;4.79;2.101;14.65;3.306;5.248;4.554;3.350;0.572;0.227;0.171;9.570;0.165;272.1;1.615;23.70;1.339;0.244;ND;ND;ND;ND
15.371;29/12/2015;BOYACÁ;SANTANA;Caña Panelera;Establecido;No indica;Pendiente;No indica;No Tiene;NO;6.47;2.497;12.36;3.179;ND;ND;12.72;2.187;0.290;0.233;15.43;0.199;101.1;1.127;11.07;1.623;0.379;ND;ND;ND;ND
15.372;29/12/2015;SANTANDER;GÜEPSA;Caña Panelera;Establecido;No indica;Ondulado;No indica;No Tiene;NO;6.06;7.563;13.30;4.451;ND;ND;21.31;1.854;0.593;0.262;24.02;0.333;114.6;1.19;5.187;1.073;0.406;ND;ND;ND;ND
15.373;29/12/2015;SANTANDER;GÜEPSA;Caña Panelera;Establecido;No indica;Pendiente;No indica;No Tiene;NO;8.08;5.191;5.756;3.561;ND;ND;8.597;1.282;0.403;0.190;10.47;0.691;39.76;1.488;4.34;1.163;0.514;ND;ND;ND;ND
15.375;29/12/2015;SANTANDER;GÜEPSA;Caña Panelera;Establecido;No indica;Ondulado;No indica;No Tiene;SI (15-15-15);8.130;7.218;6.186;3.306;ND;ND;13.54;1.085;0.379;0.213;15.22;0.709;34.29;1.149;4.165;< 1.0;1.001;ND;ND;ND;ND
15.398;29/12/2015;BOYACÁ;SANTANA;Caña Panelera;Establecido;No indica;Pendiente;No indica;No Tiene;NO;5.84;3.189;18.23;4.324;ND;ND;15.30;1.769;0.307;0.220;17.59;0.185;204.5;2.429;10.79;2.58;0.190;ND;ND;ND;ND
15.399;29/12/2015;BOYACÁ;SANTANA;Caña Panelera;Establecido;No indica;Pendiente;No indica;No Tiene;NO;4.84;2.966;10.56;3.433;4.767;4.121;5.669;1.358;0.305;0.245;12.34;0.218;375.2;1.781;4.376;< 1.0;0.325;ND;ND;ND;ND
15.401;29/12/2015;SANTANDER;GÜEPSA;Caña Panelera;Establecido;No indica;Ondulado;No indica;No Tiene;NO;7.76;5.340;79.04;8.396;ND;ND;10.70;1.755;0.435;0.311;13.20;0.795;44.49;2.189;4.358;5.661;0.298;ND;ND;ND;ND
15.403;29/12/2015;SANTANDER;CHIPATÁ;Caña Panelera;Establecido;No indica;Ondulado;No indica;No Tiene;NO;7.93;5.388;5.354;6.233;ND;ND;9.275;1.509;0.743;0.150;11.67;0.863;30.05;9.021;3.418;3.702;0.704;ND;ND;ND;ND
15.404;29/12/2015;BOYACÁ;SAN JOSÉ DE PARE;Caña Panelera;Establecido;No indica;Ondulado;No indica;No Tiene;SI;5.59;5.389;37.43;4.324;ND;ND;12.60;0.576;0.147;0.215;13.53;0.263;528.0;2.008;7.381;5.161;0.190;ND;ND;ND;ND
15.405;29/12/2015;BOYACÁ;SAN JOSÉ DE PARE;Caña Panelera;Establecido;No indica;Ondulado;No indica;No Tiene;SI;4.99;4.227;24.23;3.306;1.105;0.834;8.690;0.879;0.202;0.162;11.04;0.221;507.1;1.689;9.101;3.03;0.163;ND;ND;ND;ND
15.406;29/12/2015;BOYACÁ;SAN JOSÉ DE PARE;Caña Panelera;Establecido;No indica;Ondulado;No indica;No Tiene;NO;5.2;4.103;43.70;4.197;0.624;0.391;7.167;1.324;0.252;0.204;9.573;0.303;240.3;1.763;9.535;15.09;0.271;ND;ND;ND;ND
15.407;29/12/2015;BOYACÁ;SAN JOSÉ DE PARE;Caña Panelera;Establecido;No indica;Ondulado;No indica;No Tiene;NO;5.31;4.400;7.780;4.324;0.394;0.216;2.239;0.551;0.247;0.201;3.634;0.249;304.0;1.157;8.385;2.509;0.163;ND;ND;ND;ND
15.408;29/12/2015;BOYACÁ;SAN JOSÉ DE PARE;Caña Panelera;Establecido;No indica;Ondulado;No indica;No Tiene;NO;4.57;7.070;12.66;6.869;5.065;4.430;15.49;0.671;0.218;0.195;21.64;0.288;355.6;1.314;7.678;2.540;0.190;ND;ND;ND;ND
15.410;29/12/2015;BOYACÁ;SAN JOSÉ DE PARE;Caña Panelera;Establecido;No indica;Ondulado;No indica;No Tiene;SI;4.639;5.735;5.440;3.561;3.489;0.989;2.513;0.744;0.167;0.160;7.075;0.272;466.7;1.196;16.31;1.356;0.190;ND;ND;ND;ND
15.411;29/12/2015;BOYACÁ;SAN JOSÉ DE PARE;Caña Panelera;Establecido;No indica;Ondulado;No indica;No Tiene;SI;4.62;4.202;8.254;3.306;5.796;5.121;3.274;0.403;0.197;0.186;9.858;0.205;457.1;1.827;15.41;1.593;0.190;ND;ND;ND;ND
15.412;29/12/2015;BOYACÁ;SAN JOSÉ DE PARE;Caña Panelera;Establecido;No indica;Ondulado;No indica;No Tiene;NO;4.38;5.858;30.33;11.57;5.209;4.740;1.832;0.454;0.259;0.190;7.947;0.366;570.9;2.168;12.37;2.576;0.271;ND;ND;ND;ND
15.413;29/12/2015;BOYACÁ;SAN JOSÉ DE PARE;Caña Panelera;Establecido;No indica;Ondulado;No indica;No Tiene;SI;5.23;5.438;105.1;4.833;0.230;0.164;11.95;1.680;0.380;0.140;14.38;0.471;159.8;2.094;3.71;8.853;0.244;ND;ND;ND;ND
15.414;29/12/2015;BOYACÁ;SAN JOSÉ DE PARE;Caña Panelera;Establecido;No indica;Ondulado;No indica;No Tiene;SI;4.83;7.020;15.06;4.451;1.980;1.586;10.09;1.973;0.222;0.242;14.51;0.426;494.5;4.012;12.88;6.067;0.325;ND;ND;ND;ND
15.415;29/12/2015;BOYACÁ;SAN JOSÉ DE PARE;Caña Panelera;Establecido;No indica;Ondulado;No indica;No Tiene;NO;4.230;6.575;17.78;9.160;6.940;5.997;1.640;0.426;0.235;0.187;9.430;0.340;725.6;2.273;14.30;2.605;0.244;ND;ND;ND;ND
15.416;29/12/2015;SANTANDER;CHIPATÁ;Caña Panelera;Establecido;No indica;Plano;No indica;No Tiene;NO;7.87;11.86;10.23;20.35;ND;ND;11.35;2.092;0.264;0.165;13.87;0.997;41.62;1.461;3.392;3.21;0.460;ND;ND;ND;ND
15.417;29/12/2015;BOYACÁ;MONIQUIRÁ;Caña Panelera;Establecido;No indica;Ondulado;No indica;No Tiene;NO;7.42;6.476;32.93;3.815;ND;ND;7.964;1.097;0.206;0.240;9.509;0.717;35.84;< 1.0;2.884;< 1.0;0.190;ND;ND;ND;ND
15.419;29/12/2015;BOYACÁ;MONIQUIRÁ;Caña Panelera;Establecido;No indica;Ondulado;No indica;No Tiene;NO;4.66;5.636;13.65;4.197;2.489;0;1.446;0.362;0.182;0.177;4.658;0.256;357.3;< 1.0;1.853;< 1.0;0.514;ND;ND;ND;ND
15.420;29/12/2015;BOYACÁ;MONIQUIRÁ;Caña Panelera;Establecido;No indica;Ondulado;No indica;No Tiene;NO;4.769;3.857;35.13;5.469;3.075;2.844;2.613;0.799;0.558;0.218;7.266;0.214;325.1;1.054;4.868;< 1.0;0.217;ND;ND;ND;ND
15.421;29/12/2015;BOYACÁ;SAN JOSÉ DE PARE;Caña Panelera;Establecido;No indica;Ondulado;No indica;No Tiene;SI;5.2;6.674;10.45;3.433;0.451;0.267;9.474;1.002;0.203;0.177;11.30;0.287;388.9;1.686;21.72;5.061;0.244;ND;ND;ND;ND
15.425;29/12/2015;SANTANDER;GÜEPSA;Caña Panelera;Establecido;No indica;Ondulado;No indica;No Tiene;NO;6.97;7.885;36.48;5.978;ND;ND;2.650;1.514;0.576;0.263;5.006;0.324;34.90;1.734;4.137;3.024;0.460;ND;ND;ND;ND
15.426;29/12/2015;SANTANDER;CHIPATÁ;Caña Panelera;Establecido;No indica;Ondulado;No indica;No Tiene;NO;7.96;6.303;50.00;4.070;ND;ND;19.63;1.739;0.574;0.167;22.12;0.695;29.30;< 1.0;2.931;< 1.0;0.569;ND;ND;ND;ND
15.430;29/12/2015;BOYACÁ;SANTANA;Caña Panelera;Establecido;No indica;Pendiente;No indica;No Tiene;NO;5.15;2.719;6.502;3.433;2.864;2.431;6.667;1.827;0.257;0.269;11.88;0.183;240.5;2.091;28.86;2.025;0.217;ND;ND;ND;ND
15.431;29/12/2015;BOYACÁ;SANTANA;Caña Panelera;Establecido;No indica;Pendiente;No indica;No Tiene;NO;4.88;2.917;26.44;3.306;5.719;5.255;2.760;0.431;0.290;0.144;9.345;0.165;417.8;1.130;3.622;< 1.0;0.244;ND;ND;ND;ND
15.434;29/12/2015;BOYACÁ;SANTANA;Caña Panelera;Establecido;No indica;Pendiente;No indica;No Tiene;NO;5.49;4.004;8.354;3.688;0;0;11.13;1.895;0.290;0.265;13.58;0.233;399.2;2.652;24.75;5.708;0.298;ND;ND;ND;ND
15.443;29/12/2015;BOYACÁ;SANTANA;Caña Panelera;Establecido;No indica;Pendiente;No indica;No Tiene;NO;5;5.710;25.81;12.34;1.653;1.277;4.428;0.908;0.996;0.332;8.318;0.399;747.9;2.12;32.36;2.347;0.163;ND;ND;ND;ND
15.446;29/12/2015;SANTANDER;GÜEPSA;Caña Panelera;Establecido;No indica;Ondulado;No indica;No Tiene;NO;6.3;7.070;10.47;4.960;ND;ND;21.51;1.147;0.331;0.231;23.22;0.447;139.2;2.133;4.067;6.653;0.325;ND;ND;ND;ND
15.448;29/12/2015;BOYACÁ;SANTANA;Caña Panelera;Establecido;No indica;Pendiente;No indica;No Tiene;NO;5.4;3.114;6.761;6.233;0.961;0.721;9.770;2.224;0.323;0.178;13.45;0.187;343.1;1.887;19.18;1.617;0.163;ND;ND;ND;ND
15.449;23/12/2015;BOYACÁ;MONIQUIRÁ;Caña Panelera;Establecido;No indica;Pendiente;No indica;No Tiene;SI;5.24;8.455;3.805;6.413;2.701;2.081;8.477;2.000;0.637;0.282;14.09;0.164;392.4;1.312;1.864;< 1.0;0.252;ND;ND;ND;ND
15.450;23/12/2015;SANTANDER;SAN BENITO;Caña Panelera;Establecido;No indica;Ondulado;No indica;No Tiene;NO;6.22;6.373;15.45;4.856;ND;ND;21.69;1.426;0.293;0.789;24.20;0.231;57.15;2.125;3.420;17.24;0.428;ND;ND;ND;ND
15.768;18/12/2015;CUNDINAMARCA;LA PEÑA;Caña Panelera;Establecido;Mas de 10 años;Ondulado;Buen drenaje;No Tiene;NO;7.65;7.734;29.47;13.01;ND;ND;15.18;1.557;0.242;0.249;17.23;0.975;16.07;1.124;< 1.0;2.72;0.601;ND;ND;ND;ND
15.770;18/12/2015;CUNDINAMARCA;LA PEÑA;Caña Panelera;Establecido;Mas de 10 años;Ondulado;Buen drenaje;No Tiene;NO;4.95;13.10;8.766;9.377;2.173;1.886;2.254;1.402;0.695;0.212;6.738;1.663;93.65;1.313;4.804;4.266;0.357;ND;ND;ND;ND
15.776;18/12/2015;CUNDINAMARCA;VERGARA;Caña Panelera;Establecido;Mas de 10 años;Pendiente;Regular drenaje;No indica;No indica;4.7;3.970;15.99;6.218;4.418;3.219;0.751;0.312;0.233;0.208;5.924;0.197;370.8;2.610;< 1.0;1.55;0.430;ND;ND;ND;ND
15.778;18/12/2015;CUNDINAMARCA;QUIPILE;Caña Panelera;Establecido;Mas de 10 años;Plano;Regular drenaje;No Tiene;Ninguno;6.29;2.628;96.47;7.955;ND;ND;11.61;2.497;0.238;0.202;14.54;0.402;25.16;2.555;1.367;12.25;0.528;ND;ND;ND;ND
15.781;18/12/2015;CUNDINAMARCA;LA PEÑA;Caña Panelera;Establecido;Mas de 10 años;Pendiente;Buen drenaje;No Tiene;NO;7.12;2.154;9.685;6.060;ND;ND;12.46;0.574;<0.09;0.315;13.40;0.532;5.430;1.390;< 1.0;2.032;0.406;ND;ND;ND;ND
15.783;18/12/2015;CUNDINAMARCA;LA PEÑA;Caña Panelera;Establecido;Mas de 10 años;Pendiente;Buen drenaje;No Tiene;NO;7.8;5.444;16.25;27.14;ND;ND;14.93;0.647;0.124;0.273;15.98;1.242;26.14;3.037;< 1.0;2.625;0.503;ND;ND;ND;ND
15.784;18/12/2015;CUNDINAMARCA;VERGARA;Caña Panelera;Establecido;Mas de 10 años;Ondulado;Regular drenaje;No indica;No indica;4.480;2.680;6.974;3.216;4.037;3.495;1.005;0.277;0.100;0.220;5.641;0.301;356.5;1.855;1.214;2.685;0.309;ND;ND;ND;ND
15.785;18/12/2015;CUNDINAMARCA;QUIPILE;Caña Panelera;Establecido;De 1 a 5 años;Pendiente;Buen drenaje;No indica;Ninguno;5.37;3.365;19.12;4.164;0.875;0.369;8.785;2.203;0.212;0.266;12.34;0.305;294.3;3.822;2.033;24.13;0.503;ND;ND;ND;ND
15.786;18/12/2015;CUNDINAMARCA;VERGARA;Caña Panelera;Establecido;Mas de 10 años;Plano;Regular drenaje;No Tiene;No indica;5.94;16.57;1.583;5.586;ND;ND;1.781;1.213;0.221;0.163;3.379;0.181;59.70;1.381;2.316;< 1.0;0.211;ND;ND;ND;ND
15.788;18/12/2015;CUNDINAMARCA;VERGARA;Caña Panelera;Establecido;Mas de 10 años;Pendiente;No indica;No indica;No indica;5.62;2.443;2.863;5.112;ND;ND;2.322;1.163;0.098;0.155;3.739;0.267;87.90;1.373;6.028;< 1.0;0.236;ND;ND;ND;ND
15.797;18/12/2015;CUNDINAMARCA;LA PEÑA;Caña Panelera;Establecido;Mas de 10 años;Ondulado;Buen drenaje;No Tiene;NO;5.76;2.470;17.92;7.008;ND;ND;3.866;2.309;0.240;0.233;6.649;0.289;322.8;7.789;5.659;19.19;0.309;ND;ND;ND;ND
15.798;18/12/2015;CUNDINAMARCA;LA PEÑA;Caña Panelera;Establecido;Mas de 10 años;Pendiente;Buen drenaje;No Tiene;NO;5.04;1.970;0.724;4.796;6.622;5.792;1.017;0.166;<0.09;0.287;8.170;0.128;257.2;1.774;< 1.0;2.519;0.357;ND;ND;ND;ND
15.799;18/12/2015;CUNDINAMARCA;LA PEÑA;Caña Panelera;Establecido;Mas de 10 años;Pendiente;Buen drenaje;No Tiene;NO;5.31;2.549;0.589;5.270;0.957;0.686;2.529;1.080;0.105;0.311;4.985;0.182;98.58;2.334;6.497;4.628;0.163;ND;ND;ND;ND
15.800;18/12/2015;CUNDINAMARCA;LA PEÑA;Caña Panelera;Establecido;Mas de 10 años;Pendiente;Buen drenaje;No Tiene;NO;7.66;5.049;8.556;6.218;ND;ND;12.62;0.916;0.148;0.218;13.91;0.682;13.31;1.992;< 1.0;11.79;0.357;ND;ND;ND;ND
15.801;18/12/2015;CUNDINAMARCA;LA PEÑA;Caña Panelera;Establecido;Mas de 10 años;Ondulado;Buen drenaje;No Tiene;NO;5.99;2.206;6.402;5.586;ND;ND;8.027;0.304;<0.09;0.174;8.568;0.256;92.16;4.623;1.711;10.07;0.138;ND;ND;ND;ND
15.802;18/12/2015;CUNDINAMARCA;LA PEÑA;Caña Panelera;Establecido;Mas de 10 años;Pendiente;Buen drenaje;No Tiene;NO;7.92;8.129;20.86;25.17;ND;ND;17.43;2.724;0.204;0.281;20.64;1.223;24.99;1.787;2.260;2.596;0.430;ND;ND;ND;ND
15.803;18/12/2015;CUNDINAMARCA;LA PEÑA;Caña Panelera;Establecido;Mas de 10 años;Pendiente;Buen drenaje;No Tiene;NO;4.79;5.181;1.462;3.532;4.737;3.864;1.919;1.201;0.171;0.241;8.272;0.232;2851.;3.136;2.303;4.24;0.357;ND;ND;ND;ND
15.804;18/12/2015;CUNDINAMARCA;LA PEÑA;Caña Panelera;Establecido;Mas de 10 años;Pendiente;Buen drenaje;No Tiene;NO;5.07;9.498;1.914;8.271;2.039;1.630;0.410;0.221;0.146;0.275;3.093;0.220;96.06;1.250;1.046;2.572;0.236;ND;ND;ND;ND
15.805;18/12/2015;CUNDINAMARCA;LA PEÑA;Caña Panelera;Establecido;Mas de 10 años;Pendiente;Buen drenaje;No Tiene;NO;5.04;6.918;7.742;4.954;3.563;2.973;3.268;2.053;0.582;0.230;9.698;0.384;339.2;2.242;4.464;7.95;0.333;ND;ND;ND;ND
15.806;18/12/2015;CUNDINAMARCA;LA PEÑA;Caña Panelera;Establecido;Mas de 10 años;Pendiente;Buen drenaje;No Tiene;NO;5.56;4.628;3.736;4.796;ND;ND;8.891;2.570;0.231;0.336;12.03;0.332;322.2;6.482;2.976;38.12;0.187;ND;ND;ND;ND
15.807;18/12/2015;CUNDINAMARCA;VILLETA;Caña Panelera;Establecido;Mas de 10 años;Pendiente;Buen drenaje;No indica;No indica;7.96;4.887;7.035;4.954;ND;ND;18.16;1.601;0.202;0.279;20.24;0.956;13.93;1.42;< 1.0;2.823;0.455;ND;ND;ND;ND
15.808;18/12/2015;CUNDINAMARCA;LA PEÑA;Caña Panelera;Establecido;Mas de 10 años;Pendiente;Buen drenaje;No Tiene;NO;5.08;7.366;32.08;8.587;0.803;0.522;4.224;2.210;0.723;0.293;8.255;0.916;662.2;7.288;5.789;21.36;0.187;ND;ND;ND;ND
16.500;18/11/2015;CUNDINAMARCA;LA PALMA;Caña Panelera;Establecido;De 0 a 1 año;Pendiente;Regular drenaje;No Tiene;NO;5.099;2.884;9.437;6.109;0.695;0.377;3.509;1.003;0.201;0.165;5.576;0.246;390.0;2.791;7.836;3.159;0.997;ND;ND;ND;ND
16.501;18/11/2015;CUNDINAMARCA;LA PALMA;Caña Panelera;Establecido;De 1 a 5 años;Plano;Buen drenaje;No Tiene;SUPER CAFÉ;5.25;9.272;10.32;7.749;0.990;0.704;2.334;0.287;0.199;0.116;3.929;0.214;77.53;< 1.0;1.02;3.155;0.128;ND;ND;ND;ND
16.503;18/11/2015;CUNDINAMARCA;LA PALMA;Caña Panelera;Establecido;De 1 a 5 años;Pendiente;Regular drenaje;No Tiene;Ninguno;4.849;12.40;7.903;9.262;2.067;1.664;1.493;0.353;0.233;0.169;4.318;0.379;250.5;< 1.0;3.522;1.147;0.128;ND;ND;ND;ND
16.510;18/11/2015;CUNDINAMARCA;LA PALMA;Caña Panelera;Establecido;Mas de 10 años;Plano;Buen drenaje;No Tiene;NO;5.63;6.456;113.2;5.226;ND;ND;6.974;1.246;0.280;0.124;8.625;0.272;800.5;9.355;4.525;58.15;0.201;ND;ND;ND;ND
16.525;18/11/2015;CUNDINAMARCA;LA PALMA;Caña Panelera;Establecido;De 1 a 5 años;Plano;Buen drenaje;No Tiene;TRIPLE 15;5.27;21.27;6.180;6.866;1.181;0.847;6.433;1.936;0.331;0.157;10.04;0.592;312.3;< 1.0;5.057;9.102;0.128;ND;ND;ND;ND
16.531;18/11/2015;CUNDINAMARCA;LA PALMA;Caña Panelera;Establecido;De 1 a 5 años;Plano;Buen drenaje;No indica;No indica;4.74;1.999;10.02;6.992;3.258;2.829;1.506;0.422;0.194;0.126;5.509;0.175;450.3;1.375;< 1.0;1.462;0.128;ND;ND;ND;ND
16.533;18/11/2015;CUNDINAMARCA;LA PALMA;Caña Panelera;Establecido;De 1 a 5 años;Plano;Buen drenaje;No Tiene;TRIPLE 15;5.099;8.980;3.272;3.082;1.419;1.154;0.336;0.108;0.146;0.144;2.155;0.146;190.0;< 1.0;1.034;6.256;0.128;ND;ND;ND;ND
16.535;18/11/2015;CUNDINAMARCA;LA PALMA;Caña Panelera;Establecido;De 5 a 10 años;Plano;Buen drenaje;No indica;No indica;4.809;4.580;10.95;5.478;3.030;2.665;2.090;0.569;0.183;0.141;6.015;0.190;584.5;3.093;5.117;4.426;0.225;ND;ND;ND;ND
16.536;18/11/2015;CUNDINAMARCA;LA PALMA;Caña Panelera;Establecido;De 1 a 5 años;Plano;Buen drenaje;No Tiene;NO;5.54;14.86;4.189;4.848;ND;ND;4.998;1.192;0.196;0.230;6.617;0.263;107.7;1.871;3.105;3.46;0.128;ND;ND;ND;ND
16.537;18/11/2015;CUNDINAMARCA;LA PALMA;Caña Panelera;Establecido;De 1 a 5 años;Plano;Buen drenaje;No Tiene;TRIPLE 15;5.18;19.10;1.770;5.100;0.876;0.582;1.263;0.417;0.093;0.152;2.802;0.319;106.5;< 1.0;1.784;2.144;0.152;ND;ND;ND;ND
16.539;18/11/2015;CUNDINAMARCA;LA PALMA;Caña Panelera;Establecido;De 1 a 5 años;Ondulado;Buen drenaje;No Tiene;NO;4.95;9.603;15.80;6.361;1.381;1.082;2.442;0.604;0.254;0.167;4.850;0.280;419.4;6.211;7.420;5.009;0.152;ND;ND;ND;ND
16.540;18/11/2015;CUNDINAMARCA;LA PALMA;Caña Panelera;Establecido;De 1 a 5 años;Ondulado;Buen drenaje;No Tiene;NO;4.42;5.244;20.45;12.91;3.144;2.379;1.241;0.398;0.346;0.141;5.272;0.531;399.9;2.091;4.496;8.735;0.176;ND;ND;ND;ND
16.541;18/11/2015;CUNDINAMARCA;LA PALMA;Caña Panelera;Establecido;De 5 a 10 años;Pendiente;Buen drenaje;No Tiene;NO;6.53;4.686;75.93;8.001;ND;ND;12.36;2.253;0.607;0.139;15.36;0.364;91.86;< 1.0;2.624;10.34;0.466;ND;ND;ND;ND
16.542;18/11/2015;CUNDINAMARCA;LA PALMA;Caña Panelera;Establecido;De 5 a 10 años;Ondulado;Buen drenaje;No Tiene;NO;5.66;4.047;28.37;7.244;ND;ND;14.86;1.127;0.148;0.164;16.30;0.213;727.1;4.016;2.466;38.12;0.901;ND;ND;ND;ND
16.544;18/11/2015;CUNDINAMARCA;LA PALMA;Caña Panelera;Establecido;De 1 a 5 años;Plano;Buen drenaje;No Tiene;NO;4.76;11.07;7.603;6.361;2.706;2.471;2.044;0.635;0.234;0.171;5.791;0.413;547.4;2.227;6.532;5.011;0.152;ND;ND;ND;ND
16.545;18/11/2015;CUNDINAMARCA;LA PALMA;Caña Panelera;Establecido;De 1 a 5 años;Pendiente;Regular drenaje;No Tiene;NO;5.57;3.523;52.71;5.983;ND;ND;6.592;1.616;0.298;0.170;8.677;0.424;465.3;11.17;11.14;6.158;0.128;ND;ND;ND;ND
16.546;18/11/2015;CUNDINAMARCA;LA PALMA;Caña Panelera;Establecido;De 1 a 5 años;Pendiente;Regular drenaje;No Tiene;TRIPLE 15;4.62;4.826;7.919;7.875;2.791;2.349;5.882;1.247;0.351;0.161;10.43;0.468;1126.;5.389;6.57;25.03;0.128;ND;ND;ND;ND
16.547;18/11/2015;CUNDINAMARCA;LA PALMA;Caña Panelera;Establecido;De 1 a 5 años;Plano;Buen drenaje;No Tiene;NO;5.34;5.670;1.960;3.335;0.781;0.592;4.714;1.544;0.142;0.137;7.319;0.166;278.1;2.084;12.82;1.029;0.152;ND;ND;ND;ND
16.603;18/11/2015;CUNDINAMARCA;LA PALMA;Caña Panelera;Establecido;De 1 a 5 años;Ondulado;Buen drenaje;No Tiene;10,30,10;5.28;11.07;10.14;6.740;0.876;0.500;6.697;0.916;0.231;0.205;8.926;0.376;161.5;3.093;4.060;6.585;0.152;ND;ND;ND;ND
16.657;18/11/2015;CUNDINAMARCA;LA PALMA;Caña Panelera;Establecido;De 1 a 5 años;Ondulado;Regular drenaje;No Tiene;NO;5.29;9.505;17.29;6.740;0.485;0.204;9.614;1.931;0.155;0.235;12.42;0.379;249.5;1.093;4.806;6.121;0.152;ND;ND;ND;ND
16.658;18/11/2015;CUNDINAMARCA;LA PALMA;Caña Panelera;Establecido;De 5 a 10 años;Ondulado;Buen drenaje;No Tiene;NO;4.84;9.275;14.82;5.100;2.515;2.002;17.44;2.685;1.518;0.168;24.32;0.221;351.4;5.762;2.194;7.184;0.369;ND;ND;ND;ND
16.659;18/11/2015;CUNDINAMARCA;LA PALMA;Caña Panelera;Establecido;De 5 a 10 años;Plano;Buen drenaje;No Tiene;NO;6.28;11.43;88.59;12.28;ND;ND;1.631;0.389;0.282;0.157;2.461;1.336;68.35;3.222;1.116;10.51;0.394;ND;ND;ND;ND
16.667;18/11/2015;CUNDINAMARCA;LA PALMA;Caña Panelera;Establecido;De 5 a 10 años;Plano;Buen drenaje;No Tiene;NO;4.730;4.555;7.888;6.109;3.153;2.635;0.302;0.035;0.130;0.158;3.779;0.146;379.0;< 1.0;1.133;1.589;0.152;ND;ND;ND;ND
16.669;18/11/2015;CUNDINAMARCA;LA PALMA;Caña Panelera;Establecido;De 5 a 10 años;Ondulado;Buen drenaje;No Tiene;No indica;4.519;2.908;13.05;11.15;3.515;2.921;2.428;0.657;0.438;0.180;7.221;0.366;635.8;2.810;3.632;5.253;0.394;ND;ND;ND;ND
16.671;18/11/2015;CUNDINAMARCA;LA PALMA;Caña Panelera;Establecido;De 5 a 10 años;Ondulado;Buen drenaje;No indica;No indica;5.36;3.695;32.70;5.100;0.933;0.643;4.728;1.037;0.100;0.143;6.944;0.248;323.0;2.441;2.629;8.469;0.152;ND;ND;ND;ND
16.672;18/11/2015;CUNDINAMARCA;LA PALMA;Caña Panelera;Establecido;De 1 a 5 años;Ondulado;Buen drenaje;No Tiene;NO;5.3;6.555;4.410;5.226;1.572;1.113;3.053;0.628;0.167;0.152;5.573;0.193;65.80;2.024;1.894;1.102;0.128;ND;ND;ND;ND
16.700;17/11/2015;CUNDINAMARCA;LA PALMA;Caña Panelera;Establecido;De 5 a 10 años;Ondulado;Buen drenaje;No Tiene;TRIPLE 15;4.72;4.834;3.746;4.848;4.564;4.157;4.159;0.379;0.095;0.133;9.332;0.198;763.3;1.092;< 1.0;1.643;0.249;ND;ND;ND;ND
16.702;17/11/2015;CUNDINAMARCA;LA PALMA;Caña Panelera;Establecido;De 5 a 10 años;Ondulado;Buen drenaje;No indica;NO;4.940;10.93;9.737;11.91;1.877;1.736;0.066;0.064;<0.09;0.079;2.120;0.290;87.70;2.887;< 1.0;2.706;0.225;ND;ND;ND;ND
16.705;17/11/2015;CUNDINAMARCA;LA PALMA;Caña Panelera;Establecido;De 5 a 10 años;Pendiente;Buen drenaje;No Tiene;NO;5.01;1.693;7.840;2.704;0.857;0.602;0.682;0.218;<0.09;0.095;1.880;0.164;88.22;7.375;2.274;1.269;0.176;ND;ND;ND;ND
17.553;17/04/2015;CUNDINAMARCA;QUIPILE;Caña Panelera;Establecido;Mas de 10 años;Plano;Regular drenaje;No Tiene;Ninguno;7.64;4.085;14.36;271.7;ND;ND;14.18;2.015;0.223;0.320;16.74;2.393;15.5;2.300;0.8;13.79;0.682;ND;ND;ND;ND
17.557;17/04/2015;CUNDINAMARCA;CAPARRAPÍ;Caña Panelera;Establecido;Mas de 10 años;Ondulado;Regular drenaje;No indica;No indica;5.19;3.110;1.826;8.603;0;0;4.156;0.448;<0.09;0.143;4.831;0.421;507;2.9;3.2;1.400;0.116;ND;ND;ND;ND
17.558;17/04/2015;CUNDINAMARCA;BITUIMA;Caña Panelera;Establecido;Mas de 10 años;Pendiente;Regular drenaje;No indica;Ninguno;7.91;8.189;9.659;101.1;ND;ND;22.76;1.094;0.120;0.157;24.14;1.289;50.30;4.699;1.799;78;0.904;ND;ND;ND;ND
17.559;17/04/2015;CUNDINAMARCA;QUIPILE;Caña Panelera;Establecido;De 1 a 5 años;Pendiente;Buen drenaje;No indica;Ninguno;7.93;4.565;17.63;5.465;ND;ND;15.99;1.151;0.106;0.047;17.30;0.511;32.20;3.1;0.8;32;0.641;ND;ND;ND;ND
17.562;17/04/2015;CUNDINAMARCA;BITUIMA;Caña Panelera;Establecido;Mas de 10 años;Pendiente;Buen drenaje;No indica;Ninguno;8.199;4.622;1.073;3.619;ND;ND;17.53;0.197;0.090;0.063;17.88;0.619;24.4;5.4;0.8;25.9;0.237;ND;ND;ND;ND
17.563;17/04/2015;CUNDINAMARCA;BITUIMA;Caña Panelera;Establecido;De 5 a 10 años;Plano;Regular drenaje;No indica;Ninguno;7.11;6.283;7.913;11.74;ND;ND;17.46;1.324;0.211;0.131;19.13;0.344;32.1;2.200;1.400;32;0.257;ND;ND;ND;ND
17.564;17/04/2015;CUNDINAMARCA;BITUIMA;Caña Panelera;Establecido;De 5 a 10 años;Plano;Buen drenaje;No Tiene;Ninguno;8.14;3.830;7.240;5.465;ND;ND;17.70;0.650;0.103;0.064;18.52;0.466;23.3;5.600;0.8;31.29;0.237;ND;ND;ND;ND
17.565;17/04/2015;CUNDINAMARCA;BITUIMA;Caña Panelera;Establecido;Mas de 10 años;Pendiente;Regular drenaje;No Tiene;Ninguno;8.220;3.187;2.755;5.465;ND;ND;17.36;0.308;<0.09;0.039;17.77;0.565;12.4;3.1;0.899;16.29;0.116;ND;ND;ND;ND
17.567;17/04/2015;CUNDINAMARCA;BITUIMA;Caña Panelera;Establecido;De 5 a 10 años;Plano;Mal drenaje;No indica;Ninguno;7.98;3.648;6.871;19.86;ND;ND;19.04;1.151;<0.09;0.063;20.34;0.697;22.9;5;1.100;23.00;0.237;ND;ND;ND;ND
17.568;17/04/2015;CUNDINAMARCA;BITUIMA;Caña Panelera;Establecido;Mas de 10 años;Pendiente;Buen drenaje;No indica;Ninguno;7.2;4.689;50.66;9.342;ND;ND;14.25;1.612;0.391;0.327;16.58;0.377;84.60;2.6;1;20.5;0.560;ND;ND;ND;ND
17.569;17/04/2015;CUNDINAMARCA;BITUIMA;Caña Panelera;Establecido;Mas de 10 años;Pendiente;Buen drenaje;No indica;Ninguno;6.64;6.768;67.14;5.465;ND;ND;14.77;1.439;0.157;0.138;16.51;0.275;210;3.400;1.6;51;0.237;ND;ND;ND;ND
17.570;17/04/2015;CUNDINAMARCA;BITUIMA;Caña Panelera;Establecido;Mas de 10 años;Plano;Regular drenaje;No indica;Ninguno;8.01;1.919;44.00;5.096;ND;ND;9.745;1.958;0.154;0.131;11.99;0.316;54.1;3.7;1;8.6;0.298;ND;ND;ND;ND
17.573;17/04/2015;CUNDINAMARCA;CAPARRAPÍ;Caña Panelera;Establecido;Mas de 10 años;Pendiente;Regular drenaje;No indica;No indica;5.45;4.377;44.78;5.096;0;0;4.820;1.094;0.116;0.052;6.083;0.436;103.8;2.800;6.7;9.1;0.116;ND;ND;ND;ND
17.583;17/04/2015;CUNDINAMARCA;QUEBRADANEGRA;Caña Panelera;Establecido;De 0 a 1 año;Ondulado;Regular drenaje;No Tiene;NO;5.46;2.385;2.691;5.465;0;0;4.610;1.382;0.257;0.063;6.313;0.228;244;3.400;3.7;3;0.076;ND;ND;ND;ND
17.585;17/04/2015;CUNDINAMARCA;NOCAIMA;Caña Panelera;Establecido;Mas de 10 años;Pendiente;Buen drenaje;No Tiene;NO;6.02;3.302;2.178;4.358;ND;ND;12.71;0.415;<0.09;0.124;13.31;0.247;90.39;5;1.3;21;0.257;ND;ND;ND;ND
17.588;17/04/2015;CUNDINAMARCA;QUIPILE;Caña Panelera;Establecido;De 5 a 10 años;Plano;Regular drenaje;No indica;Ninguno;7.87;4.627;31.01;9.157;ND;ND;18.05;1.324;0.310;0.058;19.74;0.692;29.5;3.8;0.6;15.60;0.682;ND;ND;ND;ND
17.589;17/04/2015;CUNDINAMARCA;QUIPILE;Caña Panelera;Establecido;No indica;Plano;Regular drenaje;No indica;Ninguno;7.96;2.519;0.480;67.94;ND;ND;10.61;1.900;0.094;0.148;12.76;1.124;67.2;4.600;1.100;25;0.641;ND;ND;ND;ND
17.590;17/04/2015;CUNDINAMARCA;CAPARRAPÍ;Caña Panelera;Establecido;Mas de 10 años;Pendiente;Regular drenaje;No Tiene;NO;6.26;4.987;17.33;5.465;ND;ND;7.998;1.324;0.254;0.054;9.632;0.550;279;1.700;2.5;4;0.076;ND;ND;ND;ND
17.592;17/04/2015;CUNDINAMARCA;QUIPILE;Caña Panelera;Establecido;Mas de 10 años;Pendiente;Regular drenaje;No indica;Ninguno;8.199;3.926;25.35;17.27;ND;ND;17.81;0.617;0.117;0.129;18.67;0.768;22.40;2.7;0.5;11.6;0.722;ND;ND;ND;ND
17.594;17/04/2015;CUNDINAMARCA;CAPARRAPÍ;Caña Panelera;Establecido;Mas de 10 años;Ondulado;Regular drenaje;No Tiene;NO;8.1;6.754;20.80;6.019;ND;ND;22.90;0.370;0.127;0.052;23.45;0.602;35.69;3.2;0.6;4.900;0.338;ND;ND;ND;ND
17.628;17/04/2015;CUNDINAMARCA;BITUIMA;Caña Panelera;Establecido;De 1 a 5 años;Pendiente;Regular drenaje;No indica;Ninguno;7.86;3.715;34.82;5.465;ND;ND;14.98;0.415;0.125;0.043;15.56;0.535;78.3;7.1;1.100;27.9;0.237;ND;ND;ND;ND
17.629;17/04/2015;CUNDINAMARCA;BITUIMA;Caña Panelera;Establecido;Mas de 10 años;Plano;Regular drenaje;No indica;Ninguno;7.96;8.545;9.530;10.81;ND;ND;13.97;1.151;0.190;0.043;15.35;0.524;43.8;3.8;1;17.7;0.560;ND;ND;ND;ND
17.630;17/04/2015;CUNDINAMARCA;QUEBRADANEGRA;Caña Panelera;Establecido;De 0 a 1 año;Pendiente;Buen drenaje;No Tiene;NO;8.23;4.809;3.700;6.942;ND;ND;17.77;0.320;0.154;0.138;18.39;0.671;28.1;3.400;1.700;5;0.338;ND;ND;ND;ND
17.631;17/04/2015;CUNDINAMARCA;BITUIMA;Caña Panelera;Establecido;De 5 a 10 años;Plano;Regular drenaje;No indica;Ninguno;7.98;5.683;15.28;7.865;ND;ND;17.49;1.094;0.140;0.041;18.77;0.436;15.9;4;0.899;41;0.641;ND;ND;ND;ND
17.632;17/04/2015;CUNDINAMARCA;CAPARRAPÍ;Caña Panelera;Establecido;Mas de 10 años;Pendiente;Regular drenaje;No Tiene;NO;7.72;9.265;15.61;8.050;ND;ND;14.56;0.263;<0.09;0.040;14.94;0.635;34.5;2;0.5;4.5;0.156;ND;ND;ND;ND
17.633;17/04/2015;CUNDINAMARCA;QUIPILE;Caña Panelera;Establecido;De 5 a 10 años;Pendiente;Buen drenaje;No indica;Ninguno;8.24;3.163;10.78;3.619;ND;ND;14.56;0.329;0.150;0.036;15.08;0.664;20.7;3.400;0.6;7.5;0.298;ND;ND;ND;ND
17.635;17/04/2015;CUNDINAMARCA;QUIPILE;Caña Panelera;Establecido;No indica;Plano;Regular drenaje;No indica;Ninguno;8.119;3.504;7.192;16.17;ND;ND;12.43;0.666;<0.09;0.060;13.22;0.557;52.30;3.8;0.899;15.4;2.339;ND;ND;ND;ND
17.636;17/04/2015;CUNDINAMARCA;QUIPILE;Caña Panelera;Establecido;No indica;Plano;Regular drenaje;No indica;Ninguno;8.11;3.201;44.64;14.32;ND;ND;16.97;1.151;0.274;0.056;18.45;0.531;30.7;5.600;0.700;19.39;1.348;ND;ND;ND;ND
17.637;17/04/2015;CUNDINAMARCA;QUIPILE;Caña Panelera;Establecido;No indica;Pendiente;Buen drenaje;No indica;Ninguno;8.19;3.960;1.938;10.08;ND;ND;17.29;0.218;0.135;0.053;17.69;0.620;33.5;4.099;1.2;12.9;0.278;ND;ND;ND;ND
18.205;7/04/2015;CUNDINAMARCA;NOCAIMA;Caña Panelera;Establecido;Mas de 10 años;Pendiente;Buen drenaje;No Tiene;NO;5.46;2.883;27.99;5.710;0;0;10.03;0.205;0.118;0.043;10.40;0.168;529;10.9;2.300;16.8;0.131;ND;ND;ND;ND
18.277;7/04/2015;CUNDINAMARCA;LA PEÑA;Caña Panelera;Establecido;De 1 a 5 años;Pendiente;Buen drenaje;No Tiene;NO;6.62;11.89;103.1;7.112;ND;ND;12.24;4.194;0.438;0.108;16.98;0.354;52.5;1.700;0.8;30.8;0.682;ND;ND;ND;ND
18.279;7/04/2015;CUNDINAMARCA;NOCAIMA;Caña Panelera;Establecido;No indica;Pendiente;Buen drenaje;No Tiene;NO;4.87;3.372;5.322;4.151;3.673;3.140;1.647;0.257;0.105;0.038;5.721;0.147;925;4.600;1.700;4.400;0.047;ND;ND;ND;ND
18.280;7/04/2015;CUNDINAMARCA;NOCAIMA;Caña Panelera;Establecido;No indica;Pendiente;Buen drenaje;No Tiene;NO;5.16;3.729;9.362;5.554;1.250;0.978;3.032;0.472;0.156;0.059;4.972;0.195;961.9;4.900;4.8;2;0.153;ND;ND;ND;ND
18.281;7/04/2015;CUNDINAMARCA;NIMAIMA;Caña Panelera;Establecido;Mas de 10 años;Ondulado;Regular drenaje;No Tiene;NO;7.91;6.154;5.354;6.645;ND;ND;19.24;0.164;0.201;0.081;19.69;0.151;23.2;3.599;1.5;9.399;0.195;ND;ND;ND;ND
18.282;7/04/2015;CUNDINAMARCA;CAPARRAPÍ;Caña Panelera;Establecido;Mas de 10 años;Pendiente;Regular drenaje;No Tiene;NO;6.69;3.048;152.7;2.280;ND;ND;8.087;0.760;0.24;0.032;9.120;0.588;46.8;1.2;3;6.3;0.153;ND;ND;ND;ND
18.283;7/04/2015;CUNDINAMARCA;NOCAIMA;Caña Panelera;Establecido;No indica;Pendiente;Buen drenaje;No Tiene;NO;7.62;9.951;10.45;8.048;ND;ND;19.09;0.842;0.192;0.087;20.21;0.194;36.70;4.400;2.300;28.00;0.407;ND;ND;ND;ND
18.284;7/04/2015;CUNDINAMARCA;NOCAIMA;Caña Panelera;Establecido;No indica;Pendiente;Buen drenaje;No Tiene;NO;7.91;3.819;7.128;23.16;ND;ND;15.53;0.164;<0.09;0.059;15.83;0.514;65.3;7.9;3.2;32.40;0.259;ND;ND;ND;ND
18.285;7/04/2015;CUNDINAMARCA;NOCAIMA;Caña Panelera;Establecido;No indica;Pendiente;Buen drenaje;No Tiene;NO;5.33;3.431;16.87;6.021;0.305;0;6.289;0.966;0.166;0.038;7.765;0.667;943;7.3;2.800;12.6;0.174;ND;ND;ND;ND
18.286;7/04/2015;CUNDINAMARCA;NOCAIMA;Caña Panelera;Establecido;No indica;Pendiente;Buen drenaje;No Tiene;NO;7.44;4.500;409.6;8.671;ND;ND;12.72;1.665;0.912;0.054;15.36;0.242;23.79;18.10;1.400;184.0;0.598;ND;ND;ND;ND
18.287;7/04/2015;CUNDINAMARCA;NOCAIMA;Caña Panelera;Establecido;Mas de 10 años;Pendiente;Buen drenaje;No Tiene;NO;4.76;2.936;13.13;2.904;2.274;1.995;2.096;0.185;0.111;0.081;4.750;0.501;685;3.5;6.4;1.2;0.110;ND;ND;ND;ND
18.288;7/04/2015;CUNDINAMARCA;CAPARRAPÍ;Caña Panelera;Establecido;Mas de 10 años;Pendiente;Regular drenaje;No Tiene;NO;7.91;4.617;24.72;4.462;ND;ND;21.07;0.411;0.172;0.032;21.68;0.522;32.29;2.9;1.2;5.099;0.195;ND;ND;ND;ND
18.289;7/04/2015;CUNDINAMARCA;QUEBRADANEGRA;Caña Panelera;Establecido;De 0 a 1 año;Ondulado;Regular drenaje;No Tiene;NO;5.27;3.952;5.861;3.527;0.393;0;1.684;0.997;0.099;0.032;3.207;0.225;210;1.100;5.899;1.6;0.026;ND;ND;ND;ND
18.290;7/04/2015;CUNDINAMARCA;NOCAIMA;Caña Panelera;Establecido;No indica;Pendiente;Buen drenaje;No Tiene;NO;7.65;5.287;32.06;5.710;ND;ND;19.09;0.596;0.115;0.130;19.93;0.228;18;3.400;1.6;30.8;0.428;ND;ND;ND;ND
18.291;7/04/2015;CUNDINAMARCA;CAPARRAPÍ;Caña Panelera;Establecido;Mas de 10 años;Ondulado;Regular drenaje;No Tiene;NO;5.95;2.474;9.663;3.060;ND;ND;5.803;4.194;0.128;0.043;10.16;0.235;72.8;1.9;6.2;1.5;0.089;ND;ND;ND;ND
18.295;7/04/2015;CUNDINAMARCA;SASAIMA;Caña Panelera;Establecido;De 5 a 10 años;Ondulado;Buen drenaje;No Tiene;Ninguno;4.8;1.979;7.999;3.839;4.884;3.687;3.481;0.328;<0.09;0.048;8.830;0.123;330;4.2;7.7;24;0.110;ND;ND;ND;ND
18.296;7/04/2015;CUNDINAMARCA;SASAIMA;Caña Panelera;Establecido;Mas de 10 años;Ondulado;Buen drenaje;No Tiene;Ninguno;4.900;1.400;15.90;4.462;8.055;5.957;3.219;0.277;<0.09;0.032;11.66;0.154;377;4.600;0.8;9.200;0.047;ND;ND;ND;ND
18.297;7/04/2015;CUNDINAMARCA;SASAIMA;Caña Panelera;Establecido;Mas de 10 años;Pendiente;Buen drenaje;No Tiene;Ninguno;7.51;2.484;6.383;5.086;ND;ND;19.24;0.215;<0.09;0.054;19.57;0.592;24.2;6.5;0.8;56.99;0.110;ND;ND;ND;ND
18.298;7/04/2015;CUNDINAMARCA;SASAIMA;Caña Panelera;Establecido;Mas de 10 años;Pendiente;Buen drenaje;No Tiene;Ninguno;4.68;0.815;7.191;3.215;8.921;7.023;0.823;0.092;<0.09;0.043;9.945;0.091;162.9;1.3;0.6;2;0.047;ND;ND;ND;ND
18.299;7/04/2015;CUNDINAMARCA;SASAIMA;Caña Panelera;Establecido;Mas de 10 años;Ondulado;Buen drenaje;No Tiene;Ninguno;5.2;2.772;22.09;3.060;1.821;1.477;1.010;0.071;<0.09;0.043;2.986;0.090;390;2.200;1.799;2.300;0.047;ND;ND;ND;ND
18.300;7/04/2015;CUNDINAMARCA;SASAIMA;Caña Panelera;Establecido;Mas de 10 años;Pendiente;Buen drenaje;No Tiene;Ninguno;7.43;3.229;33.96;22.31;ND;ND;15.20;0.616;<0.09;0.048;15.93;0.731;168;8.199;1;52;0.301;ND;ND;ND;ND
18.301;7/04/2015;CUNDINAMARCA;BITUIMA;Caña Panelera;Establecido;De 1 a 5 años;Pendiente;Buen drenaje;No indica;Ninguno;7.84;7.233;102.9;7.268;ND;ND;18.12;4.070;0.252;0.048;22.49;0.621;27;3.599;1.100;18.3;1.170;ND;ND;ND;ND
18.302;7/04/2015;CUNDINAMARCA;CAPARRAPÍ;Caña Panelera;Establecido;Mas de 10 años;Pendiente;Regular drenaje;No Tiene;NO;7.78;6.808;35.21;2.748;ND;ND;19.20;0.503;0.246;0.048;20.00;0.479;35.5;2.9;1.5;6.4;0.259;ND;ND;ND;ND
18.303;7/04/2015;CUNDINAMARCA;CAPARRAPÍ;Caña Panelera;Establecido;Mas de 10 años;Ondulado;Regular drenaje;No Tiene;NO;4.83;3.128;8.269;1.501;1.969;1.702;2.171;1.038;0.118;0.054;5.352;0.211;198;4.099;12.1;1.9;0.047;ND;ND;ND;ND
18.304;7/04/2015;CUNDINAMARCA;BITUIMA;Caña Panelera;Establecido;Mas de 10 años;Pendiente;Regular drenaje;No Tiene;Ninguno;7.97;5.058;7.223;17.24;ND;ND;19.20;3.454;0.121;0.043;22.82;0.211;51.6;5.600;0.899;15.5;0.831;ND;ND;ND;ND
18.319;7/04/2015;CUNDINAMARCA;VILLETA;Caña Panelera;Establecido;Mas de 10 años;Pendiente;Regular drenaje;No indica;No indica;7.97;3.676;5.481;7.112;ND;ND;14.22;0.986;0.121;0.070;15.40;0.519;40.19;5.5;1.6;1.9;0.343;ND;ND;ND;ND
18.320;7/04/2015;CUNDINAMARCA;LA PEÑA;Caña Panelera;Establecido;Mas de 10 años;Pendiente;Buen drenaje;No Tiene;NO;5.31;1.479;3.184;1.968;1.191;1.056;6.140;1.603;0.115;0.125;9.175;0.175;101.1;4.3;1.2;5.300;0.047;ND;ND;ND;ND
18.322;7/04/2015;CUNDINAMARCA;CAPARRAPÍ;Caña Panelera;Establecido;Mas de 10 años;Pendiente;Regular drenaje;No Tiene;NO;6.47;5.468;253.4;2.592;ND;ND;18.98;0.678;0.243;0.059;19.96;0.198;83.80;2.4;1.6;10.19;0.174;ND;ND;ND;ND
18.323;7/04/2015;CUNDINAMARCA;CAPARRAPÍ;Caña Panelera;Establecido;Mas de 10 años;Pendiente;Buen drenaje;No Tiene;NO;5.53;3.351;26.21;2.592;ND;ND;5.316;0.668;0.278;0.032;6.295;0.201;218;2.300;3.7;4.699;0.068;ND;ND;ND;ND
18.324;7/04/2015;CUNDINAMARCA;BITUIMA;Caña Panelera;Establecido;Mas de 10 años;Pendiente;Regular drenaje;No Tiene;Ninguno;7.86;6.909;10.18;6.957;ND;ND;22.17;1.110;0.195;0.032;23.50;0.375;29.8;4.400;1.3;13.79;0.767;ND;ND;ND;ND
18.325;7/04/2015;CUNDINAMARCA;BITUIMA;Caña Panelera;Establecido;Mas de 10 años;Ondulado;Regular drenaje;No indica;Ninguno;7.78;6.388;23.61;3.995;ND;ND;21.41;0.976;0.380;0.054;22.82;0.489;15.5;2.300;0.8;12.2;0.682;ND;ND;ND;ND
18.326;7/04/2015;CUNDINAMARCA;BITUIMA;Caña Panelera;Establecido;De 5 a 10 años;Ondulado;Regular drenaje;No Tiene;NO FERTILIZA;7.99;4.872;12.62;5.242;ND;ND;19.28;0.925;0.166;0.038;20.41;0.464;36.29;2.7;1.2;12.1;0.767;ND;ND;ND;ND
18.327;7/04/2015;CUNDINAMARCA;CAPARRAPÍ;Caña Panelera;Establecido;Mas de 10 años;Ondulado;Regular drenaje;No Tiene;NO;7.7;6.393;142.2;4.151;ND;ND;25.12;0.585;0.339;0.048;26.09;0.651;30.2;3.400;1.5;11;0.301;ND;ND;ND;ND
18.328;7/04/2015;CUNDINAMARCA;SASAIMA;Caña Panelera;Establecido;De 5 a 10 años;Ondulado;Buen drenaje;No Tiene;Ninguno;7.62;1.543;12.78;20.67;ND;ND;17.74;0.524;<0.09;0.043;18.36;0.607;14.6;5.2;0.8;44;0.110;ND;ND;ND;ND
18.330;7/04/2015;CUNDINAMARCA;SASAIMA;Caña Panelera;Establecido;De 5 a 10 años;Ondulado;Buen drenaje;No Tiene;Ninguno;4.79;0.703;7.080;2.904;3.978;3.619;0.973;0.246;0.118;0.027;5.344;0.101;379;0.899;2.7;0.5;0.047;ND;ND;ND;ND
18.331;7/04/2015;CUNDINAMARCA;SASAIMA;Caña Panelera;Establecido;Mas de 10 años;Pendiente;Buen drenaje;No Tiene;Ninguno;5.04;1.889;18.59;4.774;3.850;2.240;2.283;0.246;0.150;0.038;6.569;0.119;659;4.5;1.3;3.5;0.068;ND;ND;ND;ND
18.332;7/04/2015;CUNDINAMARCA;VILLETA;Caña Panelera;Establecido;De 0 a 1 año;Ondulado;Regular drenaje;No indica;No indica;7.94;5.755;10.85;3.839;ND;ND;19.09;1.418;0.249;0.054;20.81;0.621;31.7;2.1;0.6;8.699;0.449;ND;ND;ND;ND
18.333;7/04/2015;CUNDINAMARCA;VILLETA;Caña Panelera;Establecido;Mas de 10 años;Ondulado;Regular drenaje;No indica;No indica;7.85;3.851;134.1;9.139;ND;ND;12.01;0.719;0.131;0.239;13.10;0.662;57.59;6.3;2.300;11.20;0.280;ND;ND;ND;ND
18.334;7/04/2015;CUNDINAMARCA;LA PEÑA;Caña Panelera;Establecido;Mas de 10 años;Pendiente;Buen drenaje;No Tiene;NO;4.79;3.500;3.104;4.774;4.017;3.140;1.759;0.205;0.108;0.048;6.140;0.129;888.0;4.600;0.8;3.1;0.110;ND;ND;ND;ND
18.335;7/04/2015;CUNDINAMARCA;CAPARRAPÍ;Caña Panelera;Establecido;Mas de 10 años;Pendiente;Buen drenaje;No Tiene;NO;7.81;5.654;9.900;4.618;ND;ND;16.88;0.832;0.211;0.054;17.98;0.260;29.4;3.1;1.400;10.19;0.555;ND;ND;ND;ND
18.337;7/04/2015;CUNDINAMARCA;LA PEÑA;Caña Panelera;Establecido;Mas de 10 años;Ondulado;Buen drenaje;No Tiene;NO;7.47;4.170;111.2;48.81;ND;ND;11.98;0.185;0.310;0.070;12.54;0.820;80.09;5;2.9;14.39;0.343;ND;ND;ND;ND
18.338;7/04/2015;CUNDINAMARCA;CAPARRAPÍ;Caña Panelera;Establecido;Mas de 10 años;Pendiente;Regular drenaje;No Tiene;NO;6.14;4.776;9.441;3.371;ND;ND;13.17;1.285;0.137;0.032;14.63;0.302;151;3.599;1.799;26;0.195;ND;ND;ND;ND
18.339;7/04/2015;CUNDINAMARCA;NOCAIMA;Caña Panelera;Establecido;Mas de 10 años;Pendiente;Regular drenaje;No Tiene;NO;6.49;2.261;129.5;1.968;ND;ND;1.797;0.699;0.172;0.032;2.701;0.171;36.9;1;3.300;3.8;0.131;ND;ND;ND;ND
18.340;7/04/2015;CUNDINAMARCA;QUEBRADANEGRA;Caña Panelera;Establecido;De 0 a 1 año;Ondulado;Buen drenaje;No Tiene;NO;6.69;6.957;17.96;7.892;ND;ND;18.15;0.616;0.188;0.054;19.01;0.435;23.79;1.799;1.5;2.5;0.216;ND;ND;ND;ND
18.341;7/04/2015;CUNDINAMARCA;NOCAIMA;Caña Panelera;Establecido;Mas de 10 años;Pendiente;Buen drenaje;No Tiene;NO;4.63;5.643;5.164;9.451;3.840;2.944;1.347;0.185;0.182;0.043;5.599;0.223;597;4.8;2.6;1.6;0.153;ND;ND;ND;ND
18.342;7/04/2015;CUNDINAMARCA;VILLETA;Caña Panelera;Establecido;Mas de 10 años;Ondulado;Regular drenaje;No indica;No indica;7.54;1.086;9.092;307.4;ND;ND;19.16;0.143;<0.09;0.032;19.40;5.182;4;0.2;0.2;14;0.237;ND;ND;ND;ND
18.343;7/04/2015;CUNDINAMARCA;QUEBRADANEGRA;Caña Panelera;Establecido;De 0 a 1 año;Pendiente;Regular drenaje;No Tiene;Ninguno;7.58;5.260;6.985;5.710;ND;ND;18.60;0.822;0.329;0.038;19.79;0.628;10.1;1.400;2;0.6;0.577;ND;ND;ND;ND
18.344;7/04/2015;CUNDINAMARCA;QUEBRADANEGRA;Caña Panelera;Establecido;De 0 a 1 año;Pendiente;Buen drenaje;No Tiene;Ninguno;7.71;4.782;9.932;3.995;ND;ND;19.43;0.164;0.227;0.092;19.91;0.127;22.40;2.1;1.100;1.2;0.195;ND;ND;ND;ND
18.345;7/04/2015;CUNDINAMARCA;NOCAIMA;Caña Panelera;Establecido;Mas de 10 años;Pendiente;Buen drenaje;No Tiene;NO;5.05;4.314;5.338;3.527;4.342;3.501;1.385;0.205;0.185;0.048;6.168;0.250;1206;3.400;1;2;0.047;ND;ND;ND;ND
18.347;7/04/2015;CUNDINAMARCA;NOCAIMA;Caña Panelera;Establecido;Mas de 10 años;Ondulado;Buen drenaje;No Tiene;NO;5.099;2.798;4.673;4.774;1.890;1.477;3.257;0.524;0.188;0.032;5.893;0.127;370;3.2;10;5.099;0.068;ND;ND;ND;ND
18.348;7/04/2015;CUNDINAMARCA;NOCAIMA;Caña Panelera;Establecido;Mas de 10 años;Ondulado;Buen drenaje;No Tiene;NO;6.53;2.341;11.08;2.748;ND;ND;19.43;0.544;<0.09;0.048;20.09;0.150;23.79;7.9;1.400;37;0.089;ND;ND;ND;ND
18.349;7/04/2015;CUNDINAMARCA;NOCAIMA;Caña Panelera;Establecido;Mas de 10 años;Pendiente;Buen drenaje;No Tiene;NO;5.18;3.697;16.34;4.307;0.866;0.665;3.669;0.894;0.198;0.043;5.671;0.188;744;4.2;5;58;0.110;ND;ND;ND;ND
18.350;7/04/2015;CUNDINAMARCA;NOCAIMA;Caña Panelera;Establecido;Mas de 10 años;Pendiente;Buen drenaje;No Tiene;NO;4.980;3.686;13.52;4.462;1.427;1.066;2.171;0.647;0.176;0.038;4.461;0.195;741;7.3;2.200;6.4;0.089;ND;ND;ND;ND
18.351;7/04/2015;CUNDINAMARCA;NOCAIMA;Caña Panelera;Establecido;Mas de 10 años;Pendiente;Buen drenaje;No Tiene;NO;5.17;0.464;39.01;3.839;3.062;2.347;1.946;0.308;0.172;0.043;5.534;0.091;87.89;3.1;0.4;4.400;0.068;ND;ND;ND;ND
18.352;7/04/2015;CUNDINAMARCA;NOCAIMA;Caña Panelera;Establecido;Mas de 10 años;Pendiente;Buen drenaje;No Tiene;NO;6.25;4.920;10.97;3.527;ND;ND;13.32;0.678;0.099;0.048;14.15;0.170;176;3.599;0.899;21.09;0.131;ND;ND;ND;ND
18.353;7/04/2015;CUNDINAMARCA;NOCAIMA;Caña Panelera;Establecido;Mas de 10 años;Pendiente;Buen drenaje;No Tiene;NO;7.62;6.132;84.16;10.23;ND;ND;14.45;1.213;0.169;0.038;15.87;0.490;70.09;5.4;0.899;38;0.682;ND;ND;ND;ND
18.354;7/04/2015;CUNDINAMARCA;CAPARRAPÍ;Caña Panelera;Establecido;Mas de 10 años;Ondulado;Regular drenaje;No Tiene;NO;7.8;5.648;3.817;3.839;ND;ND;15.83;0.873;0.208;0.043;16.96;0.648;50.4;3.400;1.2;8.100;0.343;ND;ND;ND;ND
18.355;7/04/2015;CUNDINAMARCA;VILLETA;Caña Panelera;Establecido;De 1 a 5 años;Ondulado;Regular drenaje;No Tiene;NO;7.84;5.111;15.17;8.359;ND;ND;17.93;0.935;0.198;0.054;19.12;0.554;32.1;2;0.899;6.3;0.343;ND;ND;ND;ND
18.357;7/04/2015;CUNDINAMARCA;VILLETA;Caña Panelera;Establecido;Mas de 10 años;Ondulado;Regular drenaje;No indica;No indica;6.52;6.398;259.7;3.060;ND;ND;14.45;1.274;0.268;0.027;16.02;0.342;65.90;2.300;0.899;10.4;0.407;ND;ND;ND;ND
18.358;7/04/2015;CUNDINAMARCA;SASAIMA;Caña Panelera;Establecido;Mas de 10 años;Ondulado;Buen drenaje;No Tiene;Ninguno;5.13;3.006;10.28;3.683;4.116;3.237;2.021;0.205;<0.09;0.048;6.469;0.100;782;3.599;0.8;2.200;0.131;ND;ND;ND;ND
18.359;7/04/2015;CUNDINAMARCA;SASAIMA;Caña Panelera;Establecido;Mas de 10 años;Pendiente;Buen drenaje;No Tiene;Ninguno;8.1;1.883;6.383;6.801;ND;ND;19.76;0.215;<0.09;0.038;20.08;0.552;18.60;2;0.700;2.5;0.174;ND;ND;ND;ND
18.360;7/04/2015;CUNDINAMARCA;SASAIMA;Caña Panelera;Establecido;Mas de 10 años;Pendiente;Buen drenaje;No Tiene;Ninguno;4.610;2.399;7.477;3.683;7.090;5.908;1.347;0.400;0.163;0.048;9.051;0.150;719;2.300;0.6;3.400;0.047;ND;ND;ND;ND
18.361;7/04/2015;CUNDINAMARCA;SASAIMA;Caña Panelera;Establecido;Mas de 10 años;Ondulado;Buen drenaje;No Tiene;Ninguno;4.68;2.942;8.221;5.865;3.082;2.112;2.882;0.400;0.134;0.043;6.544;0.141;1244;7.3;2.4;9.9;0.153;ND;ND;ND;ND
18.362;7/04/2015;CUNDINAMARCA;SASAIMA;Caña Panelera;Establecido;No indica;Pendiente;Buen drenaje;No Tiene;Ninguno;4.5;3.931;10.85;2.592;6.913;5.468;1.572;0.205;0.163;0.038;8.892;0.144;1630;5.8;2.200;9.699;0.068;ND;ND;ND;ND
18.364;7/04/2015;CUNDINAMARCA;BITUIMA;Caña Panelera;Establecido;De 5 a 10 años;Pendiente;Regular drenaje;No Tiene;NO FERTILIZA;7.89;5.308;15.33;9.762;ND;ND;26.76;1.069;0.134;0.048;28.02;0.589;14.9;3.7;0.8;13.79;1.022;ND;ND;ND;ND
18.365;7/04/2015;CUNDINAMARCA;VILLETA;Caña Panelera;Establecido;De 1 a 5 años;Ondulado;Buen drenaje;No Tiene;ORGANICO;6.17;5.744;27.56;7.892;ND;ND;11.26;1.727;0.892;0.054;13.94;0.889;330;5.5;2.800;34;0.301;ND;ND;ND;ND
18.366;7/04/2015;CUNDINAMARCA;CAPARRAPÍ;Caña Panelera;Establecido;Mas de 10 años;Pendiente;Regular drenaje;No Tiene;NO;6.03;6.701;78.57;3.371;ND;ND;7.487;1.470;0.345;0.038;9.341;0.581;73;2;20.8;6;0.301;ND;ND;ND;ND
18.367;7/04/2015;CUNDINAMARCA;CAPARRAPÍ;Caña Panelera;Establecido;Mas de 10 años;Pendiente;Regular drenaje;No Tiene;NO;7.76;3.665;55.23;2.436;ND;ND;14.26;0.555;0.275;0.038;15.13;0.345;28.3;2.4;1.2;7.4;0.386;ND;ND;ND;ND
18.370;7/04/2015;CUNDINAMARCA;LA PEÑA;Caña Panelera;Establecido;Mas de 10 años;Pendiente;Buen drenaje;No Tiene;NO;6.64;4.739;4.166;10.38;ND;ND;12.84;0.637;0.153;0.065;13.69;0.456;275;10.3;1.6;26.7;0.216;ND;ND;ND;ND
18.373;7/04/2015;CUNDINAMARCA;LA PEÑA;Caña Panelera;Establecido;Mas de 10 años;Pendiente;Buen drenaje;No Tiene;NO;5.95;5.074;5.037;10.69;ND;ND;8.611;1.151;0.211;0.092;10.06;0.414;541;8.699;3.400;33;0.259;ND;ND;ND;ND
18.375;7/04/2015;CUNDINAMARCA;CHAGUANÍ;Caña Panelera;Establecido;No indica;Ondulado;Regular drenaje;No Tiene;NO;5.97;1.384;6.051;3.371;ND;ND;4.455;8.141;0.121;0.059;12.77;0.197;68.40;2.9;1.100;1.9;0.089;ND;ND;ND;ND
18.376;7/04/2015;CUNDINAMARCA;CHAGUANÍ;Caña Panelera;Establecido;Mas de 10 años;Pendiente;Buen drenaje;No Tiene;NO;7.45;0.623;38.17;2.436;ND;ND;9.172;7.524;0.150;0.048;16.89;0.177;20.39;2.6;0.6;1.400;0.089;ND;ND;ND;ND
18.378;7/04/2015;CUNDINAMARCA;VILLETA;Caña Panelera;Establecido;Mas de 10 años;Ondulado;Regular drenaje;No indica;No indica;6.88;5.165;7.777;4.774;ND;ND;18.90;0.298;0.169;0.043;19.41;0.543;53.4;2.7;0.5;35;0.237;ND;ND;ND;ND
18.381;7/04/2015;CUNDINAMARCA;QUEBRADANEGRA;Caña Panelera;Establecido;De 0 a 1 año;Pendiente;Buen drenaje;No Tiene;Ninguno;7.61;5.319;6.938;3.527;ND;ND;16.43;0.503;0.147;0.065;17.15;0.594;92.6;2.7;2;1.700;0.153;ND;ND;ND;ND
18.717;22/05/2015;CUNDINAMARCA;VILLETA;Caña Panelera;Establecido;De 1 a 5 años;Pendiente;Buen drenaje;Aspersión;No indica;7.04;7.383;2.770;4.754;ND;ND;26.35;0.888;0.196;0.041;27.48;0.163;73.63;4.868;1.294;74.08;0.307;ND;ND;ND;ND
18.718;22/05/2015;CUNDINAMARCA;VILLETA;Caña Panelera;Establecido;De 1 a 5 años;Plano;Buen drenaje;Aspersión;No indica;5.52;4.531;2.465;13.18;ND;ND;8.970;2.160;0.202;0.083;11.41;0.188;315.9;3.570;5.514;4.556;0.153;ND;ND;ND;ND
18.719;22/05/2015;CUNDINAMARCA;VILLETA;Caña Panelera;Establecido;De 1 a 5 años;Pendiente;Buen drenaje;Aspersión;No indica;4.93;2.891;0.696;3.387;1.377;1.128;4.944;2.016;0.138;0.066;8.543;0.087;549.8;4.602;1.985;1.501;0.241;ND;ND;ND;ND
19.029;7/05/2015;CUNDINAMARCA;BITUIMA;Caña Panelera;Establecido;Mas de 10 años;Pendiente;Buen drenaje;No Tiene;Ninguno;7.9;7.514;36.84;5.826;ND;ND;17.62;2.398;0.093;0.029;20.14;0.599;16.38;5.024;0.913;14.46;0.988;ND;ND;ND;ND
19.030;7/05/2015;CUNDINAMARCA;BITUIMA;Caña Panelera;Establecido;De 5 a 10 años;Pendiente;Buen drenaje;No Tiene;Ninguno;8.06;4.272;2.455;17.62;ND;ND;15.14;2.150;<0.09;0.051;17.42;0.577;16.46;3.718;1.250;14.12;0.404;ND;ND;ND;ND
19.031;7/05/2015;CUNDINAMARCA;GUAYABAL DE SÍQUIMA;Caña Panelera;Establecido;De 5 a 10 años;Ondulado;Buen drenaje;No Tiene;Ninguno;7.39;6.555;11.96;7.706;ND;ND;14.11;0.568;<0.09;0.055;14.80;0.317;38.44;6.655;0.907;200.7;0.451;ND;ND;ND;ND
19.032;7/05/2015;CUNDINAMARCA;BITUIMA;Caña Panelera;Establecido;Mas de 10 años;Plano;Regular drenaje;No indica;Ninguno;7.86;4.757;9.635;5.313;ND;ND;11.15;0.922;0.146;0.026;12.25;0.336;27.53;3.613;0.961;12.90;0.404;ND;ND;ND;ND
19.033;7/05/2015;CUNDINAMARCA;BITUIMA;Caña Panelera;Establecido;Mas de 10 años;Pendiente;Buen drenaje;No indica;Ninguno;6.82;7.001;35.80;2.749;ND;ND;14.93;1.204;0.142;0.057;16.33;0.256;38.03;3.442;0.691;18.38;0.521;ND;ND;ND;ND
19.034;7/05/2015;CUNDINAMARCA;CHAGUANÍ;Caña Panelera;Establecido;No indica;Pendiente;Buen drenaje;No Tiene;15-15-15;5.110;2.327;5.576;2.065;4.129;3.477;3.375;1.815;0.095;0.051;9.466;0.142;82.91;2.089;9.532;2.785;0.194;ND;ND;ND;ND
19.037;7/05/2015;CUNDINAMARCA;GUADUAS;Caña Panelera;Establecido;Mas de 10 años;No indica;No indica;No indica;No indica;7.3;8.062;50.85;2.920;ND;ND;13.84;0.464;0.193;0.020;14.52;0.554;34.10;5.302;0.807;68.01;0.404;ND;ND;ND;ND
19.038;7/05/2015;CUNDINAMARCA;NOCAIMA;Caña Panelera;Establecido;Mas de 10 años;Ondulado;Buen drenaje;No Tiene;NO;5.49;17.64;9.255;2.236;0;0;4.012;1.482;0.091;0.060;5.645;0.323;82.56;5.907;5;19.49;0.124;ND;ND;ND;ND
19.039;7/05/2015;CUNDINAMARCA;LA VEGA;Caña Panelera;Establecido;No indica;Pendiente;Regular drenaje;No Tiene;NO;4.43;4.373;7.056;2.407;3.899;3.477;1.855;0.231;0.149;0.038;6.176;0.324;320.5;3.386;1.068;2.569;0.170;ND;ND;ND;ND
19.040;7/05/2015;CUNDINAMARCA;GUADUAS;Caña Panelera;Establecido;De 0 a 1 año;No indica;No indica;No indica;No indica;5.59;4.700;8.563;4.971;ND;ND;6.031;3.347;0.248;0.055;9.684;0.564;339.6;6.417;5.308;5.309;0.194;ND;ND;ND;ND
19.041;7/05/2015;CUNDINAMARCA;GUADUAS;Caña Panelera;Establecido;Mas de 10 años;No indica;No indica;No indica;No indica;5.9;4.632;47.87;1.723;ND;ND;3.588;0.686;0.374;0.027;4.676;0.380;64.79;3.363;2.793;13.77;0.077;ND;ND;ND;ND
19.042;7/05/2015;CUNDINAMARCA;BITUIMA;Caña Panelera;Establecido;De 1 a 5 años;Plano;Regular drenaje;No indica;Ninguno;7.61;7.908;57.25;4.800;ND;ND;17.07;1.523;0.171;0.036;18.80;0.338;10.17;3.795;0.666;58.09;0.638;ND;ND;ND;ND
19.045;7/05/2015;CUNDINAMARCA;BITUIMA;Caña Panelera;Establecido;Mas de 10 años;Plano;Regular drenaje;No indica;Ninguno;7.76;9.661;7.735;3.945;ND;ND;22.94;0.461;<0.09;0.198;23.69;0.476;25.59;6.724;0.79;81.38;0.825;ND;ND;ND;ND
19.047;7/05/2015;CUNDINAMARCA;BITUIMA;Caña Panelera;Establecido;De 5 a 10 años;Pendiente;Buen drenaje;No Tiene;Ninguno;7.87;7.960;8.956;6.509;ND;ND;15.97;1.347;0.099;0.044;17.46;0.455;25.35;3.381;1.103;9.271;1.012;ND;ND;ND;ND
19.048;7/05/2015;CUNDINAMARCA;BITUIMA;Caña Panelera;Establecido;Mas de 10 años;Plano;Regular drenaje;No indica;Ninguno;7.81;8.793;15.93;5.484;ND;ND;15.73;1.246;0.144;0.048;17.17;0.375;25.64;4.972;0.887;21.33;0.871;ND;ND;ND;ND
19.049;7/05/2015;CUNDINAMARCA;CAPARRAPÍ;Caña Panelera;Establecido;Mas de 10 años;Pendiente;Regular drenaje;No Tiene;NO;7.44;9.204;40.18;2.407;ND;ND;18.85;0.722;0.143;0.047;19.76;0.399;29.00;2.509;1.048;22.68;0.334;ND;ND;ND;ND
19.050;7/05/2015;CUNDINAMARCA;VILLETA;Caña Panelera;Establecido;Mas de 10 años;No indica;No indica;No indica;No indica;5.62;3.209;7.341;2.236;ND;ND;9.279;0.661;0.139;0.137;10.21;0.331;80.78;3.857;5.593;12.23;0.124;ND;ND;ND;ND
19.052;7/05/2015;CUNDINAMARCA;BITUIMA;Caña Panelera;Establecido;Mas de 10 años;Plano;Regular drenaje;No indica;Ninguno;7.75;5.385;10.96;9.074;ND;ND;12.21;1.968;0.126;0.050;14.35;0.716;24.48;8.368;1.252;64.30;1.292;ND;ND;ND;ND
19.054;7/05/2015;CUNDINAMARCA;GUAYABAL DE SÍQUIMA;Caña Panelera;Establecido;De 5 a 10 años;Ondulado;Buen drenaje;No Tiene;Ninguno;6.83;8.548;28.82;15.74;ND;ND;19.23;1.151;0.197;0.077;20.66;0.360;15.52;3.202;0.743;17.41;0.521;ND;ND;ND;ND
19.108;7/05/2015;CUNDINAMARCA;VILLETA;Caña Panelera;Establecido;De 1 a 5 años;Ondulado;Buen drenaje;No Tiene;Ninguno;7.66;7.109;69.49;6.338;ND;ND;17.21;0.999;0.237;0.051;18.50;0.549;25.54;8.312;1.355;56.80;0.871;ND;ND;ND;ND
19.109;7/05/2015;CUNDINAMARCA;GUAYABAL DE SÍQUIMA;Caña Panelera;Establecido;De 1 a 5 años;Ondulado;Buen drenaje;No Tiene;Ninguno;7.67;9.432;87.42;4.629;ND;ND;17.98;0.997;<0.09;0.067;19.09;0.459;15.39;3.575;0.791;18.81;0.825;ND;ND;ND;ND
19.129;7/05/2015;CUNDINAMARCA;BITUIMA;Caña Panelera;Establecido;De 1 a 5 años;Plano;Regular drenaje;No Tiene;Ninguno;7.7;5.419;15.55;3.603;ND;ND;22.27;0.825;0.111;0.059;23.27;0.396;22.92;6.343;0.448;39.97;0.474;ND;ND;ND;ND
19.157;7/05/2015;CUNDINAMARCA;NIMAIMA;Caña Panelera;Establecido;Mas de 10 años;Pendiente;Regular drenaje;No Tiene;NO;7.4;8.376;11.46;2.749;ND;ND;19.35;0.531;0.232;0.160;20.28;0.321;18.67;4.62;0.933;4.705;0.311;ND;ND;ND;ND
19.158;7/05/2015;CUNDINAMARCA;SASAIMA;Caña Panelera;Establecido;No indica;Ondulado;Buen drenaje;No Tiene;Ninguno;5.52;5.202;12.81;2.749;ND;ND;9.607;0.160;0.117;0.243;10.12;0.150;607.6;14.94;1.937;19.34;0.077;ND;ND;ND;ND
19.159;7/05/2015;CUNDINAMARCA;LA VEGA;Caña Panelera;Establecido;No indica;Pendiente;Regular drenaje;No Tiene;NO;5.45;4.476;4.653;1.723;0;0;8.966;0.250;0.113;0.060;9.391;0.191;484.4;10.08;3.814;15.99;0.147;ND;ND;ND;ND
19.160;7/05/2015;CUNDINAMARCA;NIMAIMA;Caña Panelera;Establecido;No indica;Pendiente;Buen drenaje;No Tiene;NO;5.55;21.34;4.260;1.894;ND;ND;0.505;0.812;0.153;0.060;1.531;0.127;70.48;1.361;2.943;1.060;0.194;ND;ND;ND;ND
19.161;7/05/2015;CUNDINAMARCA;LA VEGA;Caña Panelera;Establecido;No indica;Pendiente;Regular drenaje;No Tiene;NO;4.42;2.415;11.87;2.749;4.448;3.537;3.950;0.237;0.134;0.037;8.808;0.127;418.0;4.171;3.319;8.682;0.264;ND;ND;ND;ND
19.162;7/05/2015;CUNDINAMARCA;NIMAIMA;Caña Panelera;Establecido;No indica;Pendiente;Regular drenaje;No Tiene;NO;5.23;4.565;8.101;3.262;0.817;0.505;2.455;0.435;0.094;0.033;3.836;0.125;669.0;8.063;4.022;7.375;0.334;ND;ND;ND;ND
19.163;7/05/2015;CUNDINAMARCA;BITUIMA;Caña Panelera;Establecido;Mas de 10 años;Pendiente;Buen drenaje;No indica;Ninguno;7.91;3.861;18.11;2.236;ND;ND;16.27;0.441;0.138;0.068;16.92;0.532;19.85;4.285;0.726;9.643;0.474;ND;ND;ND;ND
19.165;7/05/2015;CUNDINAMARCA;BITUIMA;Caña Panelera;Establecido;De 1 a 5 años;Plano;Regular drenaje;No indica;Ninguno;7.85;9.261;28.89;4.971;ND;ND;17.74;0.721;0.120;0.048;18.63;0.740;31.20;6.301;0.737;24.92;0.731;ND;ND;ND;ND
19.166;7/05/2015;CUNDINAMARCA;BITUIMA;Caña Panelera;Establecido;De 1 a 5 años;Pendiente;Buen drenaje;No indica;Ninguno;7.81;8.376;12.14;21.21;ND;ND;17.48;2.184;0.158;0.043;19.86;0.513;53.80;3.92;1.048;24.35;0.988;ND;ND;ND;ND
19.167;7/05/2015;CUNDINAMARCA;BITUIMA;Caña Panelera;Establecido;Mas de 10 años;Ondulado;Regular drenaje;No indica;Ninguno;7.87;7.355;9.811;3.774;ND;ND;15.92;2.054;0.110;0.033;18.12;0.424;25.75;4.742;0.804;21.52;0.614;ND;ND;ND;ND
19.168;7/05/2015;CUNDINAMARCA;BITUIMA;Caña Panelera;Establecido;Mas de 10 años;Ondulado;Regular drenaje;No indica;Ninguno;8.119;2.313;6.771;8.561;ND;ND;25.46;0.299;<0.09;0.053;25.86;0.481;3.919;1.285;0.551;4.065;0.264;ND;ND;ND;ND
19.169;7/05/2015;CUNDINAMARCA;CAPARRAPÍ;Caña Panelera;Establecido;Mas de 10 años;Ondulado;Regular drenaje;No Tiene;NO;6.42;7.081;76.78;2.236;ND;ND;17.79;0.392;0.178;0.062;18.42;0.177;35.88;2.887;1.353;5.107;0.334;ND;ND;ND;ND
19.170;7/05/2015;CUNDINAMARCA;BITUIMA;Caña Panelera;Establecido;Mas de 10 años;Pendiente;Buen drenaje;No Tiene;Ninguno;7.83;3.941;8.400;1.894;ND;ND;10.95;0.964;0.114;0.027;12.05;0.307;23.70;2.572;0.868;13.11;0.661;ND;ND;ND;ND
19.171;7/05/2015;CUNDINAMARCA;NIMAIMA;Caña Panelera;Establecido;No indica;Pendiente;Regular drenaje;No Tiene;NO;5.46;5.185;4.911;2.578;0;0;1.481;0.424;0.122;0.044;2.073;0.139;91.43;1.835;1.399;0.074;0.474;ND;ND;ND;ND
19.173;7/05/2015;CUNDINAMARCA;GUAYABAL DE SÍQUIMA;Caña Panelera;Establecido;No indica;Ondulado;Buen drenaje;No Tiene;Ninguno;6.53;8.217;17.10;5.484;ND;ND;21.43;1.580;0.296;0.082;23.39;0.367;20.93;3.353;1.085;7.236;0.334;ND;ND;ND;ND
19.174;7/05/2015;CUNDINAMARCA;GUAYABAL DE SÍQUIMA;Caña Panelera;Establecido;No indica;Ondulado;Buen drenaje;No Tiene;Ninguno;4.99;3.766;3.500;3.603;0.548;0.307;4.337;0.412;0.161;0.024;5.484;0.202;84.75;6.5;12.99;6.183;0.241;ND;ND;ND;ND
19.175;7/05/2015;CUNDINAMARCA;BITUIMA;Caña Panelera;Establecido;De 1 a 5 años;Ondulado;Buen drenaje;No indica;Ninguno;7.91;8.165;10.82;6.509;ND;ND;16.17;2.294;0.110;0.029;18.61;0.452;26.61;5.641;1.081;17.07;1.035;ND;ND;ND;ND
19.176;7/05/2015;CUNDINAMARCA;GUAYABAL DE SÍQUIMA;Caña Panelera;Establecido;De 1 a 5 años;Ondulado;Buen drenaje;No Tiene;Ninguno;7.99;3.901;2.604;3.262;ND;ND;18.67;0.615;0.100;0.037;19.42;0.440;7.921;2.175;1.091;4.661;0.404;ND;ND;ND;ND
19.177;7/05/2015;CUNDINAMARCA;GUAYABAL DE SÍQUIMA;Caña Panelera;Establecido;Mas de 10 años;Ondulado;Buen drenaje;No Tiene;Ninguno;7.11;9.357;37.80;17.96;ND;ND;14.36;1.066;0.284;0.063;15.78;0.623;65.42;8.304;1.754;55.34;0.684;ND;ND;ND;ND
19.178;7/05/2015;CUNDINAMARCA;BITUIMA;Caña Panelera;Establecido;Mas de 10 años;Pendiente;Buen drenaje;No indica;Ninguno;6.91;13.99;21.22;7.535;ND;ND;19.77;2.772;0.259;0.036;22.84;0.596;28.22;2.828;1.008;112.2;0.801;ND;ND;ND;ND
19.180;7/05/2015;CUNDINAMARCA;SASAIMA;Caña Panelera;Establecido;Mas de 10 años;Ondulado;Buen drenaje;No Tiene;Ninguno;4.49;3.748;4.124;3.262;5.416;4.121;2.093;0.288;0.133;0.056;7.987;0.103;728.8;4.699;1.825;12.84;0.147;ND;ND;ND;ND
19.181;7/05/2015;CUNDINAMARCA;CHAGUANÍ;Caña Panelera;Establecido;No indica;Pendiente;Buen drenaje;No Tiene;NO;6.12;2.754;3.215;2.236;ND;ND;8.702;4.476;<0.09;0.071;13.26;0.081;46.16;4.748;1.992;1.694;0.077;ND;ND;ND;ND
19.182;7/05/2015;CUNDINAMARCA;GUAYABAL DE SÍQUIMA;Caña Panelera;Establecido;De 5 a 10 años;Ondulado;Buen drenaje;No Tiene;Ninguno;7.62;8.759;11.75;9.074;ND;ND;16.26;1.129;<0.09;0.044;17.45;0.636;40.70;8.661;1.629;97.60;0.708;ND;ND;ND;ND
19.183;7/05/2015;CUNDINAMARCA;GUAYABAL DE SÍQUIMA;Caña Panelera;Establecido;Mas de 10 años;Pendiente leve;Buen drenaje;No Tiene;NO;6.07;2.167;3.350;1.894;ND;ND;5.654;4.673;<0.09;0.052;10.45;0.138;46.81;4.868;2.812;2.081;0.077;ND;ND;ND;ND
19.184;7/05/2015;CUNDINAMARCA;LA VEGA;Caña Panelera;Establecido;No indica;Pendiente;Regular drenaje;No Tiene;NO;5.99;5.317;20.62;2.749;ND;ND;16.53;0.372;<0.09;0.032;17.01;0.202;41.56;4.141;0.383;94.05;0.264;ND;ND;ND;ND
19.185;7/05/2015;CUNDINAMARCA;LA VEGA;Caña Panelera;Establecido;No indica;Pendiente;Regular drenaje;No Tiene;NO;6.41;5.163;7.830;2.749;ND;ND;13.04;0.644;0.092;0.040;13.82;0.190;69.21;4.551;0.521;18.95;0.287;ND;ND;ND;ND
19.186;7/05/2015;CUNDINAMARCA;BITUIMA;Caña Panelera;Establecido;Mas de 10 años;Pendiente;Regular drenaje;No indica;Ninguno;7.79;6.167;16.12;4.800;ND;ND;8.922;0.197;<0.09;0.029;9.167;0.497;32.12;9.760;0.830;133.0;0.521;ND;ND;ND;ND
19.187;7/05/2015;CUNDINAMARCA;BITUIMA;Caña Panelera;Establecido;Mas de 10 años;Pendiente;Buen drenaje;No indica;Ninguno;8.15;4.415;11.00;2.749;ND;ND;24.84;0.672;0.124;0.050;25.69;0.438;7.359;4.911;0.156;39.25;0.684;ND;ND;ND;ND
19.188;7/05/2015;CUNDINAMARCA;BITUIMA;Caña Panelera;Establecido;Mas de 10 años;Pendiente;Buen drenaje;No Tiene;Ninguno;8.07;6.595;8.902;6.338;ND;ND;16.83;0.935;0.105;0.040;17.91;0.428;30.63;4.179;0.471;14.70;0.755;ND;ND;ND;ND
19.189;7/05/2015;CUNDINAMARCA;BITUIMA;Caña Panelera;Establecido;Mas de 10 años;Plano;Buen drenaje;No Tiene;Ninguno;7.91;4.380;28.04;4.116;ND;ND;10.77;0.736;0.167;0.040;11.72;0.237;17.28;3.312;0.844;14.21;0.311;ND;ND;ND;ND
19.190;7/05/2015;CUNDINAMARCA;BITUIMA;Caña Panelera;Establecido;De 1 a 5 años;Pendiente;Buen drenaje;No Tiene;Ninguno;7.83;4.175;38.68;2.578;ND;ND;17.65;1.169;0.199;0.033;19.05;0.246;18.00;3.667;0.543;21.49;0.731;ND;ND;ND;ND
19.191;7/05/2015;CUNDINAMARCA;BITUIMA;Caña Panelera;Establecido;De 5 a 10 años;Plano;Regular drenaje;No Tiene;Ninguno;7.87;4.312;12.62;3.774;ND;ND;15.86;0.466;0.105;0.050;16.48;0.287;15.48;2.936;0.18;15.47;0.451;ND;ND;ND;ND
19.192;7/05/2015;CUNDINAMARCA;BITUIMA;Caña Panelera;Establecido;Mas de 10 años;Pendiente;Buen drenaje;No indica;Ninguno;7.78;9.821;32.38;3.945;ND;ND;25.26;0.932;0.194;0.089;26.47;0.357;11.58;4.067;0.396;42.33;0.965;ND;ND;ND;ND
19.193;7/05/2015;CUNDINAMARCA;BITUIMA;Caña Panelera;Establecido;Mas de 10 años;Pendiente;Buen drenaje;No indica;Ninguno;8.01;5.693;15.82;2.749;ND;ND;22.86;0.434;<0.09;0.051;23.44;0.218;13.04;4.246;0.271;40.07;0.708;ND;ND;ND;ND
19.194;7/05/2015;CUNDINAMARCA;LA VEGA;Caña Panelera;Establecido;No indica;Pendiente;Regular drenaje;No Tiene;NO;4.76;8.679;3.473;2.578;2.952;2.140;0.721;0.431;<0.09;0.037;4.227;0.171;536.7;3.063;3.024;0.81;0.170;ND;ND;ND;ND
19.195;7/05/2015;CUNDINAMARCA;BITUIMA;Caña Panelera;Establecido;De 1 a 5 años;Pendiente;Buen drenaje;No Tiene;Ninguno;7.73;6.784;24.90;3.603;ND;ND;20.11;0.379;0.349;0.041;20.88;0.358;17.70;5.272;0.64;20.79;0.521;ND;ND;ND;ND
19.196;7/05/2015;CUNDINAMARCA;BITUIMA;Caña Panelera;Establecido;De 1 a 5 años;Pendiente;Buen drenaje;No Tiene;Ninguno;7.91;3.832;24.15;6.680;ND;ND;12.79;1.693;0.228;0.043;14.76;0.241;25.54;2.903;0.685;2.927;0.404;ND;ND;ND;ND
19.197;7/05/2015;CUNDINAMARCA;LA VEGA;Caña Panelera;Establecido;No indica;Pendiente;Regular drenaje;No Tiene;NO;4.78;4.118;3.513;1.723;1.486;1.357;2.390;0.483;0.096;0.036;4.493;0.142;546.0;3.498;1.980;7.351;0.170;ND;ND;ND;ND
19.198;7/05/2015;CUNDINAMARCA;LA VEGA;Caña Panelera;Establecido;Mas de 10 años;Pendiente;Regular drenaje;No Tiene;NO;4.59;1.459;2.495;2.236;6.652;5.469;0.950;0.113;<0.09;0.054;7.833;0.069;275.4;2.554;0.594;< 0.0;0.100;ND;ND;ND;ND
19.199;7/05/2015;CUNDINAMARCA;LA VEGA;Caña Panelera;Establecido;No indica;Pendiente;Regular drenaje;No Tiene;NO;7.29;6.030;150.5;2.236;ND;ND;12.09;1.598;0.278;0.099;14.07;0.241;93.73;7.554;1.016;69.31;0.591;ND;ND;ND;ND
19.208;7/05/2015;CUNDINAMARCA;NIMAIMA;Caña Panelera;Establecido;No indica;Pendiente;Regular drenaje;No Tiene;NO;5.65;4.278;10.82;2.236;ND;ND;4.308;0.573;0.137;0.074;5.092;0.133;578.9;5.606;1.653;3.261;0.100;ND;ND;ND;ND
19.209;7/05/2015;CUNDINAMARCA;LA VEGA;Caña Panelera;Establecido;No indica;Pendiente;Regular drenaje;No Tiene;NO;7.55;3.581;10.78;2.065;ND;ND;15.90;0.473;<0.09;0.042;16.46;0.270;9.167;6.794;0.117;24.70;0.241;ND;ND;ND;ND
19.210;7/05/2015;CUNDINAMARCA;NIMAIMA;Caña Panelera;Establecido;No indica;Pendiente;Buen drenaje;No Tiene;NO;5.48;17.94;3.554;1.894;0;0;2.091;0.379;0.111;0.060;2.642;0.136;66.43;3.336;4.376;0.690;0.100;ND;ND;ND;ND
19.504;27/02/2015;CUNDINAMARCA;CAPARRAPÍ;Caña Panelera;Establecido;De 0 a 1 año;Pendiente;Buen drenaje;No Tiene;NO;6.2;8.336;114.9;3.009;ND;ND;11.68;0.668;0.134;0.065;12.54;0.169;75.3;2.4;4.099;4.3;0.207;ND;ND;ND;ND
19.529;23/02/2015;VALLE DEL CAUCA;PALMIRA;Caña Panelera;Establecido;De 1 a 5 años;Plano;Buen drenaje;No indica;N-K;6.83;4.139;210.7;4.661;ND;ND;11.15;4.379;0.217;0.092;15.84;0.179;81.30;5.300;1;1.3;0.147;ND;ND;ND;ND
19.599;23/02/2015;VALLE DEL CAUCA;PALMIRA;Caña Panelera;Establecido;De 1 a 5 años;Plano;Buen drenaje;No indica;N-K;6.73;5.009;165.1;5.514;ND;ND;11.79;4.317;0.291;0.070;16.47;0.258;99;6.1;1.6;2.5;0.197;ND;ND;ND;ND
19.600;23/02/2015;VALLE DEL CAUCA;PALMIRA;Caña Panelera;Establecido;De 1 a 5 años;Plano;Buen drenaje;No indica;N-K;6.68;4.088;76.14;2.443;ND;ND;13.40;5.181;0.288;0.108;18.98;0.163;92.5;7.1;1.2;1.400;0.097;ND;ND;ND;ND
19.601;23/02/2015;VALLE DEL CAUCA;PALMIRA;Caña Panelera;Establecido;De 1 a 5 años;Plano;Buen drenaje;No indica;N-K;7.28;2.748;37.21;3.637;ND;ND;12.69;5.551;0.268;0.152;18.66;0.126;48.2;5.4;1.3;0.899;0.131;ND;ND;ND;ND
19.621;5/01/2015;VALLE DEL CAUCA;CALI;Caña Panelera;Establecido;De 0 a 1 año;Plano;No indica;No indica;VINAZA;5.5;4.303;21.31;10.34;ND;ND;10.59;7.278;0.336;0.157;18.36;0.258;176;6;8.299;3.300;0.048;ND;ND;ND;ND
19.622;5/01/2015;VALLE DEL CAUCA;CALI;Caña Panelera;Establecido;De 0 a 1 año;Plano;No indica;No indica;VINAZA;7.89;3.241;6.654;4.292;ND;ND;11.56;7.154;0.326;0.163;19.21;0.190;7.7;4.900;0.8;0.3;0.225;ND;ND;ND;ND
19.623;5/01/2015;VALLE DEL CAUCA;CALI;Caña Panelera;Establecido;De 0 a 1 año;Plano;No indica;No indica;VINAZA;7.43;4.455;16.39;5.589;ND;ND;13.70;7.401;0.144;0.141;21.39;0.184;6.800;4.2;0.4;2.4;0.227;ND;ND;ND;ND
19.624;5/01/2015;VALLE DEL CAUCA;CALI;Caña Panelera;Establecido;De 0 a 1 año;Plano;No indica;No indica;VINAZA;7.39;4.471;12.72;2.862;ND;ND;11.49;5.982;0.32;0.108;17.90;0.211;6.5;4;0.8;0.5;0.130;ND;ND;ND;ND
19.625;5/01/2015;VALLE DEL CAUCA;CALI;Caña Panelera;Establecido;De 0 a 1 año;Plano;No indica;No indica;VINAZA;5.84;4.336;19.32;8.658;ND;ND;10.29;7.154;0.281;0.163;17.89;0.227;65.09;6.7;2.300;2.800;0.108;ND;ND;ND;ND
19.626;5/01/2015;VALLE DEL CAUCA;CALI;Caña Panelera;Establecido;De 0 a 1 año;Plano;No indica;No indica;VINAZA;7.94;3.474;10.69;0.701;ND;ND;12.05;7.401;0.24;0.114;19.81;0.184;2.800;4.400;0.4;0.8;0.154;ND;ND;ND;ND
19.627;5/01/2015;VALLE DEL CAUCA;CALI;Caña Panelera;Establecido;De 0 a 1 año;Plano;No indica;No indica;VINAZA;7.93;2.992;9.004;3.607;ND;ND;10.33;6.723;0.198;0.108;17.36;0.221;6.1;4.099;0.2;0.2;0.115;ND;ND;ND;ND
19.628;5/01/2015;VALLE DEL CAUCA;CALI;Caña Panelera;Establecido;De 0 a 1 año;Plano;No indica;No indica;VINAZA;7.9;3.165;11.44;1.536;ND;ND;11.00;6.476;0.198;0.097;17.78;0.174;7;4.3;0.3;0.3;0.162;ND;ND;ND;ND
19.629;5/01/2015;VALLE DEL CAUCA;CALI;Caña Panelera;Establecido;De 0 a 1 año;Plano;No indica;No indica;VINAZA;7.63;4.385;14.28;3.130;ND;ND;11.56;7.031;0.332;0.103;19.03;0.200;3.2;3.8;0.5;2.6;0.210;ND;ND;ND;ND
19.630;5/01/2015;VALLE DEL CAUCA;CALI;Caña Panelera;Establecido;De 0 a 1 año;Plano;No indica;No indica;VINAZA;7.86;3.441;11.07;2.489;ND;ND;12.57;7.401;0.208;0.076;20.26;0.184;5;4.5;0.4;0.700;0.132;ND;ND;ND;ND
19.631;5/01/2015;VALLE DEL CAUCA;CALI;Caña Panelera;Establecido;De 0 a 1 año;Plano;No indica;No indica;VINAZA;5.16;5.122;ND;15.22;0;0;9.809;7.154;0.438;0.130;17.53;ND;240;9.800;9;7.9;0.086;ND;ND;ND;ND
19.632;5/01/2015;VALLE DEL CAUCA;CALI;Caña Panelera;Establecido;De 0 a 1 año;Plano;No indica;No indica;VINAZA;7.51;3.777;13.42;3.637;ND;ND;11.56;6.969;0.291;0.070;18.90;0.158;6.1;3.5;0.3;0.899;0.141;ND;ND;ND;ND
19.633;5/01/2015;VALLE DEL CAUCA;CALI;Caña Panelera;Establecido;De 0 a 1 año;Plano;No indica;No indica;VINAZA;7.19;3.918;12.85;2.340;ND;ND;11.98;6.908;0.278;0.087;19.25;0.174;5;3.8;0.700;2.300;0.136;ND;ND;ND;ND
19.634;5/01/2015;VALLE DEL CAUCA;CALI;Caña Panelera;Establecido;De 0 a 1 año;Plano;No indica;No indica;VINAZA;5.58;5.317;10.00;14.30;ND;ND;10.37;7.524;0.243;0.136;18.27;0.227;219;7.5;3.900;3.400;0.041;ND;ND;ND;ND
19.643;5/01/2015;VALLE DEL CAUCA;CALI;Caña Panelera;Establecido;De 0 a 1 año;Plano;No indica;No indica;VINAZA;7.61;3.675;10.32;1.893;ND;ND;11.71;6.908;0.256;0.103;18.98;0.174;5.899;3.599;0.6;0.4;0.117;ND;ND;ND;ND
19.645;5/01/2015;VALLE DEL CAUCA;CALI;Caña Panelera;Establecido;De 0 a 1 año;Plano;No indica;No indica;VINAZA;5.48;6.195;20.03;12.08;0;0;9.622;6.353;0.4;0.125;16.50;0.243;234;6.4;4.5;3.400;0.086;ND;ND;ND;ND
19.646;5/01/2015;VALLE DEL CAUCA;CALI;Caña Panelera;Establecido;De 0 a 1 año;Plano;No indica;No indica;VINAZA;5.059;4.829;51.97;6.676;0.251;0.190;7.937;6.414;0.473;0.130;15.20;0.343;190;6.5;10.60;2.9;0.119;ND;ND;ND;ND
19.647;5/01/2015;VALLE DEL CAUCA;CALI;Caña Panelera;Establecido;De 0 a 1 año;Plano;No indica;No indica;VINAZA;7.76;4.151;22.64;4.695;ND;ND;9.172;4.009;0.230;0.119;13.53;0.195;14.1;7.3;1.100;0.3;0.156;ND;ND;ND;ND
19.648;5/01/2015;VALLE DEL CAUCA;CALI;Caña Panelera;Establecido;De 0 a 1 año;Plano;No indica;No indica;VINAZA;7.45;4.390;22.35;4.054;ND;ND;10.85;4.996;0.380;0.103;16.33;0.285;9.5;5.300;9.5;0.4;0.162;ND;ND;ND;ND
19.649;5/01/2015;VALLE DEL CAUCA;CALI;Caña Panelera;Establecido;De 0 a 1 año;Plano;No indica;No indica;VINAZA;7.03;4.179;18.59;10.92;ND;ND;9.397;4.502;0.275;0.114;14.28;0.306;20;6.7;2.5;0.2;0.153;ND;ND;ND;ND
19.650;5/01/2015;VALLE DEL CAUCA;CALI;Caña Panelera;Establecido;De 0 a 1 año;Plano;No indica;No indica;VINAZA;7.9;3.230;23.40;6.185;ND;ND;8.611;3.269;0.16;0.108;12.14;0.190;11.89;5.8;0.700;0.4;0.099;ND;ND;ND;ND
19.651;5/01/2015;VALLE DEL CAUCA;CALI;Caña Panelera;Establecido;De 0 a 1 año;Plano;No indica;No indica;VINAZA;7.67;4.276;23.31;5.574;ND;ND;10.85;4.502;0.249;0.097;15.70;0.274;7.1;4.699;1.100;0.4;0.216;ND;ND;ND;ND
19.652;5/01/2015;VALLE DEL CAUCA;CALI;Caña Panelera;Establecido;De 0 a 1 año;Plano;No indica;No indica;VINAZA;7.43;3.577;19.19;14.72;ND;ND;10.18;4.687;0.192;0.141;15.20;0.322;10.9;5;0.899;0.2;0.104;ND;ND;ND;ND
19.656;5/01/2015;VALLE DEL CAUCA;CALI;Caña Panelera;Establecido;De 0 a 1 año;Plano;No indica;No indica;VINAZA;7.75;4.786;ND;4.918;ND;ND;12.72;6.908;0.355;0.103;20.09;ND;4;4.099;0.4;0.8;0.182;ND;ND;ND;ND
19.657;5/01/2015;VALLE DEL CAUCA;CALI;Caña Panelera;Establecido;De 0 a 1 año;Plano;No indica;No indica;VINAZA;4.860;4.921;41.87;10.68;0.493;0.361;10.67;6.908;0.662;0.114;18.84;0.512;257;5.8;22.79;3.300;0.043;ND;ND;ND;ND
19.658;5/01/2015;VALLE DEL CAUCA;CALI;Caña Panelera;Establecido;De 0 a 1 año;Plano;No indica;No indica;VINAZA;6.88;4.422;18.34;1.193;ND;ND;8.798;5.427;0.227;0.087;14.54;0.221;29.3;7.6;2.5;0.3;0.074;ND;ND;ND;ND
19.659;5/01/2015;VALLE DEL CAUCA;CALI;Caña Panelera;Establecido;De 0 a 1 año;Plano;No indica;No indica;VINAZA;8.1;3.620;7.636;2.966;ND;ND;11.38;6.846;0.230;0.125;18.58;0.227;6;5;0.5;0.3;0.141;ND;ND;ND;ND
19.660;5/01/2015;VALLE DEL CAUCA;CALI;Caña Panelera;Establecido;De 0 a 1 año;Plano;No indica;No indica;VINAZA;4.95;3.745;15.60;20.17;0.937;0.652;11.90;6.723;0.435;0.136;20.13;0.274;190;6.5;21.40;3.2;0.130;ND;ND;ND;ND
19.661;5/01/2015;VALLE DEL CAUCA;CALI;Caña Panelera;Establecido;De 0 a 1 año;Plano;No indica;No indica;VINAZA;4.97;6.119;26.68;20.99;0.292;0.160;9.060;6.229;0.486;0.141;16.21;0.475;380;7.9;12;5;0.084;ND;ND;ND;ND
19.662;5/01/2015;VALLE DEL CAUCA;CALI;Caña Panelera;Establecido;De 0 a 1 año;Plano;No indica;No indica;VINAZA;5.34;3.089;4.527;26.53;0.433;0.281;13.02;9.437;0.339;0.250;23.48;ND;59;8.5;7.4;2.9;0.166;ND;ND;ND;ND
19.663;5/01/2015;VALLE DEL CAUCA;CALI;Caña Panelera;Establecido;De 0 a 1 año;Plano;No indica;No indica;VINAZA;5.14;6.054;10.43;15.95;0.171;0.100;9.846;6.661;0.288;0.163;17.13;0.480;350.9;8.299;9.200;4.8;0.060;ND;ND;ND;ND
19.664;5/01/2015;VALLE DEL CAUCA;CALI;Caña Panelera;Establecido;De 0 a 1 año;Plano;No indica;No indica;VINAZA;4.92;3.924;28.13;20.05;0.735;0.521;10.82;6.723;0.668;0.081;19.02;0.401;298;6.1;15.1;2.300;0.071;ND;ND;ND;ND
19.665;5/01/2015;VALLE DEL CAUCA;CALI;Caña Panelera;Establecido;De 0 a 1 año;Plano;No indica;No indica;VINAZA;5.27;5.886;47.97;12.57;0.141;0;8.611;6.538;0.96;0.076;16.32;0.391;350;7.6;4.699;5.899;0.115;ND;ND;ND;ND
19.666;5/01/2015;VALLE DEL CAUCA;CALI;Caña Panelera;Establecido;De 0 a 1 año;Plano;No indica;No indica;VINAZA;4.97;4.444;11.74;27.50;0.403;0.291;7.525;6.229;0.476;0.195;14.83;0.401;247.0;9.200;11;2.200;0.097;ND;ND;ND;ND
19.667;5/01/2015;VALLE DEL CAUCA;CALI;Caña Panelera;Establecido;De 0 a 1 año;Plano;No indica;No indica;VINAZA;5.3;3.366;15.05;6.214;0.292;0.200;11.34;6.908;0.275;0.195;19.01;0.295;95;6.3;5.5;2.200;0.058;ND;ND;ND;ND
19.668;5/01/2015;VALLE DEL CAUCA;CALI;Caña Panelera;Establecido;De 0 a 1 año;Plano;No indica;No indica;VINAZA;5.3;3.376;5.003;10.11;0.292;0.210;7.487;5.859;0.204;0.206;14.05;0.195;250.9;10.8;10.1;2;0.041;ND;ND;ND;ND
19.669;5/01/2015;VALLE DEL CAUCA;CALI;Caña Panelera;Establecido;De 0 a 1 año;Plano;No indica;No indica;VINAZA;7.97;3.669;7.576;3.562;ND;ND;13.40;6.969;0.252;0.152;20.77;0.190;7.4;5.300;0.8;0.4;0.106;ND;ND;ND;ND
19.722;5/01/2015;VALLE DEL CAUCA;CALI;Caña Panelera;Establecido;De 0 a 1 año;Plano;No indica;No indica;VINAZA;8.19;3.105;17.31;3.979;ND;ND;10.29;2.713;0.169;0.114;13.29;0.327;15.70;5.899;1.700;0.3;0.125;ND;ND;ND;ND
19.723;5/01/2015;VALLE DEL CAUCA;CALI;Caña Panelera;Establecido;De 0 a 1 año;Plano;No indica;No indica;VINAZA;7.24;3.935;20.81;2.102;ND;ND;9.397;5.242;0.208;0.119;14.96;0.206;21.5;7.1;1.400;0.2;0.110;ND;ND;ND;ND
19.724;5/01/2015;VALLE DEL CAUCA;CALI;Caña Panelera;Establecido;De 0 a 1 año;Plano;No indica;No indica;VINAZA;7.6;4.043;23.56;2.713;ND;ND;10.18;4.379;0.211;0.108;14.88;0.221;14.8;7.199;0.8;0.3;0.097;ND;ND;ND;ND
19.725;5/01/2015;VALLE DEL CAUCA;CALI;Caña Panelera;Establecido;De 0 a 1 año;Plano;No indica;No indica;VINAZA;7.75;4.065;18.98;4.099;ND;ND;7.824;3.084;0.163;0.097;11.17;0.211;13.20;5.8;0.8;0.2;1.001;ND;ND;ND;ND
19.726;5/01/2015;VALLE DEL CAUCA;CALI;Caña Panelera;Establecido;De 0 a 1 año;Plano;No indica;No indica;VINAZA;7.02;4.374;181.4;9.269;ND;ND;6.888;3.454;0.412;0.065;10.82;0.290;42.9;5.300;2.300;1.5;0.171;ND;ND;ND;ND
19.727;5/01/2015;VALLE DEL CAUCA;CALI;Caña Panelera;Establecido;De 0 a 1 año;Plano;No indica;No indica;VINAZA;7.13;5.512;314.4;31.99;ND;ND;9.097;4.317;0.294;0.108;13.81;0.581;30.7;7.3;1.2;2.200;0.236;ND;ND;ND;ND
19.728;5/01/2015;VALLE DEL CAUCA;CALI;Caña Panelera;Establecido;De 0 a 1 año;Plano;No indica;No indica;VINAZA;7.33;3.875;15.54;9.105;ND;ND;6.664;3.515;0.124;0.125;10.43;0.332;21.6;6.899;0.6;0.8;0.119;ND;ND;ND;ND
19.729;5/01/2015;VALLE DEL CAUCA;CALI;Caña Panelera;Establecido;De 0 a 1 año;Plano;No indica;No indica;VINAZA;7.47;3.544;18.50;14.84;ND;ND;7.450;3.700;0.131;0.119;11.40;0.221;17.2;6.2;0.5;0.6;0.089;ND;ND;ND;ND
19.730;5/01/2015;VALLE DEL CAUCA;CALI;Caña Panelera;Establecido;De 0 a 1 año;Plano;No indica;No indica;VINAZA;7.45;4.954;17.42;5.186;ND;ND;12.91;6.599;0.352;0.097;19.96;0.184;7.5;4.900;1.6;2.1;0.177;ND;ND;ND;ND
19.731;5/01/2015;VALLE DEL CAUCA;CALI;Caña Panelera;Establecido;De 0 a 1 año;Plano;No indica;No indica;VINAZA;7.86;3.523;10.10;8.181;ND;ND;12.31;7.093;0.316;0.114;19.84;0.227;6.4;5;0.5;0.3;0.193;ND;ND;ND;ND
19.732;5/01/2015;VALLE DEL CAUCA;CALI;Caña Panelera;Establecido;De 0 a 1 año;Plano;No indica;No indica;VINAZA;7.45;4.872;7.293;4.188;ND;ND;13.47;6.784;0.358;0.103;20.72;0.174;7.4;3.8;1.400;0.700;0.091;ND;ND;ND;ND
19.733;5/01/2015;VALLE DEL CAUCA;CALI;Caña Panelera;Establecido;De 0 a 1 año;Plano;No indica;No indica;VINAZA;7.84;3.875;11.47;5.142;ND;ND;12.87;6.291;0.352;0.108;19.63;0.174;7.1;4.400;0.8;0.3;0.104;ND;ND;ND;ND
19.734;5/01/2015;VALLE DEL CAUCA;CALI;Caña Panelera;Establecido;De 0 a 1 año;Plano;No indica;No indica;VINAZA;7.15;4.368;11.62;20.57;ND;ND;12.50;6.661;0.409;0.092;19.66;0.248;7.5;4.400;1.6;0.5;0.179;ND;ND;ND;ND
19.735;5/01/2015;VALLE DEL CAUCA;CALI;Caña Panelera;Establecido;De 0 a 1 año;Plano;No indica;No indica;VINAZA;7.35;4.444;14.03;15.15;ND;ND;11.08;5.736;0.659;0.059;17.53;0.274;6.5;3.7;1.6;1.9;0.156;ND;ND;ND;ND
19.736;5/01/2015;VALLE DEL CAUCA;CALI;Caña Panelera;Establecido;De 0 a 1 año;Plano;No indica;No indica;VINAZA;6.8;4.525;175.6;3.637;ND;ND;5.915;2.837;0.422;0.054;9.229;0.232;50;3.2;1.700;1.700;0.115;ND;ND;ND;ND
19.737;5/01/2015;VALLE DEL CAUCA;CALI;Caña Panelera;Establecido;De 0 a 1 año;Plano;No indica;No indica;VINAZA;6.78;5.241;12.96;1.700;ND;ND;13.81;7.339;0.412;0.125;21.69;0.206;13.4;5;3;0.700;0.190;ND;ND;ND;ND
19.738;5/01/2015;VALLE DEL CAUCA;CALI;Caña Panelera;Establecido;De 0 a 1 año;Plano;No indica;No indica;VINAZA;7.32;3.946;9.792;17.98;ND;ND;12.20;6.661;0.665;0.076;19.60;0.232;6.1;4.699;0.3;0.5;0.171;ND;ND;ND;ND
19.739;5/01/2015;VALLE DEL CAUCA;CALI;Caña Panelera;Establecido;De 0 a 1 año;Plano;No indica;No indica;VINAZA;7.29;4.558;7.457;11.72;ND;ND;13.66;6.846;0.406;0.087;21.00;0.227;8.100;4.5;1.5;0.6;0.180;ND;ND;ND;ND
19.740;5/01/2015;VALLE DEL CAUCA;CALI;Caña Panelera;Establecido;De 0 a 1 año;Plano;No indica;No indica;VINAZA;7.05;5.447;133.6;5.008;ND;ND;11.23;5.057;0.211;0.065;16.56;0.195;37.9;8.100;3.2;0.3;0.143;ND;ND;ND;ND
19.741;5/01/2015;VALLE DEL CAUCA;CALI;Caña Panelera;Establecido;De 0 a 1 año;Plano;No indica;No indica;VINAZA;7.23;5.198;130.1;5.753;ND;ND;10.85;4.132;0.204;0.076;15.27;0.190;27.3;7.9;2.200;2.200;0.210;ND;ND;ND;ND
19.742;5/01/2015;VALLE DEL CAUCA;CALI;Caña Panelera;Establecido;De 0 a 1 año;Plano;No indica;No indica;VINAZA;7.28;5.339;151.7;3.875;ND;ND;10.59;3.885;0.147;0.043;14.67;0.184;21.9;8.6;1;1.6;0.175;ND;ND;ND;ND
19.743;5/01/2015;VALLE DEL CAUCA;CALI;Caña Panelera;Establecido;De 0 a 1 año;Plano;No indica;No indica;VINAZA;7.71;4.504;57.93;2.936;ND;ND;8.873;3.330;0.140;0.065;12.41;0.163;21.29;7.5;0.5;1.2;0.121;ND;ND;ND;ND
19.744;5/01/2015;VALLE DEL CAUCA;CALI;Caña Panelera;Establecido;De 0 a 1 año;Plano;No indica;No indica;VINAZA;7.75;4.585;43.53;4.277;ND;ND;9.921;3.947;0.134;0.087;14.09;0.200;23.4;8.100;1.6;1.6;0.156;ND;ND;ND;ND
19.745;5/01/2015;VALLE DEL CAUCA;CALI;Caña Panelera;Establecido;De 0 a 1 año;Plano;No indica;No indica;VINAZA;7.99;4.894;28.32;8.524;ND;ND;10.22;3.885;0.128;0.108;14.34;0.237;15.8;7.9;0.2;1.2;0.115;ND;ND;ND;ND
19.746;5/01/2015;VALLE DEL CAUCA;CALI;Caña Panelera;Establecido;De 0 a 1 año;Plano;No indica;No indica;VINAZA;7.14;5.322;130.9;6.185;ND;ND;10.67;4.132;0.32;0.065;15.18;0.232;46.90;9.699;1.2;2.1;0.214;ND;ND;ND;ND
19.747;5/01/2015;VALLE DEL CAUCA;CALI;Caña Panelera;Establecido;De 0 a 1 año;Plano;No indica;No indica;VINAZA;6.92;5.393;210.4;2.802;ND;ND;7.862;3.639;0.236;0.054;11.79;0.227;49.6;5.5;1.799;2;0.067;ND;ND;ND;ND
19.748;5/01/2015;VALLE DEL CAUCA;CALI;Caña Panelera;Establecido;De 0 a 1 año;Plano;No indica;No indica;VINAZA;7.55;3.880;6.699;9.329;ND;ND;14.45;7.401;0.252;0.130;22.23;0.232;5.8;4.400;0.2;0.4;0.132;ND;ND;ND;ND
19.749;5/01/2015;VALLE DEL CAUCA;CALI;Caña Panelera;Establecido;De 0 a 1 año;Plano;No indica;No indica;VINAZA;6.98;5.349;163.3;2.951;ND;ND;5.990;3.084;0.460;0.048;9.584;0.306;73.40;4.2;1.9;2.300;0.173;ND;ND;ND;ND
19.750;5/01/2015;VALLE DEL CAUCA;CALI;Caña Panelera;Establecido;De 0 a 1 año;Plano;No indica;No indica;VINAZA;7.64;2.861;51.68;5.797;ND;ND;6.177;2.713;0.124;0.054;9.070;0.253;15.4;1.9;0.700;0.5;0.078;ND;ND;ND;ND
19.751;5/01/2015;VALLE DEL CAUCA;CALI;Caña Panelera;Establecido;De 0 a 1 año;Plano;No indica;No indica;VINAZA;7.17;4.450;25.51;5.291;ND;ND;6.252;3.084;0.115;0.076;9.527;0.179;37;3.7;1.400;1.3;0.106;ND;ND;ND;ND
19.753;5/01/2015;VALLE DEL CAUCA;CALI;Caña Panelera;Establecido;De 0 a 1 año;Plano;No indica;No indica;VINAZA;7.46;5.046;21.43;10.52;ND;ND;11.04;4.564;0.147;0.043;15.79;0.221;20.29;8.699;0.2;2.5;0.136;ND;ND;ND;ND
19.755;5/01/2015;VALLE DEL CAUCA;CALI;Caña Panelera;Establecido;De 0 a 1 año;Plano;No indica;No indica;VINAZA;7.06;5.778;122.6;14.09;ND;ND;6.926;3.269;0.380;0.054;10.63;0.385;30.7;3.400;1;1.400;0.119;ND;ND;ND;ND
19.756;5/01/2015;VALLE DEL CAUCA;CALI;Caña Panelera;Establecido;De 0 a 1 año;Plano;No indica;No indica;VINAZA;7.86;3.940;73.40;21.51;ND;ND;8.498;4.132;0.131;0.125;12.88;0.327;19;8.699;0.6;0.8;0.123;ND;ND;ND;ND
19.757;5/01/2015;VALLE DEL CAUCA;CALI;Caña Panelera;Establecido;De 0 a 1 año;Plano;No indica;No indica;VINAZA;7.59;3.349;17.39;8.301;ND;ND;7.413;3.454;0.108;0.114;11.09;0.232;19.60;7.1;0.2;1;0.060;ND;ND;ND;ND
19.758;5/01/2015;VALLE DEL CAUCA;CALI;Caña Panelera;Establecido;De 0 a 1 año;Plano;No indica;No indica;VINAZA;7.36;4.471;124.0;66.02;ND;ND;9.172;3.824;0.163;0.119;13.27;1.141;21.8;7.1;1.799;1.400;0.149;ND;ND;ND;ND
19.759;5/01/2015;VALLE DEL CAUCA;CALI;Caña Panelera;Establecido;De 0 a 1 año;Plano;No indica;No indica;VINAZA;6.98;5.073;47.56;5.738;ND;ND;7.113;3.330;0.201;0.048;10.69;0.190;40.59;4.3;2.200;1.9;0.134;ND;ND;ND;ND
19.760;5/01/2015;VALLE DEL CAUCA;CALI;Caña Panelera;Establecido;De 0 a 1 año;Plano;No indica;No indica;VINAZA;6.73;5.198;61.22;5.887;ND;ND;6.851;3.330;0.467;0.043;10.69;0.227;48.5;3.900;1.799;2.1;0.123;ND;ND;ND;ND
19.761;5/01/2015;VALLE DEL CAUCA;CALI;Caña Panelera;Establecido;De 0 a 1 año;Plano;No indica;No indica;VINAZA;7.22;5.414;78.42;5.380;ND;ND;7.338;3.762;0.201;0.087;11.38;0.232;46.90;3.7;1.5;1.400;0.121;ND;ND;ND;ND
19.762;5/01/2015;VALLE DEL CAUCA;CALI;Caña Panelera;Establecido;De 0 a 1 año;Plano;No indica;No indica;VINAZA;7.17;4.921;70.16;1.849;ND;ND;6.739;3.269;0.118;0.087;10.21;0.163;77.59;5.8;2.1;1.700;0.095;ND;ND;ND;ND
19.763;5/01/2015;VALLE DEL CAUCA;CALI;Caña Panelera;Establecido;De 0 a 1 año;Plano;No indica;No indica;VINAZA;7.03;4.206;14.12;3.294;ND;ND;5.990;2.837;0.108;0.043;8.98;0.195;35.20;3.900;1.2;1.100;0.149;ND;ND;ND;ND
19.764;5/01/2015;VALLE DEL CAUCA;CALI;Caña Panelera;Establecido;De 0 a 1 año;Plano;No indica;No indica;VINAZA;6.77;4.677;151.3;4.397;ND;ND;9.322;4.626;0.374;0.092;14.41;1.722;33.70;9.1;2.9;2;0.219;ND;ND;ND;ND
19.765;5/01/2015;VALLE DEL CAUCA;CALI;Caña Panelera;Establecido;De 0 a 1 año;Plano;No indica;No indica;VINAZA;7.55;4.260;143.7;4.754;ND;ND;7.450;3.700;0.192;0.097;11.44;0.221;30.5;4.400;1.5;0.899;0.128;ND;ND;ND;ND
19.766;5/01/2015;VALLE DEL CAUCA;CALI;Caña Panelera;Establecido;De 0 a 1 año;Plano;No indica;No indica;VINAZA;7.12;4.921;32.10;4.531;ND;ND;8.049;4.070;0.32;0.087;12.52;0.253;24.70;9.399;0.899;1.6;0.112;ND;ND;ND;ND
19.767;5/01/2015;VALLE DEL CAUCA;CALI;Caña Panelera;Establecido;De 0 a 1 año;Plano;No indica;No indica;VINAZA;7.35;4.027;107.2;5.142;ND;ND;6.589;3.207;0.179;0.048;10.02;0.221;30;3.8;1.700;1;0.080;ND;ND;ND;ND
19.768;5/01/2015;VALLE DEL CAUCA;CALI;Caña Panelera;Establecido;De 0 a 1 año;Plano;No indica;No indica;VINAZA;7.03;4.374;31.29;7.228;ND;ND;6.626;3.084;0.092;0.108;9.912;0.248;35.9;3.300;1.5;1.3;0.082;ND;ND;ND;ND
19.769;5/01/2015;VALLE DEL CAUCA;CALI;Caña Panelera;Establecido;De 0 a 1 año;Plano;No indica;No indica;VINAZA;7.18;3.886;126.5;5.440;ND;ND;7.300;2.837;0.118;0.119;10.37;0.190;34.20;4.400;1.6;1;0.095;ND;ND;ND;ND
19.770;5/01/2015;VALLE DEL CAUCA;CALI;Caña Panelera;Establecido;De 0 a 1 año;Plano;No indica;No indica;VINAZA;7.72;4.200;169.6;9.195;ND;ND;8.012;3.700;0.156;0.032;11.90;0.269;37;5.4;1.6;1;0.125;ND;ND;ND;ND
19.771;5/01/2015;VALLE DEL CAUCA;CALI;Caña Panelera;Establecido;De 0 a 1 año;Plano;No indica;No indica;VINAZA;6.8;4.807;259.4;5.589;ND;ND;6.926;2.960;0.32;0.048;10.25;0.243;79.80;5.099;2.5;3.1;0.141;ND;ND;ND;ND
19.772;5/01/2015;VALLE DEL CAUCA;CALI;Caña Panelera;Establecido;De 0 a 1 año;Plano;No indica;No indica;VINAZA;6.98;5.176;76.76;4.099;ND;ND;5.503;2.405;0.336;0.054;8.299;0.248;45;4.600;2;1.700;0.153;ND;ND;ND;ND
19.773;5/01/2015;VALLE DEL CAUCA;CALI;Caña Panelera;Establecido;De 0 a 1 año;Plano;No indica;No indica;VINAZA;7.14;4.764;146.5;6.334;ND;ND;7.375;3.824;0.230;0.070;11.50;0.354;37.20;3.599;1.6;1.400;0.153;ND;ND;ND;ND
19.774;5/01/2015;VALLE DEL CAUCA;CALI;Caña Panelera;Establecido;De 0 a 1 año;Plano;No indica;No indica;VINAZA;7.15;2.618;55.45;3.190;ND;ND;5.129;2.405;0.102;0.065;7.702;0.184;42.19;3.599;1;1.100;0.134;ND;ND;ND;ND
19.775;5/01/2015;VALLE DEL CAUCA;CALI;Caña Panelera;Establecido;De 0 a 1 año;Plano;No indica;No indica;VINAZA;7.01;5.339;125.0;5.425;ND;ND;10.44;4.070;0.272;0.054;14.84;0.206;34;8.699;0.8;1.9;0.154;ND;ND;ND;ND
19.777;5/01/2015;VALLE DEL CAUCA;CALI;Caña Panelera;Establecido;De 0 a 1 año;Plano;No indica;No indica;VINAZA;7.07;4.466;95.28;8.494;ND;ND;8.985;3.762;0.204;0.070;13.02;0.211;44;9;0.8;1.9;0.143;ND;ND;ND;ND
19.778;5/01/2015;VALLE DEL CAUCA;CALI;Caña Panelera;Establecido;De 0 a 1 año;Plano;No indica;No indica;VINAZA;7.21;4.943;165.0;3.979;ND;ND;8.910;3.824;0.227;0.054;13.01;0.200;30.29;8.199;0.8;2.1;0.195;ND;ND;ND;ND
19.785;5/01/2015;VALLE DEL CAUCA;CALI;Caña Panelera;Establecido;De 0 a 1 año;Plano;No indica;No indica;VINAZA;7.26;5.431;16.32;4.620;ND;ND;12.61;6.538;0.361;0.081;19.59;0.243;8.199;3.5;1.6;5;0.156;ND;ND;ND;ND
19.788;5/01/2015;VALLE DEL CAUCA;CALI;Caña Panelera;Establecido;De 0 a 1 año;Plano;No indica;No indica;VINAZA;7.13;4.455;19.77;5.291;ND;ND;7.487;5.242;0.198;0.070;12.99;0.184;22.3;7.5;2;0.4;0.097;ND;ND;ND;ND
19.790;5/01/2015;VALLE DEL CAUCA;CALI;Caña Panelera;Establecido;De 0 a 1 año;Plano;No indica;No indica;VINAZA;7.01;4.509;18.04;1.506;ND;ND;11.71;4.872;0.24;0.054;16.88;0.195;36.80;8.9;1.700;0.3;0.097;ND;ND;ND;ND
19.791;5/01/2015;VALLE DEL CAUCA;CALI;Caña Panelera;Establecido;De 0 a 1 año;Plano;No indica;No indica;VINAZA;7.07;4.417;19.04;0.716;ND;ND;15.05;6.784;0.246;0.065;22.14;0.179;32.59;9.200;1.799;0.3;0.097;ND;ND;ND;ND
19.792;5/01/2015;VALLE DEL CAUCA;CALI;Caña Panelera;Establecido;De 0 a 1 año;Plano;No indica;No indica;VINAZA;7.25;4.314;28.75;5.142;ND;ND;11.75;5.057;0.275;0.059;17.14;0.227;7;5.4;1;0.2;0.130;ND;ND;ND;ND
19.793;5/01/2015;VALLE DEL CAUCA;CALI;Caña Panelera;Establecido;De 0 a 1 año;Plano;No indica;No indica;VINAZA;7.2;4.298;23.83;1.312;ND;ND;10.40;4.872;0.096;0.059;15.43;0.179;25.9;8.5;0.3;0.2;0.067;ND;ND;ND;ND
19.794;5/01/2015;VALLE DEL CAUCA;CALI;Caña Panelera;Establecido;De 0 a 1 año;Plano;No indica;No indica;VINAZA;7.22;4.460;30.91;1.148;ND;ND;9.696;4.564;0.223;0.059;14.54;0.221;10.9;6.899;1.5;0.4;0.141;ND;ND;ND;ND
19.795;5/01/2015;VALLE DEL CAUCA;CALI;Caña Panelera;Establecido;De 0 a 1 año;Plano;No indica;No indica;VINAZA;7.26;3.658;20.51;4.844;ND;ND;11.15;4.255;0.252;0.070;15.73;0.163;27.5;8.699;1.2;0.3;0.060;ND;ND;ND;ND
19.796;5/01/2015;VALLE DEL CAUCA;CALI;Caña Panelera;Establecido;De 0 a 1 año;Plano;No indica;No indica;VINAZA;6.83;4.287;24.63;2.281;ND;ND;7.899;4.379;0.32;0.097;12.69;0.285;13.79;7.800;1.6;0.2;0.143;ND;ND;ND;ND
19.797;5/01/2015;VALLE DEL CAUCA;CALI;Caña Panelera;Establecido;De 0 a 1 año;Plano;No indica;No indica;VINAZA;7.39;3.517;28.32;5.142;ND;ND;7.974;4.440;0.208;0.087;12.71;0.206;14.6;8;0.8;0.2;0.086;ND;ND;ND;ND
19.798;5/01/2015;VALLE DEL CAUCA;CALI;Caña Panelera;Establecido;De 0 a 1 año;Plano;No indica;No indica;VINAZA;7.6;3.956;27.83;2.415;ND;ND;9.509;4.749;0.201;0.059;14.52;0.232;6.5;6.5;0.8;0.3;0.115;ND;ND;ND;ND
19.799;5/01/2015;VALLE DEL CAUCA;CALI;Caña Panelera;Establecido;De 0 a 1 año;Plano;No indica;No indica;VINAZA;7.94;3.208;27.96;0.970;ND;ND;8.311;4.317;0.182;0.103;12.91;0.232;13.70;7.6;0.5;0.2;0.060;ND;ND;ND;ND
19.800;5/01/2015;VALLE DEL CAUCA;CALI;Caña Panelera;Establecido;De 0 a 1 año;Plano;No indica;No indica;VINAZA;7.23;4.672;21.03;1.834;ND;ND;9.472;4.934;0.278;0.081;14.76;0.195;16.5;6.899;1.799;0.3;0.099;ND;ND;ND;ND
19.801;5/01/2015;VALLE DEL CAUCA;CALI;Caña Panelera;Establecido;De 0 a 1 año;Plano;No indica;No indica;VINAZA;6.91;4.173;24.47;2.057;ND;ND;12.61;5.427;0.358;0.054;18.45;0.200;40.09;10.60;2.200;0.5;0.104;ND;ND;ND;ND
19.805;5/01/2015;VALLE DEL CAUCA;CALI;Caña Panelera;Establecido;De 0 a 1 año;Plano;No indica;No indica;VINAZA;7.13;4.780;28.53;7.988;ND;ND;9.135;3.824;0.220;0.054;13.23;0.216;22.40;7.9;0.6;1.3;0.188;ND;ND;ND;ND
19.806;5/01/2015;VALLE DEL CAUCA;CALI;Caña Panelera;Establecido;De 0 a 1 año;Plano;No indica;No indica;VINAZA;6.69;5.409;35.44;4.397;ND;ND;9.097;4.132;0.246;0.087;13.56;1.458;27.7;8.299;3.300;1.799;0.212;ND;ND;ND;ND
19.807;5/01/2015;VALLE DEL CAUCA;CALI;Caña Panelera;Establecido;De 0 a 1 año;Plano;No indica;No indica;VINAZA;7.17;3.783;40.71;4.754;ND;ND;8.948;3.885;0.208;0.070;13.11;0.169;23;6.800;0.899;1.100;0.108;ND;ND;ND;ND
19.808;5/01/2015;VALLE DEL CAUCA;CALI;Caña Panelera;Establecido;De 0 a 1 año;Plano;No indica;No indica;VINAZA;6.84;5.555;59.36;3.443;ND;ND;7.487;4.070;0.262;0.059;11.88;0.232;45.59;9.5;1.6;2.1;0.205;ND;ND;ND;ND
19.809;5/01/2015;VALLE DEL CAUCA;CALI;Caña Panelera;Establecido;De 0 a 1 año;Plano;No indica;No indica;VINAZA;6.86;4.309;74.35;5.842;ND;ND;6.327;3.022;0.367;0.065;9.782;0.243;42.1;3.599;1.2;1.5;0.113;ND;ND;ND;ND
19.810;5/01/2015;VALLE DEL CAUCA;CALI;Caña Panelera;Establecido;De 0 a 1 año;Plano;No indica;No indica;VINAZA;7.22;3.685;112.1;12.26;ND;ND;6.364;3.084;0.220;0.065;9.734;0.375;42.69;3.400;1.5;1.36;0.123;ND;ND;ND;ND
19.811;5/01/2015;VALLE DEL CAUCA;CALI;Caña Panelera;Establecido;De 0 a 1 año;Plano;No indica;No indica;VINAZA;7;3.095;32.44;20.72;ND;ND;5.578;2.343;0.163;0.059;8.145;0.422;19.5;2.300;0.899;0.8;0.078;ND;ND;ND;ND
19.828;5/01/2015;VALLE DEL CAUCA;CALI;Caña Panelera;Establecido;De 0 a 1 año;Plano;No indica;No indica;VINAZA;7.22;4.347;50.03;18.41;ND;ND;9.584;4.132;0.179;0.087;13.98;0.269;35.09;8.9;0.5;1.700;0.179;ND;ND;ND;ND
19.832;2/02/2015;ANTIOQUIA;SAN ROQUE;Caña Panelera;Establecido;No indica;Pendiente;No indica;No indica;Ninguno;4.769;3.897;3.925;2.392;1.121;0.833;1.410;0.370;0.182;0.021;3.105;0.343;345;3.599;2.4;0.6;0.120;ND;ND;ND;ND
19.833;2/02/2015;ANTIOQUIA;SAN ROQUE;Caña Panelera;Establecido;No indica;Ondulado;No indica;No indica;Ninguno;5.18;2.503;8.047;13.76;0.420;0.297;1.297;0.483;0.195;0.021;2.418;0.121;90;2.4;3.300;1.100;0.045;ND;ND;ND;ND
19.834;2/02/2015;ANTIOQUIA;SAN ROQUE;Caña Panelera;Establecido;No indica;Pendiente;No indica;No indica;Ninguno;4.51;3.777;4.072;2.925;1.992;1.626;0.411;0.102;<0.09;0.016;2.593;0.163;205;3.599;12;0.700;0.045;ND;ND;ND;ND
19.835;2/02/2015;ANTIOQUIA;SAN ROQUE;Caña Panelera;Establecido;No indica;Pendiente;No indica;No indica;Ninguno;4.67;6.400;4.541;5.590;1.491;1.140;0.967;0.411;0.208;0.021;3.100;0.211;847;4.699;6.3;3.2;0.157;ND;ND;ND;ND
19.836;2/02/2015;ANTIOQUIA;SAN ROQUE;Caña Panelera;Establecido;No indica;Pendiente;No indica;No indica;Ninguno;4.54;3.726;3.867;5.767;1.722;1.359;0.492;0.257;0.217;0.016;2.706;0.184;394;5.099;8;0.700;0.101;ND;ND;ND;ND
19.841;2/02/2015;ANTIOQUIA;SAN ROQUE;Caña Panelera;Establecido;No indica;Pendiente;No indica;No indica;Ninguno;4.38;3.006;3.896;2.748;1.652;1.329;0.293;0.123;0.108;0.021;2.199;0.163;225;2.300;4.2;0.700;0.045;ND;ND;ND;ND
19.855;2/02/2015;ANTIOQUIA;SAN ROQUE;Caña Panelera;Establecido;No indica;Pendiente;No indica;No indica;Ninguno;4.3;4.137;3.837;5.767;1.762;1.368;0.461;0.174;0.092;0.021;2.513;0.253;529;2.9;7;0.700;0.101;ND;ND;ND;ND
19.856;2/02/2015;ANTIOQUIA;SAN ROQUE;Caña Panelera;Establecido;No indica;Pendiente;No indica;No indica;Ninguno;4.71;3.063;3.676;5.590;1.451;1.130;0.517;0.185;<0.09;0.021;2.237;0.190;220;2;2;0.4;0.045;ND;ND;ND;ND
19.859;2/02/2015;ANTIOQUIA;SAN ROQUE;Caña Panelera;Establecido;No indica;Pendiente;No indica;No indica;Ninguno;4.76;3.252;3.530;5.057;1.882;1.587;0.524;0.185;<0.09;0.027;2.679;0.110;112.9;2.4;3.400;0.4;0.064;ND;ND;ND;ND
19.860;2/02/2015;ANTIOQUIA;SAN ROQUE;Caña Panelera;Establecido;No indica;Pendiente;No indica;No indica;Ninguno;4.55;2.972;4.233;5.945;2.022;1.676;0.268;0.113;<0.09;0.021;2.496;0.132;245;1.400;1.6;0.2;0.082;ND;ND;ND;ND
19.867;2/02/2015;ANTIOQUIA;SAN ROQUE;Caña Panelera;Establecido;No indica;Pendiente;No indica;No indica;Ninguno;4.900;2.412;4.175;6.300;1.011;0.763;0.617;0.185;<0.09;0.032;1.904;0.095;53.8;2.200;3.300;0.3;0.064;ND;ND;ND;ND
19.876;2/02/2015;ANTIOQUIA;SAN ROQUE;Caña Panelera;Establecido;No indica;Pendiente;No indica;No indica;15x15x15;4.92;2.663;3.911;9.497;1.862;1.517;0.536;0.185;<0.09;0.021;2.689;0.110;120;1.9;4.600;0.700;0.045;ND;ND;ND;ND
19.877;2/02/2015;ANTIOQUIA;SAN ROQUE;Caña Panelera;Establecido;No indica;Pendiente;No indica;No indica;Ninguno;4.440;3.103;4.864;5.234;6.118;4.870;0.137;0.123;<0.09;0.021;6.464;0.116;401.9;2.200;3;0.5;0.045;ND;ND;ND;ND
19.878;2/02/2015;ANTIOQUIA;SAN ROQUE;Caña Panelera;Establecido;No indica;Pendiente;No indica;No indica;Ninguno;4.99;5.120;5.040;7.721;0.430;0.297;0.78;0.575;0.140;0.027;1.954;0.216;262;3;5.899;5.4;0.082;ND;ND;ND;ND
19.983;27/01/2015;BOYACÁ;TOGÜÍ;Caña Panelera;Establecido;De 5 a 10 años;Ondulado;Buen drenaje;No Tiene;ABONO 10-20-20;4.72;3.868;17.51;6.878;5.253;4.668;1.297;0.678;0.262;0.038;7.530;0.206;992;3.400;16.8;5.300;0.115;ND;ND;ND;ND
20.986;28/08/2015;VALLE DEL CAUCA;DAGUA;Caña Panelera;Establecido;Mas de 10 años;Ondulado;Buen drenaje;No indica;BOÑIGA,GALLINAZA;7.17;4.506;15.90;5.348;ND;ND;26.21;20.18;0.315;0.152;46.86;0.317;28.57;10.58;< 1.0;< 1.0;0.226;ND;ND;ND;ND
21.017;28/08/2015;VALLE DEL CAUCA;DAGUA;Caña Panelera;Establecido;De 0 a 1 año;Ondulado;Buen drenaje;No indica;GALLINAZA;7.81;3.133;7.920;7.039;ND;ND;21.66;18.57;0.646;0.227;41.11;0.295;16.5;3.860;3.360;< 1.0;0.226;ND;ND;ND;ND
21.018;28/08/2015;VALLE DEL CAUCA;DAGUA;Caña Panelera;Establecido;De 1 a 5 años;Pendiente;Buen drenaje;No indica;GALLINAZA;7.75;2.738;18.56;5.179;ND;ND;21.54;14.09;0.466;0.149;36.25;0.803;15.14;3.06;1.04;< 1.0;0.374;ND;ND;ND;ND
21.019;28/08/2015;VALLE DEL CAUCA;DAGUA;Caña Panelera;Establecido;De 1 a 5 años;Ondulado;Buen drenaje;No indica;GALLINAZA;7.09;3.381;11.64;7.208;ND;ND;24.64;13.53;1.019;0.184;39.38;0.213;9.370;3.16;1.9;< 1.0;0.226;ND;ND;ND;ND
21.020;28/08/2015;VALLE DEL CAUCA;DAGUA;Caña Panelera;Establecido;De 0 a 1 año;Ondulado;Buen drenaje;No indica;NO;7.24;2.216;21.05;4.334;ND;ND;18.09;22.98;0.422;0.259;41.76;0.220;16.39;9.52;< 1.0;1.141;0.289;ND;ND;ND;ND
21.021;28/08/2015;VALLE DEL CAUCA;DAGUA;Caña Panelera;Establecido;De 1 a 5 años;Pendiente;Buen drenaje;No indica;NO;7.63;2.674;4.784;5.517;ND;ND;18.91;13.27;0.452;0.147;32.79;0.371;11.18;2.869;1.77;< 1.0;0.247;ND;ND;ND;ND
21.022;28/08/2015;VALLE DEL CAUCA;DAGUA;Caña Panelera;Establecido;De 0 a 1 año;Ondulado;Buen drenaje;No indica;BOÑIGA;7.95;3.006;126.8;5.348;ND;ND;22.58;14.19;2.280;0.154;39.21;0.557;12.2;5.93;< 1.0;1.787;0.459;ND;ND;ND;ND
21.026;28/08/2015;VALLE DEL CAUCA;DAGUA;Caña Panelera;Establecido;De 5 a 10 años;Ondulado;Buen drenaje;No indica;GALLINAZA;7.38;2.806;23.76;5.348;ND;ND;27.88;12.65;0.932;0.263;41.73;0.307;15.04;6.32;< 1.0;< 1.0;0.183;ND;ND;ND;ND
21.028;28/08/2015;VALLE DEL CAUCA;DAGUA;Caña Panelera;Establecido;De 1 a 5 años;No indica;Buen drenaje;No indica;ABONIZA,FULVIRAIZ;7.61;1.760;4.004;5.010;ND;ND;22.31;20.00;0.415;0.329;43.06;0.279;14.25;4.04;< 1.0;< 1.0;0.204;ND;ND;ND;ND
21.029;28/08/2015;VALLE DEL CAUCA;DAGUA;Caña Panelera;Establecido;De 5 a 10 años;Ondulado;Buen drenaje;No indica;CAL AGRICOLA;7.6;2.793;219.3;4.165;ND;ND;31.05;10.42;1.437;0.088;43.00;0.225;52.66;21.8;1.47;2.416;0.289;ND;ND;ND;ND
21.030;28/08/2015;VALLE DEL CAUCA;DAGUA;Caña Panelera;Establecido;De 5 a 10 años;Ondulado;Buen drenaje;No indica;NO;7.89;2.181;6.720;5.348;ND;ND;15.92;7.101;<0.09;0.286;23.37;0.336;25.45;5.600;< 1.0;1.275;0.204;ND;ND;ND;ND
21.031;28/08/2015;VALLE DEL CAUCA;DAGUA;Caña Panelera;Establecido;De 5 a 10 años;Ondulado;Buen drenaje;No indica;NO;7.72;3.178;45.39;5.517;ND;ND;29.30;16.90;0.421;0.201;46.83;0.252;11.94;8.17;< 1.0;1.41;0.204;ND;ND;ND;ND
21.032;28/08/2015;VALLE DEL CAUCA;DAGUA;Caña Panelera;Establecido;De 0 a 1 año;Ondulado;Buen drenaje;No indica;POLLINAZA,GALLINAZA;7.57;3.015;12.13;5.179;ND;ND;24.52;14.40;0.323;0.141;39.38;0.486;15.46;3.15;< 1.0;< 1.0;0.226;ND;ND;ND;ND
21.033;28/08/2015;VALLE DEL CAUCA;DAGUA;Caña Panelera;Establecido;De 1 a 5 años;Ondulado;Buen drenaje;No indica;GALLINAZA;7.25;2.209;10.27;6.532;ND;ND;26.55;16.07;0.181;0.288;43.09;0.194;13.14;3.92;< 1.0;< 1.0;0.183;ND;ND;ND;ND
21.034;28/08/2015;VALLE DEL CAUCA;DAGUA;Caña Panelera;Establecido;De 1 a 5 años;Ondulado;Buen drenaje;No indica;ABONIZA;7.42;1.813;4.889;3.657;ND;ND;14.55;7.754;0.311;0.108;22.73;0.233;12.62;3.25;1.87;< 1.0;0.226;ND;ND;ND;ND
21.035;28/08/2015;VALLE DEL CAUCA;DAGUA;Caña Panelera;Establecido;Mas de 10 años;Ondulado;Buen drenaje;No indica;POLLINAZA;7.42;3.488;6.540;5.348;ND;ND;25.11;15.37;1.139;0.281;41.91;0.229;22.93;7.25;1.120;1.175;0.353;ND;ND;ND;ND
21.036;28/08/2015;VALLE DEL CAUCA;DAGUA;Caña Panelera;Establecido;De 0 a 1 año;Ondulado;Buen drenaje;No indica;NO;8.06;1.499;8.881;5.855;ND;ND;16.05;6.923;0.118;0.304;23.40;0.543;9.18;3.37;< 1.0;< 1.0;0.480;ND;ND;ND;ND
21.037;28/08/2015;VALLE DEL CAUCA;DAGUA;Caña Panelera;Establecido;De 5 a 10 años;Ondulado;Buen drenaje;No indica;ABONIZA, GALLINAZA;7.54;3.208;22.26;7.377;ND;ND;29.08;13.69;0.778;0.201;43.76;0.365;15.69;10.72;< 1.0;< 1.0;0.332;ND;ND;ND;ND
21.038;28/08/2015;VALLE DEL CAUCA;DAGUA;Caña Panelera;Establecido;Mas de 10 años;No indica;Buen drenaje;No indica;ABONIZA;7.38;2.275;16.33;4.165;ND;ND;22.21;10.02;0.517;0.271;33.02;0.321;19.91;3.93;< 1.0;< 1.0;0.268;ND;ND;ND;ND
21.039;28/08/2015;VALLE DEL CAUCA;DAGUA;Caña Panelera;Establecido;De 0 a 1 año;Ondulado;Buen drenaje;No indica;NO;7.4;2.626;19.74;7.884;ND;ND;30.32;15.73;0.294;0.221;46.57;0.323;13.93;4.58;< 1.0;1.431;0.289;ND;ND;ND;ND
21.040;28/08/2015;VALLE DEL CAUCA;DAGUA;Caña Panelera;Establecido;De 1 a 5 años;Ondulado;Buen drenaje;No indica;NO;7.61;3.635;72.08;5.348;ND;ND;24.87;11.96;0.865;0.228;37.92;0.259;18.32;6.43;1.01;1.2;0.226;ND;ND;ND;ND
21.041;28/08/2015;VALLE DEL CAUCA;DAGUA;Caña Panelera;Establecido;De 1 a 5 años;Ondulado;Buen drenaje;No indica;TRIPLE 15;7.74;2.529;215.2;4.841;ND;ND;20.41;8.228;1.261;0.304;30.21;0.278;16.89;7.99;< 1.0;2.479;0.310;ND;ND;ND;ND
21.043;28/08/2015;VALLE DEL CAUCA;DAGUA;Caña Panelera;Establecido;Mas de 10 años;Ondulado;Buen drenaje;No indica;NO;7.78;1.941;19.74;4.503;ND;ND;22.18;14.71;0.591;0.344;37.84;0.062;13.95;4.269;< 1.0;1.117;0.226;ND;ND;ND;ND
21.044;28/08/2015;VALLE DEL CAUCA;DAGUA;Caña Panelera;Establecido;De 0 a 1 año;Ondulado;Buen drenaje;No indica;ABONIZA;8.039;2.541;34.01;8.730;ND;ND;28.60;11.87;0.947;0.386;41.81;0.674;15.25;3.79;< 1.0;1.902;0.523;ND;ND;ND;ND
21.045;28/08/2015;VALLE DEL CAUCA;DAGUA;Caña Panelera;Establecido;De 5 a 10 años;Ondulado;Buen drenaje;No indica;NO;8.14;2.358;29.80;9.744;ND;ND;26.18;8.206;0.908;0.102;35.40;0.416;12.70;3.479;< 1.0;1.472;0.416;ND;ND;ND;ND
21.047;28/08/2015;VALLE DEL CAUCA;DAGUA;Caña Panelera;Establecido;Mas de 10 años;Ondulado;Buen drenaje;No indica;GALLINAZA;7.57;2.255;112.0;6.532;ND;ND;29.99;14.95;0.807;0.147;45.89;0.506;13.75;9.18;< 1.0;2.049;0.310;ND;ND;ND;ND
21.048;28/08/2015;VALLE DEL CAUCA;DAGUA;Caña Panelera;Establecido;De 0 a 1 año;Ondulado;Buen drenaje;No indica;ABONIZA,FULVIRAIZ;7.44;2.401;38.99;6.024;ND;ND;32.90;17.92;0.749;0.262;51.84;0.270;14.03;6.17;1.34;8.939;0.332;ND;ND;ND;ND
21.049;28/08/2015;VALLE DEL CAUCA;DAGUA;Caña Panelera;Establecido;Mas de 10 años;Ondulado;Buen drenaje;No indica;NO;7.64;2.884;98.52;4.672;ND;ND;28.65;14.99;1.762;0.179;45.58;0.454;27.77;10.72;< 1.0;1.367;0.523;ND;ND;ND;ND
21.052;28/08/2015;VALLE DEL CAUCA;DAGUA;Caña Panelera;Establecido;De 0 a 1 año;Ondulado;Buen drenaje;No indica;ABONIZA;7.35;3.470;53.49;5.517;ND;ND;29.32;15.82;1.102;0.210;46.46;0.257;14.74;5.629;1.27;1.171;0.226;ND;ND;ND;ND
21.053;28/08/2015;VALLE DEL CAUCA;DAGUA;Caña Panelera;Establecido;De 0 a 1 año;Ondulado;Buen drenaje;No indica;NO;7.36;2.962;13.74;7.884;ND;ND;17.22;6.858;0.305;0.130;24.52;0.410;24.79;6.16;1.5;1.502;0.289;ND;ND;ND;ND
21.054;28/08/2015;VALLE DEL CAUCA;DAGUA;Caña Panelera;Establecido;Mas de 10 años;Ondulado;Buen drenaje;No indica;NO;7.86;3.290;108.6;11.77;ND;ND;28.85;21.19;2.628;0.235;52.91;0.488;11.12;3.09;1.36;16.97;0.395;ND;ND;ND;ND
21.055;28/08/2015;VALLE DEL CAUCA;DAGUA;Caña Panelera;Establecido;De 1 a 5 años;Ondulado;Buen drenaje;No indica;NO;7.73;2.406;14.59;5.686;ND;ND;28.62;13.30;0.394;0.186;42.51;0.295;10.98;1.98;< 1.0;< 1.0;0.268;ND;ND;ND;ND
21.056;28/08/2015;VALLE DEL CAUCA;DAGUA;Caña Panelera;Establecido;De 1 a 5 años;Ondulado;Buen drenaje;No indica;NO;7.46;1.698;19.88;4.672;ND;ND;24.80;17.58;0.625;0.394;43.40;0.116;14.29;7.279;< 1.0;< 1.0;0.226;ND;ND;ND;ND
21.057;28/08/2015;VALLE DEL CAUCA;DAGUA;Caña Panelera;Establecido;De 0 a 1 año;Ondulado;Buen drenaje;No indica;ABONIZA,GALLINAZA;7.38;2.720;29.78;4.841;ND;ND;28.60;14.56;0.406;0.190;43.77;0.335;14.36;3.780;< 1.0;< 1.0;0.226;ND;ND;ND;ND
21.058;28/08/2015;VALLE DEL CAUCA;DAGUA;Caña Panelera;Establecido;De 5 a 10 años;Ondulado;Buen drenaje;No indica;NO;7.24;2.786;28.28;5.855;ND;ND;25.91;12.44;0.800;0.206;39.36;0.399;15.44;4.38;< 1.0;< 1.0;0.268;ND;ND;ND;ND
21.059;28/08/2015;VALLE DEL CAUCA;DAGUA;Caña Panelera;Establecido;De 5 a 10 años;Ondulado;Buen drenaje;No indica;NO;7.84;3.152;39.08;4.503;ND;ND;28.48;14.09;0.555;0.138;43.26;0.310;8.57;2.200;1.61;< 1.0;0.374;ND;ND;ND;ND
21.060;28/08/2015;VALLE DEL CAUCA;DAGUA;Caña Panelera;Establecido;Mas de 10 años;Ondulado;Buen drenaje;No indica;NO;7.32;2.714;14.43;4.165;ND;ND;28.86;15.38;0.443;0.211;44.90;0.780;9.960;9.01;1.140;< 1.0;0.310;ND;ND;ND;ND
21.062;28/08/2015;VALLE DEL CAUCA;DAGUA;Caña Panelera;Establecido;De 0 a 1 año;No indica;Buen drenaje;No indica;ABONIZA,FOSFORITA;7.28;2.145;17.60;5.179;ND;ND;28.47;16.90;0.642;0.216;46.24;0.191;12.88;4.400;< 1.0;< 1.0;0.289;ND;ND;ND;ND
21.063;28/08/2015;VALLE DEL CAUCA;DAGUA;Caña Panelera;Establecido;Mas de 10 años;Ondulado;Buen drenaje;No indica;GALLINAZA;7.54;1.673;7.680;3.319;ND;ND;28.48;17.41;0.384;0.378;46.66;0.321;12.49;2.36;< 1.0;< 1.0;0.247;ND;ND;ND;ND
21.064;28/08/2015;VALLE DEL CAUCA;DAGUA;Caña Panelera;Establecido;De 1 a 5 años;Ondulado;Buen drenaje;No indica;NO;7.79;2.163;10.63;4.503;ND;ND;28.83;13.70;0.836;0.355;43.73;0.324;8.27;3.69;< 1.0;< 1.0;0.247;ND;ND;ND;ND
21.065;28/08/2015;VALLE DEL CAUCA;DAGUA;Caña Panelera;Establecido;De 5 a 10 años;Ondulado;Buen drenaje;No indica;NO;7.96;2.032;11.32;4.672;ND;ND;35.96;13.27;0.363;0.395;49.99;0.33;13.99;2.200;< 1.0;< 1.0;0.226;ND;ND;ND;ND
21.076;28/08/2015;VALLE DEL CAUCA;DAGUA;Caña Panelera;Establecido;Mas de 10 años;Ondulado;Buen drenaje;No indica;NO;7.79;2.055;40.46;4.503;ND;ND;25.50;6.334;0.327;0.193;32.36;0.225;14.63;7.6;< 1.0;1.280;0.289;ND;ND;ND;ND
21.077;28/08/2015;VALLE DEL CAUCA;DAGUA;Caña Panelera;Establecido;De 0 a 1 año;Ondulado;Buen drenaje;No indica;NO;7.33;1.526;11.59;5.179;ND;ND;19.30;7.336;1.160;0.291;28.09;0.305;14.16;2.84;< 1.0;< 1.0;0.162;ND;ND;ND;ND
21.078;28/08/2015;VALLE DEL CAUCA;DAGUA;Caña Panelera;Establecido;De 1 a 5 años;Ondulado;Buen drenaje;No indica;GALLINAZA;7.39;3.027;13.80;5.686;ND;ND;33.74;17.52;1.211;0.290;52.76;0.274;11.57;11.28;< 1.0;2.241;0.226;ND;ND;ND;ND
21.079;28/08/2015;VALLE DEL CAUCA;DAGUA;Caña Panelera;Establecido;Mas de 10 años;Ondulado;Buen drenaje;No indica;GALLINAZA;7.36;3.271;24.09;3.319;ND;ND;22.96;12.97;0.314;0.187;36.45;0.927;25.56;9.91;< 1.0;< 1.0;0.332;ND;ND;ND;ND
21.307;20/08/2015;SANTANDER;OCAMONTE;Caña Panelera;Establecido;De 0 a 1 año;Plano;Regular drenaje;No Tiene;10-20-20 KCL;6.09;5.693;162.4;5.263;ND;ND;24.88;2.542;0.480;0.120;28.02;0.448;509.2;3.380;1.963;9.615;0.232;ND;ND;ND;ND
21.309;20/08/2015;SANTANDER;OCAMONTE;Caña Panelera;Establecido;De 5 a 10 años;Plano;Regular drenaje;No Tiene;10-20-20 KCL;4.849;3.745;14.89;10.08;3.614;3.066;4.358;0.793;0.321;0.137;9.225;0.231;752.8;1.173;< 1.0;1.297;0.187;ND;ND;ND;ND
21.311;20/08/2015;SANTANDER;OCAMONTE;Caña Panelera;Establecido;De 1 a 5 años;Plano;Regular drenaje;No Tiene;10-20-20 KCL;5.79;5.025;30.26;4.058;ND;ND;17.07;0.913;0.278;0.124;18.38;0.250;539.7;1.925;2.201;1.829;0.232;ND;ND;ND;ND
21.320;19/08/2015;CUNDINAMARCA;CAPARRAPÍ;Caña Panelera;Establecido;Mas de 10 años;Pendiente;Buen drenaje;No Tiene;NO;8.289;3.315;1.743;8.024;ND;ND;50.94;0.498;0.175;0.146;51.76;0.277;6.548;1.000;< 1.0;7.193;0.436;ND;ND;ND;ND
21.393;21/08/2015;VALLE DEL CAUCA;PALMIRA;Caña Panelera;Establecido;De 1 a 5 años;Plano;Buen drenaje;No indica;VINUREA;7.5;2.865;17.41;6.267;ND;ND;16.65;6.814;0.394;0.220;24.08;0.345;37.98;4.355;2.46;< 1.0;0.254;ND;ND;ND;ND
21.395;19/08/2015;CUNDINAMARCA;VILLETA;Caña Panelera;Establecido;De 1 a 5 años;Pendiente;Buen drenaje;No Tiene;ORGANICO;8.449;2.786;4.842;7.785;ND;ND;37.10;1.509;0.104;0.180;38.89;0.665;13.82;1.841;< 1.0;2.728;0.266;ND;ND;ND;ND
21.396;19/08/2015;CUNDINAMARCA;VILLETA;Caña Panelera;Establecido;De 5 a 10 años;Pendiente;Buen drenaje;No Tiene;Ninguno;5.82;2.494;3.018;8.024;ND;ND;16.61;1.685;0.184;0.165;18.64;0.160;81.54;1.978;1.508;4.980;0.309;ND;ND;ND;ND
21.398;19/08/2015;CUNDINAMARCA;NOCAIMA;Caña Panelera;Establecido;Mas de 10 años;Pendiente;Regular drenaje;No Tiene;Ninguno;6.9;6.288;202.1;10.40;ND;ND;21.37;1.630;0.289;0.250;23.54;0.440;257.1;3.304;1.43;61.6;0.224;ND;ND;ND;ND
21.411;19/08/2015;CUNDINAMARCA;NIMAIMA;Caña Panelera;Establecido;Mas de 10 años;Pendiente;Buen drenaje;No Tiene;NO;5.95;3.527;4.595;16.13;ND;ND;14.76;1.347;0.282;0.585;16.98;0.361;420.5;7.522;< 1.0;2.576;0.245;ND;ND;ND;ND
21.412;19/08/2015;CUNDINAMARCA;NIMAIMA;Caña Panelera;Establecido;Mas de 10 años;Pendiente;Buen drenaje;No Tiene;NO;5.7;3.201;5.034;7.785;ND;ND;15.80;0.335;0.159;0.170;16.46;0.206;379.5;7.258;1.966;1.05;0.245;ND;ND;ND;ND
21.413;19/08/2015;CUNDINAMARCA;CAPARRAPÍ;Caña Panelera;Establecido;Mas de 10 años;Ondulado;Regular drenaje;No Tiene;NO;6.67;7.831;398.7;8.501;ND;ND;30.68;1.861;0.667;0.252;33.46;0.485;96.89;2.654;< 1.0;19.88;0.393;ND;ND;ND;ND
21.415;19/08/2015;CUNDINAMARCA;NIMAIMA;Caña Panelera;Establecido;Mas de 10 años;Pendiente;Buen drenaje;No Tiene;NO;5.93;3.449;3.813;9.216;ND;ND;13.69;1.602;0.197;0.207;15.70;0.265;318.4;9.243;2.725;2.421;0.245;ND;ND;ND;ND
21.416;19/08/2015;CUNDINAMARCA;CAPARRAPÍ;Caña Panelera;Establecido;Mas de 10 años;Ligeramente ondulado;Buen drenaje;No Tiene;NO;6.43;4.236;12.68;8.262;ND;ND;17.25;1.485;0.584;0.251;19.57;0.342;80.01;2.015;< 1.0;21.38;0.309;ND;ND;ND;ND
21.417;19/08/2015;CUNDINAMARCA;VILLETA;Caña Panelera;Establecido;Mas de 10 años;Ondulado;Regular drenaje;No indica;No indica;6.43;4.858;82.84;10.40;ND;ND;9.392;1.313;0.306;0.209;11.22;0.347;269.8;2.960;1.675;54.92;0.288;ND;ND;ND;ND
21.418;19/08/2015;CUNDINAMARCA;VILLETA;Caña Panelera;Establecido;Mas de 10 años;Plano;Regular drenaje;No indica;No indica;5.51;4.921;4.993;9.693;ND;ND;16.68;1.155;0.653;0.440;18.92;0.361;1073.;5.502;5.852;6.438;0.266;ND;ND;ND;ND
21.419;19/08/2015;CUNDINAMARCA;VILLETA;Caña Panelera;Establecido;Mas de 10 años;Pendiente;Mal drenaje;No indica;No indica;5.23;2.210;29.15;9.216;2.637;2.193;8.860;2.182;0.412;0.241;14.33;0.229;432.7;4.025;2.863;2.488;0.245;ND;ND;ND;ND
21.420;19/08/2015;CUNDINAMARCA;CAPARRAPÍ;Caña Panelera;Establecido;Mas de 10 años;Ondulado;Regular drenaje;No Tiene;PANSER;7.03;7.059;46.55;4.207;ND;ND;40.53;1.806;0.571;0.211;43.12;0.769;24.77;< 1.0;1.060;5.168;0.288;ND;ND;ND;ND
21.421;19/08/2015;CUNDINAMARCA;NIMAIMA;Caña Panelera;Establecido;Mas de 10 años;Pendiente;Buen drenaje;No Tiene;NO;7.33;5.397;10.58;22.09;ND;ND;28.40;1.395;0.217;0.224;30.24;0.950;90.35;5.798;1.873;8.120;0.288;ND;ND;ND;ND
21.444;19/08/2015;CUNDINAMARCA;VILLETA;Caña Panelera;Establecido;Mas de 10 años;Plano;Regular drenaje;No indica;No indica;7.92;4.465;170.4;8.024;ND;ND;8.830;1.059;0.430;0.217;10.53;0.311;29.06;2.073;1.582;9.012;0.436;ND;ND;ND;ND
21.446;19/08/2015;CUNDINAMARCA;VILLETA;Caña Panelera;Establecido;Mas de 10 años;Pendiente;Regular drenaje;No indica;No indica;6.66;7.292;54.34;8.501;ND;ND;15.54;1.622;0.523;0.142;17.83;0.314;146.2;1.327;3.512;19.75;0.584;ND;ND;ND;ND
21.447;19/08/2015;CUNDINAMARCA;VILLETA;Caña Panelera;Establecido;Mas de 10 años;Plano;Regular drenaje;No indica;No indica;7.01;8.088;27.19;9.693;ND;ND;23.03;2.607;1.124;0.212;26.98;0.709;59.11;< 1.0;< 1.0;8.525;0.415;ND;ND;ND;ND
21.449;19/08/2015;CUNDINAMARCA;NOCAIMA;Caña Panelera;Establecido;Mas de 10 años;Pendiente;Buen drenaje;No Tiene;NO;5.46;21.72;4.252;9.455;0;0;10.68;1.366;0.461;0.309;12.82;0.754;74.74;< 1.0;2.579;4.440;0.245;ND;ND;ND;ND
21.450;19/08/2015;CUNDINAMARCA;NOCAIMA;Caña Panelera;Establecido;Mas de 10 años;Pendiente;Buen drenaje;No Tiene;NO;6.68;3.648;79.13;6.116;ND;ND;13.59;2.441;2.319;0.195;18.54;0.514;452.6;2.452;1.312;114.4;0.245;ND;ND;ND;ND
21.452;19/08/2015;CUNDINAMARCA;NOCAIMA;Caña Panelera;Establecido;Mas de 10 años;Pendiente;Buen drenaje;No Tiene;NO;5.95;3.228;11.10;5.400;ND;ND;17.90;0.553;0.153;0.149;18.76;0.236;578.3;7.385;2.041;1.091;0.245;ND;ND;ND;ND
21.453;19/08/2015;CUNDINAMARCA;NOCAIMA;Caña Panelera;Establecido;Mas de 10 años;Pendiente;Buen drenaje;No Tiene;NO;6.47;3.478;56.23;7.308;ND;ND;18.56;2.101;0.359;0.396;21.42;0.242;660.3;5.314;1.208;10.20;0.288;ND;ND;ND;ND
21.454;19/08/2015;CUNDINAMARCA;NOCAIMA;Caña Panelera;Establecido;Mas de 10 años;Pendiente;Buen drenaje;No Tiene;NO;6.12;3.541;41.64;8.978;ND;ND;16.35;0.613;0.805;0.196;17.97;0.237;648.5;4.288;1.358;61.49;0.288;ND;ND;ND;ND
21.455;19/08/2015;CUNDINAMARCA;NOCAIMA;Caña Panelera;Establecido;Mas de 10 años;Pendiente;Buen drenaje;No Tiene;NO;5.41;2.839;4.910;10.17;0.345;0;11.25;1.976;0.259;0.132;13.96;0.197;282.9;3.508;2.879;6.838;0.224;ND;ND;ND;ND
21.456;19/08/2015;CUNDINAMARCA;NOCAIMA;Caña Panelera;Establecido;De 1 a 5 años;Pendiente;Buen drenaje;No Tiene;ORGANICO;8.24;4.389;6.213;8.262;ND;ND;38.61;1.574;0.261;0.231;40.68;0.730;32.69;5.249;1.096;10.22;0.436;ND;ND;ND;ND
21.458;19/08/2015;CUNDINAMARCA;NOCAIMA;Caña Panelera;Establecido;Mas de 10 años;Pendiente;Buen drenaje;No Tiene;NO;6.04;4.221;33.19;8.024;ND;ND;15.04;3.150;0.414;0.390;18.99;0.535;470.6;4.687;1.547;84.63;0.457;ND;ND;ND;ND
21.460;19/08/2015;CUNDINAMARCA;VILLETA;Caña Panelera;Establecido;Mas de 10 años;Plano;Regular drenaje;No indica;No indica;5.99;3.955;159.7;7.785;ND;ND;9.862;1.370;0.166;0.084;11.48;0.342;80.31;< 1.0;1.459;3.595;0.245;ND;ND;ND;ND
21.461;19/08/2015;CUNDINAMARCA;VILLETA;Caña Panelera;Establecido;Mas de 10 años;Ondulado;Regular drenaje;No indica;No indica;5.22;2.358;33.19;10.17;1.750;1.330;8.567;2.275;0.421;0.130;13.14;0.229;411.2;3.968;2.745;2.477;0.224;ND;ND;ND;ND
21.462;19/08/2015;CUNDINAMARCA;VILLETA;Caña Panelera;Establecido;De 1 a 5 años;Pendiente;Buen drenaje;No Tiene;ORGANICO;8.36;3.221;3.621;10.88;ND;ND;40.42;1.324;0.168;0.161;42.08;0.709;22.93;6.229;< 1.0;13.19;0.478;ND;ND;ND;ND
21.464;19/08/2015;CUNDINAMARCA;VILLETA;Caña Panelera;Establecido;De 1 a 5 años;Pendiente;Buen drenaje;No Tiene;ORGANICO;5.54;6.271;5.843;7.070;ND;ND;13.34;1.475;0.615;0.179;15.61;0.314;1232.;4.107;2.746;3.715;0.245;ND;ND;ND;ND
21.465;19/08/2015;CUNDINAMARCA;VILLETA;Caña Panelera;Establecido;De 1 a 5 años;Pendiente;Buen drenaje;No Tiene;ORGANICO;6.05;4.717;6.336;10.17;ND;ND;20.64;1.100;0.377;0.283;22.40;0.413;383.4;4.722;2.886;23.91;0.415;ND;ND;ND;ND
21.466;19/08/2015;CUNDINAMARCA;VILLETA;Caña Panelera;Establecido;De 1 a 5 años;Pendiente;Buen drenaje;No Tiene;Ninguno;5.18;4.904;4.993;12.07;2.777;2.375;5.128;0.831;0.622;0.253;9.613;0.286;1091.;6.899;1.345;5.464;0.245;ND;ND;ND;ND
21.467;19/08/2015;CUNDINAMARCA;VILLETA;Caña Panelera;Establecido;De 1 a 5 años;Pendiente;Buen drenaje;No Tiene;Ninguno;6.83;5.506;20.73;8.501;ND;ND;25.96;1.492;0.335;0.282;28.07;0.277;47.26;2.751;< 1.0;1.451;0.372;ND;ND;ND;ND
21.470;19/08/2015;CUNDINAMARCA;CAPARRAPÍ;Caña Panelera;Establecido;Mas de 10 años;Ondulado;Buen drenaje;No Tiene;NO;6.14;3.762;10.49;5.639;ND;ND;19.70;2.124;0.298;0.268;22.39;0.601;288.6;2.760;1.127;14.83;0.245;ND;ND;ND;ND
21.471;19/08/2015;CUNDINAMARCA;NOCAIMA;Caña Panelera;Establecido;Mas de 10 años;Pendiente;Buen drenaje;No Tiene;NO;5.4;3.449;6.254;8.739;1.048;0.751;9.930;2.515;0.233;0.193;13.92;0.191;596.5;3.019;2.894;5.096;0.245;ND;ND;ND;ND
21.472;19/08/2015;CUNDINAMARCA;NOCAIMA;Caña Panelera;Establecido;Mas de 10 años;Pendiente;Buen drenaje;No Tiene;NO;7.85;5.212;8.421;14.22;ND;ND;41.33;1.076;0.312;0.200;42.91;0.862;21.04;5.810;< 1.0;168.3;0.266;ND;ND;ND;ND
21.473;19/08/2015;CUNDINAMARCA;NOCAIMA;Caña Panelera;Establecido;Mas de 10 años;Pendiente;Buen drenaje;No Tiene;NO;4.92;3.699;10.73;8.262;2.885;2.203;4.646;0.890;0.220;0.105;8.749;0.222;1119.;39.6;3.194;7.465;0.245;ND;ND;ND;ND
21.475;19/08/2015;CUNDINAMARCA;NIMAIMA;Caña Panelera;Establecido;Mas de 10 años;Pendiente;Buen drenaje;No Tiene;NO;4.74;3.930;4.554;9.216;3.037;2.375;3.131;0.615;0.308;0.189;7.281;0.233;832.0;5.916;2.197;1.191;0.288;ND;ND;ND;ND
21.481;19/08/2015;CUNDINAMARCA;VILLETA;Caña Panelera;Establecido;Mas de 10 años;Pendiente;Regular drenaje;No indica;No indica;4.95;5.244;2.908;8.262;5.090;3.868;4.745;0.365;0.248;0.298;10.74;0.413;1122.;7.006;2.032;2.281;0.309;ND;ND;ND;ND
21.482;19/08/2015;CUNDINAMARCA;NIMAIMA;Caña Panelera;Establecido;Mas de 10 años;Pendiente;Buen drenaje;No Tiene;NO;5.8;4.207;5.377;13.51;ND;ND;10.89;1.988;0.813;0.627;14.32;0.350;861.3;3.658;4.142;4.319;0.669;ND;ND;ND;ND
21.484;19/08/2015;CUNDINAMARCA;CAPARRAPÍ;Caña Panelera;Establecido;Mas de 10 años;Ondulado;Buen drenaje;No Tiene;NO;6.19;12.91;14.78;10.17;ND;ND;18.12;2.197;0.352;0.145;20.81;0.416;51.84;1.472;4.791;1.938;0.245;ND;ND;ND;ND
21.485;19/08/2015;CUNDINAMARCA;NIMAIMA;Caña Panelera;Establecido;Mas de 10 años;Pendiente;Buen drenaje;No Tiene;NO;5.45;4.986;9.010;12.55;0;0;8.506;1.507;0.495;0.188;10.69;0.466;630.5;3.531;3.118;7.176;0.245;ND;ND;ND;ND
21.488;19/08/2015;CUNDINAMARCA;NIMAIMA;Caña Panelera;Establecido;Mas de 10 años;Pendiente;Buen drenaje;No Tiene;NO;6.39;2.502;8.832;8.739;ND;ND;8.103;0.986;0.315;0.156;9.562;0.209;82.38;1.708;1.784;< 1.0;0.266;ND;ND;ND;ND
21.489;19/08/2015;CUNDINAMARCA;NIMAIMA;Caña Panelera;Establecido;Mas de 10 años;Pendiente;Buen drenaje;No Tiene;NO;6.19;4.214;100.2;9.693;ND;ND;16.44;2.395;1.621;0.255;20.72;0.579;427.0;2.570;1.421;10.03;0.309;ND;ND;ND;ND
21.491;19/08/2015;CUNDINAMARCA;CAPARRAPÍ;Caña Panelera;Establecido;Mas de 10 años;Pendiente;Buen drenaje;No Tiene;NO;8.34;3.318;10.62;6.593;ND;ND;45.94;0.877;0.338;0.278;47.43;0.286;10.53;1.524;< 1.0;14.21;0.478;ND;ND;ND;ND
21.492;19/08/2015;CUNDINAMARCA;VILLETA;Caña Panelera;Establecido;De 1 a 5 años;Pendiente;Buen drenaje;No Tiene;Ninguno;5.8;2.538;23.13;14.22;ND;ND;10.63;0.927;0.213;0.177;11.95;0.322;330.6;5.110;1.449;8.525;0.245;ND;ND;ND;ND
21.493;19/08/2015;CUNDINAMARCA;VILLETA;Caña Panelera;Establecido;Mas de 10 años;Plano;Buen drenaje;No indica;No indica;5.38;4.209;3.772;6.593;0.183;0;13.71;2.009;0.279;0.197;16.38;0.318;276.8;2.310;3.805;9.724;0.224;ND;ND;ND;ND
21.494;19/08/2015;CUNDINAMARCA;NOCAIMA;Caña Panelera;Establecido;Mas de 10 años;Pendiente;Buen drenaje;No Tiene;NO;4.87;1.545;4.197;5.877;6.528;5.045;1.950;0.571;0.171;0.264;9.486;0.126;191.4;1.064;1.024;1.55;0.288;ND;ND;ND;ND
21.495;19/08/2015;CUNDINAMARCA;NOCAIMA;Caña Panelera;Establecido;Mas de 10 años;Pendiente;Buen drenaje;No Tiene;NO;4.74;4.343;3.690;5.400;4.334;3.533;2.190;0.816;0.251;0.181;7.774;0.192;1010.;3.313;4.461;3.474;0.266;ND;ND;ND;ND
21.496;19/08/2015;CUNDINAMARCA;NOCAIMA;Caña Panelera;Establecido;Mas de 10 años;Pendiente;Buen drenaje;No Tiene;NO;7.03;3.944;49.04;6.831;ND;ND;10.10;0.420;0.188;0.150;10.86;0.275;471.3;13.63;< 1.0;98.97;0.393;ND;ND;ND;ND
21.497;19/08/2015;CUNDINAMARCA;VILLETA;Caña Panelera;Establecido;Mas de 10 años;Ondulado;Regular drenaje;No indica;No indica;5.25;3.359;18.03;17.32;2.485;2.142;11.69;1.985;0.412;0.181;16.76;0.336;830.1;6.041;8.673;6.324;0.393;ND;ND;ND;ND
21.544;26/08/2015;HUILA;SAN AGUSTÍN;Caña Panelera;Establecido;Mas de 10 años;Plano y ondulado;Buen drenaje;No Tiene;NO FERTILIZA;5.36;19.77;3.539;3.488;1.109;0.715;3.681;0.919;0.256;0.100;6.068;0.309;205.9;1.380;6.879;10.59;0.162;ND;ND;ND;ND
21.545;26/08/2015;HUILA;SAN AGUSTÍN;Caña Panelera;Establecido;De 0 a 1 año;Plano;Buen drenaje;No Tiene;NO FERTILIZA;5.52;15.92;4.379;5.348;ND;ND;4.319;1.362;0.964;0.109;6.755;0.390;151.2;2.68;8.619;4.995;0.162;ND;ND;ND;ND
21.547;26/08/2015;HUILA;SAN AGUSTÍN;Caña Panelera;Establecido;Mas de 10 años;No indica;Buen drenaje;No Tiene;NO FERTILIZA;5.27;16.73;4.589;3.996;1.601;1.348;1.839;0.591;0.382;0.149;4.564;0.189;138.1;1.640;3.87;1.835;0.183;ND;ND;ND;ND
22.610;3/07/2015;CUNDINAMARCA;SASAIMA;Caña Panelera;Establecido;Mas de 10 años;Pendiente;Buen drenaje;No indica;No indica;7.53;2.107;8.445;4.095;ND;ND;22.41;0.857;<0.09;0.062;23.38;0.620;19.35;8.192;< 1.0;88.60;0.226;ND;ND;ND;ND
22.611;3/07/2015;CUNDINAMARCA;SASAIMA;Caña Panelera;Establecido;De 5 a 10 años;Pendiente;Buen drenaje;No indica;Ninguno;4.610;4.375;8.445;8.682;3.011;1.923;2.566;0.540;0.156;0.137;6.412;1.266;1009.;5.487;1.353;8.177;0.294;ND;ND;ND;ND
22.612;3/07/2015;CUNDINAMARCA;SASAIMA;Caña Panelera;Establecido;Mas de 10 años;Pendiente;Buen drenaje;No indica;No indica;7.27;2.355;5.155;4.095;ND;ND;39.35;0.356;<0.09;0.077;39.84;0.104;43.48;4.927;< 1.0;22.45;0.271;ND;ND;ND;ND
22.613;3/07/2015;CUNDINAMARCA;SASAIMA;Caña Panelera;Establecido;Mas de 10 años;Pendiente;Buen drenaje;No indica;No indica;4.639;1.253;18.99;3.545;4.512;2.992;3.977;0.246;<0.09;0.079;8.866;0.690;438.9;4.572;< 1.0;8.909;0.226;ND;ND;ND;ND
22.615;3/07/2015;CUNDINAMARCA;SASAIMA;Caña Panelera;Establecido;Mas de 10 años;Pendiente;Buen drenaje;No indica;No indica;5.58;2.208;5.187;3.912;ND;ND;15.96;0.367;<0.09;0.079;16.46;0.196;630.1;16.56;1.734;22.50;0.204;ND;ND;ND;ND
22.616;3/07/2015;CUNDINAMARCA;SASAIMA;Caña Panelera;Establecido;Mas de 10 años;Ondulado;Buen drenaje;No indica;No indica;5.79;1.299;8.714;2.627;ND;ND;14.78;0.927;<0.09;0.056;15.82;0.685;99.37;7.942;< 1.0;21.90;0.271;ND;ND;ND;ND
22.617;3/07/2015;CUNDINAMARCA;SASAIMA;Caña Panelera;Establecido;Mas de 10 años;Pendiente;Buen drenaje;No indica;No indica;7.85;3.140;4.633;2.994;ND;ND;45.00;0.643;<0.09;0.078;45.75;0.119;17.82;7.107;< 1.0;81.09;0.316;ND;ND;ND;ND
22.618;3/07/2015;CUNDINAMARCA;SASAIMA;Caña Panelera;Establecido;Mas de 10 años;Pendiente;Buen drenaje;No indica;No indica;7.91;2.764;8.762;3.545;ND;ND;32.43;0.467;<0.09;0.056;32.99;0.650;14.34;8.257;< 1.0;68.06;0.249;ND;ND;ND;ND
22.619;3/07/2015;CUNDINAMARCA;SASAIMA;Caña Panelera;Establecido;Mas de 10 años;Ondulado;Mal drenaje;No indica;No indica;7.42;5.075;17.41;7.398;ND;ND;29.05;1.279;<0.09;0.186;30.60;0.536;17.54;7.759;< 1.0;76.51;0.271;ND;ND;ND;ND
22.620;3/07/2015;CUNDINAMARCA;SASAIMA;Caña Panelera;Establecido;Mas de 10 años;Ondulado;Buen drenaje;No indica;No indica;8.039;1.902;1.786;4.095;ND;ND;41.75;0.927;<0.09;0.068;42.78;1.119;5.852;4.685;< 1.0;59.68;0.249;ND;ND;ND;ND
22.621;3/07/2015;CUNDINAMARCA;SASAIMA;Caña Panelera;Establecido;Mas de 10 años;Pendiente;Buen drenaje;No indica;No indica;4.559;5.574;3.984;3.545;5.320;4.295;4.644;0.353;0.158;0.074;10.55;0.605;873.1;8.471;1.668;21.25;0.226;ND;ND;ND;ND
22.622;3/07/2015;CUNDINAMARCA;SASAIMA;Caña Panelera;Establecido;Mas de 10 años;Ondulado;Buen drenaje;No indica;No indica;4.980;4.488;4.823;3.361;2.204;1.353;7.205;1.477;<0.09;0.108;11.07;0.383;640.0;6.699;2.333;10.03;0.249;ND;ND;ND;ND
22.623;3/07/2015;CUNDINAMARCA;SASAIMA;Caña Panelera;Establecido;Mas de 10 años;Pendiente;Buen drenaje;No indica;No indica;5.27;2.954;28.29;2.444;0.589;0.325;9.946;0.728;<0.09;0.083;11.40;0.118;696.9;13.25;4.226;70.49;0.159;ND;ND;ND;ND
22.624;3/07/2015;CUNDINAMARCA;SASAIMA;Caña Panelera;Establecido;Mas de 10 años;Ondulado;Buen drenaje;No indica;No indica;7.91;4.483;3.067;2.994;ND;ND;35.42;0.586;<0.09;0.062;36.10;0.148;41.56;6.945;< 1.0;94.61;0.338;ND;ND;ND;ND
22.625;3/07/2015;CUNDINAMARCA;SASAIMA;Caña Panelera;Establecido;Mas de 10 años;Pendiente;Regular drenaje;No indica;No indica;7.69;2.985;6.373;2.994;ND;ND;31.82;0.795;<0.09;0.157;32.80;0.493;30.44;6.65;< 1.0;23.95;0.226;ND;ND;ND;ND
22.626;3/07/2015;CUNDINAMARCA;SASAIMA;Caña Panelera;Establecido;Mas de 10 años;Pendiente;Buen drenaje;No indica;No indica;8.11;1.353;1.153;2.994;ND;ND;32.95;0.694;<0.09;0.078;33.77;0.290;15.36;3.552;< 1.0;17.41;0.226;ND;ND;ND;ND
22.657;23/06/2015;CUNDINAMARCA;VILLETA;Caña Panelera;Establecido;Mas de 10 años;Pendiente;Buen drenaje;No Tiene;Ninguno;7.34;5.905;12.24;7.556;ND;ND;49.05;1.332;0.232;0.118;50.74;0.603;51.79;3.235;< 1.0;21.98;0.412;ND;ND;ND;ND
22.663;25/06/2015;CUNDINAMARCA;NOCAIMA;Caña Panelera;Establecido;Mas de 10 años;Pendiente;Buen drenaje;No Tiene;NO;5.12;4.391;1.444;2.479;0.203;0;6.419;1.923;0.155;0.115;8.816;0.125;664.8;11.14;8.798;24.02;0.133;ND;ND;ND;ND
22.664;25/06/2015;CUNDINAMARCA;NOCAIMA;Caña Panelera;Establecido;Mas de 10 años;Pendiente;Buen drenaje;No Tiene;NO;5.41;9.413;8.127;6.842;1.361;1.105;2.384;0.692;0.159;0.147;4.744;0.172;100.3;3.46;1.673;1.466;0.199;ND;ND;ND;ND
22.665;25/06/2015;CUNDINAMARCA;NOCAIMA;Caña Panelera;Establecido;Mas de 10 años;Pendiente;Buen drenaje;No Tiene;NO;4.68;5.466;3.445;7.790;4.383;3.233;0.864;0.276;0.342;0.087;5.953;0.227;1334.;9.839;3.110;15.72;0.155;ND;ND;ND;ND
22.666;25/06/2015;CUNDINAMARCA;NOCAIMA;Caña Panelera;Establecido;Mas de 10 años;Pendiente;Buen drenaje;No Tiene;NO;6.03;9.852;52.57;15.56;ND;ND;18.68;4.994;0.672;0.178;24.53;0.504;552.6;6.291;6.494;8.227;0.331;ND;ND;ND;ND
22.668;25/06/2015;CUNDINAMARCA;NOCAIMA;Caña Panelera;Establecido;Mas de 10 años;Pendiente;Buen drenaje;No Tiene;NO;5.7;3.752;180.7;2.858;ND;ND;8.081;2.178;0.653;0.067;10.98;0.172;911.5;11.65;2.139;78.85;0.133;ND;ND;ND;ND
22.669;25/06/2015;CUNDINAMARCA;NOCAIMA;Caña Panelera;Establecido;Mas de 10 años;Pendiente;Buen drenaje;No Tiene;NO;5.53;4.682;2.718;6.273;ND;ND;8.584;1.618;0.136;0.125;10.46;0.213;634.0;4.405;7.073;10.17;0.133;ND;ND;ND;ND
22.670;25/06/2015;CUNDINAMARCA;NOCAIMA;Caña Panelera;Establecido;Mas de 10 años;Pendiente;Buen drenaje;No Tiene;NO;5.39;3.661;12.01;3.427;0.289;0;15.02;1.331;0.090;0.055;16.79;0.244;796.6;6.810;1.635;124.4;0.177;ND;ND;ND;ND
22.671;25/06/2015;CUNDINAMARCA;NOCAIMA;Caña Panelera;Establecido;Mas de 10 años;Pendiente;Buen drenaje;No Tiene;NO;5.05;15.14;26.48;11.39;3.043;2.461;3.610;0.952;0.675;0.074;8.357;0.222;80.07;2.089;1.724;7.032;0.199;ND;ND;ND;ND
22.672;25/06/2015;CUNDINAMARCA;NOCAIMA;Caña Panelera;Establecido;Mas de 10 años;Pendiente;Buen drenaje;No Tiene;NO;6.05;5.080;8.160;12.34;ND;ND;15.24;1.180;0.164;0.079;16.66;0.234;537.9;8.749;3.998;1.046;0.177;ND;ND;ND;ND
22.673;25/06/2015;CUNDINAMARCA;NOCAIMA;Caña Panelera;Establecido;Mas de 10 años;Pendiente;Buen drenaje;No Tiene;NO;5.65;4.020;36.13;5.135;ND;ND;9.888;1.905;0.235;0.051;12.08;0.183;928.3;8.445;2.177;60.86;0.199;ND;ND;ND;ND
22.674;25/06/2015;CUNDINAMARCA;NOCAIMA;Caña Panelera;Establecido;Mas de 10 años;Pendiente;Buen drenaje;No Tiene;NO;7.91;4.539;4.438;6.463;ND;ND;69.41;0.347;<0.09;0.124;69.93;0.491;24.57;3.406;1.443;< 1.0;0.243;ND;ND;ND;ND
22.675;25/06/2015;CUNDINAMARCA;NOCAIMA;Caña Panelera;Establecido;Mas de 10 años;Pendiente;Buen drenaje;No Tiene;NO;5.46;5.198;18.36;4.945;0;0;8.286;1.978;0.188;0.167;10.61;0.131;1113.;9.149;3.290;13.99;0.155;ND;ND;ND;ND
22.676;25/06/2015;CUNDINAMARCA;NOCAIMA;Caña Panelera;Establecido;Mas de 10 años;Ondulado;Buen drenaje;No Tiene;NO;4.360;6.340;7.813;9.308;4.211;3.317;0.640;0.158;<0.09;0.025;5.119;0.182;799.7;4.492;< 1.0;3.887;0.199;ND;ND;ND;ND
22.677;25/06/2015;CUNDINAMARCA;NOCAIMA;Caña Panelera;Establecido;Mas de 10 años;Pendiente;Buen drenaje;No Tiene;NO;5.53;4.506;23.14;3.427;ND;ND;8.977;1.952;0.246;0.067;11.24;0.182;654.0;6.959;4.607;19.46;0.177;ND;ND;ND;ND
22.678;25/06/2015;CUNDINAMARCA;NOCAIMA;Caña Panelera;Establecido;Mas de 10 años;Pendiente;Buen drenaje;No Tiene;NO;5.38;4.203;9.946;5.894;0.342;0.062;7.251;1.369;0.265;0.170;9.400;0.139;819.1;5.581;2.483;3.498;0.111;ND;ND;ND;ND
22.679;25/06/2015;CUNDINAMARCA;NOCAIMA;Caña Panelera;Establecido;Mas de 10 años;Ondulado;Buen drenaje;No Tiene;NO;5.24;14.35;5.761;13.67;0.364;0.104;1.132;0.478;0.223;0.059;2.258;0.145;95.68;1.559;1.623;7.654;0.111;ND;ND;ND;ND
22.680;22/06/2015;CUNDINAMARCA;QUIPILE;Caña Panelera;Establecido;Mas de 10 años;Plano;Buen drenaje;No indica;No indica;7.78;5.680;41.24;21.83;ND;ND;34.56;2.648;0.184;0.144;37.54;0.845;32.06;4.546;< 1.0;86.61;0.640;ND;ND;ND;ND
22.681;22/06/2015;CUNDINAMARCA;VILLETA;Caña Panelera;Establecido;Mas de 10 años;Ondulado;Regular drenaje;No Tiene;NO;7.84;4.152;1.284;5.857;ND;ND;35.67;1.350;0.229;0.090;37.34;0.790;21.00;2.347;< 1.0;6.822;0.640;ND;ND;ND;ND
22.684;22/06/2015;CUNDINAMARCA;VILLETA;Caña Panelera;Establecido;Mas de 10 años;Ondulado;Regular drenaje;No Tiene;NO;7.55;4.815;9.871;197.9;ND;ND;46.64;1.666;0.127;0.082;48.51;3.272;44.55;4.738;< 1.0;11.72;0.777;ND;ND;ND;ND
22.685;22/06/2015;CUNDINAMARCA;VILLETA;Caña Panelera;Establecido;Mas de 10 años;Ondulado;Regular drenaje;No Tiene;NO;7.94;3.417;11.90;6.027;ND;ND;27.63;2.394;0.263;0.140;30.43;0.906;44.93;5.244;1.277;15.08;0.595;ND;ND;ND;ND
22.688;22/06/2015;CUNDINAMARCA;VILLETA;Caña Panelera;Establecido;De 5 a 10 años;Ondulado;Regular drenaje;No Tiene;NO;6.64;3.122;19.40;5.517;ND;ND;20.99;2.281;0.345;0.120;23.74;0.416;244.4;4.884;< 1.0;9.48;0.344;ND;ND;ND;ND
22.689;22/06/2015;CUNDINAMARCA;VILLETA;Caña Panelera;Establecido;Mas de 10 años;Ondulado;Buen drenaje;No Tiene;NO;7.84;4.530;8.487;9.935;ND;ND;32.04;2.019;0.187;0.039;34.29;0.618;43.2;3.386;< 1.0;6.984;0.526;ND;ND;ND;ND
22.690;22/06/2015;CUNDINAMARCA;VILLETA;Caña Panelera;Establecido;Mas de 10 años;Ondulado;Regular drenaje;No Tiene;NO;5.18;6.384;4.665;9.595;0.450;0.184;14.36;3.683;0.415;0.153;19.06;0.318;1032.;2.325;7.423;10.25;0.299;ND;ND;ND;ND
22.691;22/06/2015;CUNDINAMARCA;VILLETA;Caña Panelera;Establecido;Mas de 10 años;Ondulado;Mal drenaje;No Tiene;NO;5.110;2.186;2.337;3.648;4.500;3.367;11.47;1.646;0.123;0.084;17.83;0.173;118.8;3.266;1.212;4.131;0.253;ND;ND;ND;ND
22.692;22/06/2015;CUNDINAMARCA;VILLETA;Caña Panelera;Establecido;Mas de 10 años;Plano;Regular drenaje;No Tiene;NO;8.039;3.290;1.928;9.935;ND;ND;27.41;1.349;0.102;0.065;28.93;0.616;29.42;1.943;1.399;11.89;0.344;ND;ND;ND;ND
22.693;22/06/2015;CUNDINAMARCA;VILLETA;Caña Panelera;Establecido;Mas de 10 años;Ondulado;Regular drenaje;No Tiene;NO;7.66;2.519;4.036;209.8;ND;ND;70.43;2.519;0.154;0.064;73.17;4.304;11.36;1.61;< 1.0;2.362;0.367;ND;ND;ND;ND
22.694;22/06/2015;CUNDINAMARCA;VILLETA;Caña Panelera;Establecido;Mas de 10 años;Ondulado;Regular drenaje;No Tiene;NO;8.14;3.529;2.652;18.43;ND;ND;33.68;1.023;<0.09;0.085;34.86;0.642;16.46;3.553;< 1.0;62.15;0.503;ND;ND;ND;ND
22.695;22/06/2015;CUNDINAMARCA;VILLETA;Caña Panelera;Establecido;Mas de 10 años;Pendiente;Regular drenaje;No Tiene;NO;7.24;3.956;7.229;4.837;ND;ND;31.71;1.048;0.276;0.075;33.11;0.640;44.62;4.694;< 1.0;23.23;0.299;ND;ND;ND;ND
22.696;22/06/2015;CUNDINAMARCA;VILLETA;Caña Panelera;Establecido;Mas de 10 años;Pendiente;Regular drenaje;No Tiene;NO;8;4.128;1.866;4.158;ND;ND;43.06;0.391;0.203;0.055;43.71;0.530;16.21;3.347;< 1.0;10.67;0.412;ND;ND;ND;ND
22.697;22/06/2015;CUNDINAMARCA;VILLETA;Caña Panelera;Establecido;Mas de 10 años;Pendiente;Buen drenaje;No Tiene;NO;4.82;1.661;6.018;3.648;3.590;3.122;9.525;2.130;0.136;0.117;15.49;0.161;409.5;3.617;2.807;1.724;0.230;ND;ND;ND;ND
22.698;22/06/2015;CUNDINAMARCA;VILLETA;Caña Panelera;Establecido;Mas de 10 años;Ondulado;Regular drenaje;No Tiene;NO;6.84;2.708;26.65;3.648;ND;ND;18.75;1.283;0.178;0.118;20.33;0.335;64.44;3.315;< 1.0;4.013;0.253;ND;ND;ND;ND
22.699;22/06/2015;CUNDINAMARCA;VILLETA;Caña Panelera;Establecido;Mas de 10 años;Ondulado;Buen drenaje;No Tiene;NO;5.28;2.294;3.454;12.99;0.293;0;10.23;1.381;0.125;0.164;12.20;0.289;680.4;5.825;3.294;4.147;0.276;ND;ND;ND;ND
22.700;22/06/2015;CUNDINAMARCA;VILLETA;Caña Panelera;Establecido;Mas de 10 años;Plano;Regular drenaje;No Tiene;NO;5.68;3.879;19.55;6.706;ND;ND;21.65;1.522;0.150;0.113;23.44;0.249;321.5;6.169;< 1.0;24.72;0.276;ND;ND;ND;ND
22.701;22/06/2015;CUNDINAMARCA;VILLETA;Caña Panelera;Establecido;Mas de 10 años;Plano;Buen drenaje;No Tiene;NO;4.480;1.580;3.784;6.876;8.530;6.428;3.478;0.648;0.113;0.075;12.84;0.168;101.5;3.822;< 1.0;2.004;0.230;ND;ND;ND;ND
22.702;22/06/2015;CUNDINAMARCA;VILLETA;Caña Panelera;Establecido;Mas de 10 años;Ondulado;Regular drenaje;No Tiene;NO;6.99;5.857;378.3;7.216;ND;ND;26.30;2.630;0.755;0.136;29.82;0.620;87.28;4.450;< 1.0;93.48;0.595;ND;ND;ND;ND
22.703;22/06/2015;CUNDINAMARCA;VILLETA;Caña Panelera;Establecido;Mas de 10 años;Ondulado;Mal drenaje;No Tiene;NO;7.89;6.523;9.729;9.595;ND;ND;34.36;1.569;0.176;0.101;36.20;0.674;37.37;6.592;< 1.0;133.8;0.640;ND;ND;ND;ND
22.704;22/06/2015;CUNDINAMARCA;VILLETA;Caña Panelera;Establecido;Mas de 10 años;Pendiente;Mal drenaje;No Tiene;NO;7.96;4.851;2.699;28.45;ND;ND;36.66;0.661;0.161;0.059;37.54;0.702;27.88;3.796;< 1.0;19.26;0.458;ND;ND;ND;ND
22.706;3/07/2015;CUNDINAMARCA;QUIPILE;Caña Panelera;Establecido;De 5 a 10 años;Pendiente;Buen drenaje;No indica;No indica;6.4;4.236;145.5;16.75;ND;ND;21.78;2.825;0.326;0.154;25.09;0.545;61.15;13.33;< 1.0;66.71;0.406;ND;ND;ND;ND
22.759;22/06/2015;CUNDINAMARCA;QUIPILE;Caña Panelera;Establecido;De 5 a 10 años;Pendiente;Buen drenaje;No Tiene;NO;6.25;4.851;66.64;2.798;ND;ND;26.09;1.104;0.313;0.128;27.64;0.214;42.43;4.908;< 1.0;162.3;0.458;ND;ND;ND;ND
22.761;6/07/2015;CUNDINAMARCA;NIMAIMA;Caña Panelera;Establecido;Mas de 10 años;Pendiente;Regular drenaje;No indica;No indica;5.86;14.00;7.400;6.023;ND;ND;6.929;2.559;0.436;0.107;10.03;0.169;70.44;3.014;4.141;5.567;0.206;ND;ND;ND;ND
22.867;6/07/2015;CUNDINAMARCA;GUADUAS;Caña Panelera;Establecido;De 1 a 5 años;Plano;Buen drenaje;No indica;No indica;6.59;3.732;155.4;4.078;ND;ND;8.760;2.100;0.425;0.087;11.37;0.225;85.42;4.934;1.317;17.55;0.274;ND;ND;ND;ND
22.868;6/07/2015;CUNDINAMARCA;GUADUAS;Caña Panelera;Establecido;De 5 a 10 años;Pendiente;Buen drenaje;No indica;No indica;5.12;1.509;64.14;3.300;0.188;0;12.90;2.683;0.250;0.071;16.09;0.109;72.48;3.664;8.100;11.10;0.206;ND;ND;ND;ND
22.869;6/07/2015;CUNDINAMARCA;GUADUAS;Caña Panelera;Establecido;Mas de 10 años;Pendiente;Buen drenaje;No indica;No indica;5.57;2.273;8.952;2.717;ND;ND;5.746;2.330;0.520;0.056;8.654;0.164;95.17;4.426;2.866;8.727;0.161;ND;ND;ND;ND
22.870;6/07/2015;CUNDINAMARCA;NOCAIMA;Caña Panelera;Establecido;Mas de 10 años;Pendiente;Buen drenaje;No indica;No indica;6.55;4.585;27.46;7.578;ND;ND;21.38;2.427;0.335;0.220;24.37;0.726;531.1;9.237;2.555;23.76;0.206;ND;ND;ND;ND
22.872;6/07/2015;CUNDINAMARCA;LA PEÑA;Caña Panelera;Establecido;Mas de 10 años;Pendiente;Buen drenaje;No indica;No indica;5.4;6.633;6.239;4.273;0.178;0;11.56;1.666;0.192;0.184;13.78;0.185;1033.;11.18;4.294;19.17;0.658;ND;ND;ND;ND
22.873;6/07/2015;CUNDINAMARCA;VILLETA;Caña Panelera;Establecido;Mas de 10 años;Ondulado;Regular drenaje;No indica;No indica;7.61;5.038;30.58;5.828;ND;ND;27.83;1.084;0.142;0.083;29.14;0.421;30.52;3.521;< 1.0;3.14;0.681;ND;ND;ND;ND
22.874;6/07/2015;CUNDINAMARCA;VILLETA;Caña Panelera;Establecido;Mas de 10 años;Ondulado;Regular drenaje;No indica;No indica;7.64;8.066;59.00;30.32;ND;ND;39.55;2.075;0.465;0.116;42.20;0.741;69.59;4.82;1.040;21.24;0.619;ND;ND;ND;ND
22.875;6/07/2015;CUNDINAMARCA;VILLETA;Caña Panelera;Establecido;Mas de 10 años;Pendiente;Regular drenaje;No indica;No indica;7.72;3.534;2.627;76.78;ND;ND;34.10;1.569;0.103;0.077;35.85;2.007;27.81;4.5;1.675;11.78;0.387;ND;ND;ND;ND
22.876;6/07/2015;CUNDINAMARCA;NIMAIMA;Caña Panelera;Establecido;Mas de 10 años;Pendiente;Regular drenaje;No indica;No indica;7.47;2.613;45.19;3.884;ND;ND;10.54;0.582;0.101;0.109;11.33;0.226;33.54;3.719;1.058;1.738;0.184;ND;ND;ND;ND
22.877;6/07/2015;CUNDINAMARCA;GUADUAS;Caña Panelera;Establecido;Mas de 10 años;Pendiente;Buen drenaje;No indica;No indica;5.67;2.324;5.659;2.328;ND;ND;10.36;6.529;0.231;0.154;17.28;0.151;86.44;3.050;5.09;2.242;0.206;ND;ND;ND;ND
22.878;6/07/2015;CUNDINAMARCA;VILLETA;Caña Panelera;Establecido;De 5 a 10 años;Ondulado;Buen drenaje;No indica;No indica;7.32;2.607;18.42;128.3;ND;ND;34.12;0.994;0.118;0.100;35.33;3.286;35.15;1.638;< 1.0;1.348;0.658;ND;ND;ND;ND
22.879;6/07/2015;CUNDINAMARCA;VILLETA;Caña Panelera;Establecido;Mas de 10 años;Ondulado;Regular drenaje;No indica;No indica;7.27;7.626;74.82;11.85;ND;ND;41.72;2.480;0.660;0.248;45.11;0.699;46.70;3.547;< 1.0;13.42;0.184;ND;ND;ND;ND
22.880;6/07/2015;CUNDINAMARCA;GUADUAS;Caña Panelera;Establecido;Mas de 10 años;Pendiente;Buen drenaje;No indica;No indica;5.98;1.891;19.83;2.328;ND;ND;8.804;1.250;0.091;0.081;10.22;0.155;58.22;4.205;1.238;2.619;0.206;ND;ND;ND;ND
22.881;6/07/2015;CUNDINAMARCA;GUADUAS;Caña Panelera;Establecido;Mas de 10 años;Ondulado;Buen drenaje;No indica;No indica;6.09;1.807;4.585;2.717;ND;ND;7.083;2.459;0.115;0.077;9.736;0.164;66.49;4.512;2.64;3.153;0.206;ND;ND;ND;ND
22.882;6/07/2015;CUNDINAMARCA;GUADUAS;Caña Panelera;Establecido;De 5 a 10 años;Pendiente;Buen drenaje;No indica;No indica;5.59;1.620;7.168;4.467;ND;ND;8.166;5.153;0.264;0.135;13.72;0.129;85.21;4.865;4.583;4.006;0.229;ND;ND;ND;ND
22.883;6/07/2015;CUNDINAMARCA;GUADUAS;Caña Panelera;Establecido;Mas de 10 años;Pendiente;Buen drenaje;No indica;No indica;5.88;2.273;12.31;2.328;ND;ND;7.046;1.982;0.210;0.121;9.361;0.184;76.44;5.083;2.46;5.585;0.206;ND;ND;ND;ND
22.885;6/07/2015;CUNDINAMARCA;NIMAIMA;Caña Panelera;Establecido;Mas de 10 años;Pendiente;Regular drenaje;No indica;No indica;6.02;2.370;9.591;3.300;ND;ND;5.705;1.216;0.108;0.091;7.121;0.145;90.39;4.261;5.613;< 1.0;0.161;ND;ND;ND;ND
22.886;6/07/2015;CUNDINAMARCA;NIMAIMA;Caña Panelera;Establecido;Mas de 10 años;Pendiente;Regular drenaje;No indica;No indica;5.86;3.114;2.249;10.88;ND;ND;34.78;2.333;<0.09;0.542;37.71;0.136;279.2;8.702;1.776;9.071;0.206;ND;ND;ND;ND
22.887;6/07/2015;CUNDINAMARCA;NIMAIMA;Caña Panelera;Establecido;Mas de 10 años;Pendiente;Buen drenaje;No indica;No indica;4.71;2.625;2.351;2.328;4.553;2.975;4.082;1.355;0.143;0.152;10.28;0.600;786.8;5.899;1.312;1.575;0.206;ND;ND;ND;ND
22.888;6/07/2015;CUNDINAMARCA;NIMAIMA;Caña Panelera;Establecido;Mas de 10 años;Pendiente;Buen drenaje;No indica;No indica;5.75;5.793;7.124;10.30;ND;ND;12.02;3.196;0.533;0.186;15.94;0.311;476.1;2.681;4.504;10.33;0.252;ND;ND;ND;ND
22.889;6/07/2015;CUNDINAMARCA;NOCAIMA;Caña Panelera;Establecido;Mas de 10 años;Pendiente;Buen drenaje;No indica;No indica;5.85;3.980;32.26;6.217;ND;ND;6.075;2.507;0.451;0.122;9.156;0.226;785.9;12.82;2.295;69.81;0.319;ND;ND;ND;ND
22.890;6/07/2015;CUNDINAMARCA;GUADUAS;Caña Panelera;Establecido;Mas de 10 años;Pendiente;Buen drenaje;No indica;No indica;4.72;1.919;8.401;3.300;3.671;1.952;6.220;4.199;0.245;0.141;14.47;0.211;104.6;5.926;7.134;7.423;0.161;ND;ND;ND;ND
22.891;6/07/2015;CUNDINAMARCA;GUADUAS;Caña Panelera;Establecido;Mas de 10 años;Pendiente;Buen drenaje;No indica;No indica;6.04;2.944;59.89;3.300;ND;ND;11.16;7.714;0.337;0.201;19.41;0.210;99.26;4.278;2.184;4.266;0.206;ND;ND;ND;ND
22.892;6/07/2015;CUNDINAMARCA;GUADUAS;Caña Panelera;Establecido;Mas de 10 años;Pendiente;Buen drenaje;No indica;No indica;5.33;2.696;3.076;2.328;0.692;0.206;6.585;4.562;0.143;0.113;12.09;0.146;352.0;3.563;2.948;3.523;0.206;ND;ND;ND;ND
22.893;6/07/2015;CUNDINAMARCA;NIMAIMA;Caña Panelera;Establecido;Mas de 10 años;Pendiente;Regular drenaje;No indica;No indica;7.51;4.076;8.067;9.523;ND;ND;28.05;1.186;0.121;0.160;29.52;0.403;39.28;2.612;1.577;10.08;0.364;ND;ND;ND;ND
22.894;6/07/2015;CUNDINAMARCA;NIMAIMA;Caña Panelera;Establecido;Mas de 10 años;Pendiente;Regular drenaje;No indica;No indica;6.86;2.486;4.629;2.328;ND;ND;16.77;0.509;0.112;0.172;17.56;0.166;70.44;5.064;< 1.0;4.134;0.274;ND;ND;ND;ND
22.895;6/07/2015;CUNDINAMARCA;NIMAIMA;Caña Panelera;Establecido;Mas de 10 años;Pendiente;Regular drenaje;No indica;No indica;5.7;9.905;6.065;5.439;ND;ND;6.593;1.857;1.307;0.132;9.891;0.162;91.44;3.272;3.158;1.353;0.206;ND;ND;ND;ND
22.896;6/07/2015;CUNDINAMARCA;NIMAIMA;Caña Panelera;Establecido;Mas de 10 años;Pendiente;Regular drenaje;No indica;No indica;6.06;3.547;6.689;8.356;ND;ND;11.11;1.548;0.216;0.122;13.00;0.200;380.1;3.588;1.883;7.551;0.161;ND;ND;ND;ND
22.898;6/07/2015;CUNDINAMARCA;NIMAIMA;Caña Panelera;Establecido;Mas de 10 años;Pendiente;Regular drenaje;No indica;No indica;7.66;3.966;10.47;13.41;ND;ND;29.23;0.931;0.168;0.138;30.47;0.492;29.94;3.927;2.67;12.88;0.274;ND;ND;ND;ND
22.901;6/07/2015;CUNDINAMARCA;NIMAIMA;Caña Panelera;Establecido;Mas de 10 años;Pendiente;Regular drenaje;No indica;No indica;6.11;2.980;2.757;3.300;ND;ND;14.02;0.834;0.134;0.122;15.11;0.012;362.4;7.181;2.081;< 1.0;0.229;ND;ND;ND;ND
22.902;6/07/2015;CUNDINAMARCA;NIMAIMA;Caña Panelera;Establecido;Mas de 10 años;Pendiente;Regular drenaje;No indica;No indica;6.94;3.975;29.67;19.82;ND;ND;13.95;1.660;0.143;0.114;15.87;0.448;88.39;5.012;3.35;3.157;0.274;ND;ND;ND;ND
22.903;6/07/2015;CUNDINAMARCA;NIMAIMA;Caña Panelera;Establecido;Mas de 10 años;Pendiente;Regular drenaje;No indica;No indica;7.49;5.737;104.2;42.75;ND;ND;32.30;1.605;0.220;0.236;34.36;0.537;86.94;10.27;1.789;17.27;0.299;ND;ND;ND;ND
22.904;6/07/2015;CUNDINAMARCA;NIMAIMA;Caña Panelera;Establecido;Mas de 10 años;Pendiente;Regular drenaje;No indica;No indica;5.019;5.562;3.323;5.828;1.175;0.836;7.637;0.652;0.207;0.098;9.771;0.198;842.7;14.81;3.947;1.873;0.252;ND;ND;ND;ND
22.905;6/07/2015;CUNDINAMARCA;NIMAIMA;Caña Panelera;Establecido;Mas de 10 años;Pendiente;Regular drenaje;No indica;No indica;4.83;5.302;6.965;6.412;2.308;1.942;5.370;1.363;0.278;0.134;9.455;0.132;1408.;8.98;3.834;18.23;0.297;ND;ND;ND;ND
22.906;6/07/2015;CUNDINAMARCA;NIMAIMA;Caña Panelera;Establecido;Mas de 10 años;Pendiente;Regular drenaje;No indica;No indica;7.9;2.073;7.327;51.50;ND;ND;35.02;2.265;0.143;0.145;37.58;0.801;23.29;5.171;1.603;1.395;0.206;ND;ND;ND;ND
22.907;6/07/2015;CUNDINAMARCA;NIMAIMA;Caña Panelera;Establecido;Mas de 10 años;Pendiente;Regular drenaje;No indica;No indica;7.62;7.950;18.77;37.89;ND;ND;16.04;0.717;0.099;0.205;17.06;0.905;52.45;4.743;1.535;4.988;0.500;ND;ND;ND;ND
22.908;6/07/2015;CUNDINAMARCA;NIMAIMA;Caña Panelera;Establecido;Mas de 10 años;Pendiente;Regular drenaje;No indica;No indica;4.610;7.145;2.641;4.273;4.500;2.654;2.396;1.397;0.180;0.104;8.579;0.133;1395.;4.496;3.594;10.63;0.206;ND;ND;ND;ND
22.909;6/07/2015;CUNDINAMARCA;NIMAIMA;Caña Panelera;Establecido;Mas de 10 años;Pendiente;Regular drenaje;No indica;No indica;7.71;2.256;4.339;276.0;ND;ND;8.360;1.286;0.144;0.089;9.880;0.481;31.74;10.20;3.376;7.566;0.432;ND;ND;ND;ND
22.910;6/07/2015;CUNDINAMARCA;NIMAIMA;Caña Panelera;Establecido;Mas de 10 años;Pendiente;Regular drenaje;No indica;No indica;6.31;2.494;7.095;4.467;ND;ND;8.044;1.229;0.139;0.078;9.492;0.225;192.0;4.596;1.602;6.423;0.206;ND;ND;ND;ND
22.911;6/07/2015;CUNDINAMARCA;NIMAIMA;Caña Panelera;Establecido;Mas de 10 años;Pendiente;Regular drenaje;No indica;No indica;7.75;6.522;8.299;6.606;ND;ND;27.58;1.741;0.335;0.214;29.87;0.325;43.96;5.081;< 1.0;3.904;0.523;ND;ND;ND;ND
22.912;6/07/2015;CUNDINAMARCA;NIMAIMA;Caña Panelera;Establecido;Mas de 10 años;Pendiente;Regular drenaje;No indica;No indica;7.81;4.937;11.18;29.55;ND;ND;51.65;2.577;0.174;0.207;54.61;0.800;65.20;6.400;3.266;4.57;0.500;ND;ND;ND;ND
22.913;6/07/2015;CUNDINAMARCA;NIMAIMA;Caña Panelera;Establecido;Mas de 10 años;Pendiente;Buen drenaje;No indica;No indica;6.26;5.038;3.221;3.495;ND;ND;11.99;1.947;0.176;0.129;14.24;0.221;450.8;3.786;1.184;9.317;0.432;ND;ND;ND;ND
22.914;6/07/2015;CUNDINAMARCA;NIMAIMA;Caña Panelera;Establecido;Mas de 10 años;Pendiente;Regular drenaje;No indica;No indica;7.66;2.466;9.823;2.717;ND;ND;16.97;0.830;<0.09;0.140;18.03;0.313;37.83;3.809;< 1.0;1.705;0.252;ND;ND;ND;ND
22.915;6/07/2015;CUNDINAMARCA;GUADUAS;Caña Panelera;Establecido;De 5 a 10 años;Ligeramente ondulado;Buen drenaje;No indica;No indica;6.15;2.572;4.266;3.300;ND;ND;7.094;1.603;0.207;0.058;8.964;0.222;97.58;2.901;2.591;3.250;0.206;ND;ND;ND;ND
22.916;6/07/2015;CUNDINAMARCA;NIMAIMA;Caña Panelera;Establecido;Mas de 10 años;Pendiente;Buen drenaje;No indica;No indica;6.06;4.522;2.598;2.912;ND;ND;8.272;1.900;0.497;0.077;10.74;0.304;100.6;3.427;5.705;1.02;0.319;ND;ND;ND;ND
22.917;3/07/2015;CUNDINAMARCA;SASAIMA;Caña Panelera;Establecido;Mas de 10 años;Ondulado;Regular drenaje;No indica;No indica;4.66;1.667;1.153;2.994;5.485;3.908;3.002;0.806;<0.09;0.085;9.435;0.179;329.7;2.726;1.335;1.827;0.204;ND;ND;ND;ND
22.918;6/07/2015;CUNDINAMARCA;NIMAIMA;Caña Panelera;Establecido;Mas de 10 años;Pendiente;Buen drenaje;No indica;No indica;6.17;3.934;43.04;5.828;ND;ND;9.212;1.716;0.468;0.146;11.54;0.230;455.4;6.642;1.51;6.737;0.252;ND;ND;ND;ND
22.919;6/07/2015;CUNDINAMARCA;NIMAIMA;Caña Panelera;Establecido;Mas de 10 años;Pendiente;Buen drenaje;No indica;No indica;7.45;3.509;6.631;5.828;ND;ND;12.38;0.733;0.134;0.065;13.31;0.292;27.33;6.513;2.258;1.036;0.274;ND;ND;ND;ND
22.946;6/07/2015;CUNDINAMARCA;NIMAIMA;Caña Panelera;Establecido;Mas de 10 años;Pendiente;Buen drenaje;No indica;No indica;4.46;3.322;2.641;6.023;3.692;2.055;1.755;0.398;<0.09;0.104;6.009;0.165;657.2;3.103;1.492;1.159;0.206;ND;ND;ND;ND
22.947;6/07/2015;CUNDINAMARCA;NIMAIMA;Caña Panelera;Establecido;Mas de 10 años;Pendiente;Buen drenaje;No indica;No indica;5.17;2.638;2.409;2.717;0.493;0.196;2.844;0.740;<0.09;0.083;4.216;0.118;198.6;3.028;4.950;1.25;0.206;ND;ND;ND;ND
22.948;6/07/2015;CUNDINAMARCA;NIMAIMA;Caña Panelera;Establecido;Mas de 10 años;Pendiente;Buen drenaje;No indica;No indica;4.980;2.828;14.03;5.245;1.321;0.754;4.678;1.050;0.166;0.099;7.316;0.152;1011.;4.346;4.290;3.597;0.274;ND;ND;ND;ND
22.949;6/07/2015;CUNDINAMARCA;NIMAIMA;Caña Panelera;Establecido;Mas de 10 años;Pendiente;Buen drenaje;No indica;No indica;7.7;3.180;12.12;19.24;ND;ND;20.44;1.276;0.181;0.123;22.02;0.943;30.98;18.62;6.373;2.242;0.199;ND;ND;ND;ND
22.950;6/07/2015;CUNDINAMARCA;NIMAIMA;Caña Panelera;Establecido;Mas de 10 años;Pendiente;Buen drenaje;No indica;No indica;5.74;4.694;2.061;2.912;ND;ND;10.96;1.235;0.121;0.167;12.48;0.174;160.1;2.977;2.506;3.464;0.206;ND;ND;ND;ND
22.951;6/07/2015;CUNDINAMARCA;NIMAIMA;Caña Panelera;Establecido;Mas de 10 años;Pendiente;Buen drenaje;No indica;No indica;5.85;4.456;2.075;3.884;ND;ND;11.61;1.385;0.138;0.255;13.38;0.169;222.7;4.814;3.057;4.020;0.229;ND;ND;ND;ND
22.952;6/07/2015;CUNDINAMARCA;NIMAIMA;Caña Panelera;Establecido;Mas de 10 años;Pendiente;Regular drenaje;No indica;No indica;5.86;2.096;4.280;4.078;ND;ND;6.840;1.059;0.099;0.082;8.081;0.146;319.6;4.955;1.719;< 1.0;0.184;ND;ND;ND;ND
22.969;6/07/2015;CUNDINAMARCA;NIMAIMA;Caña Panelera;Establecido;Mas de 10 años;Pendiente;Buen drenaje;No indica;No indica;5.24;2.615;2.075;13.21;0.744;0.299;4.666;1.684;0.180;0.098;7.373;0.230;394.9;1.504;2.416;1.183;0.252;ND;ND;ND;ND
23.179;22/06/2015;CUNDINAMARCA;QUIPILE;Caña Panelera;Establecido;Mas de 10 años;Ondulado;Buen drenaje;No indica;No indica;7.86;6.341;3.863;15.71;ND;ND;38.45;3.476;0.189;0.041;42.16;0.736;29.31;5.05;< 1.0;138.6;0.822;ND;ND;ND;ND
23.181;22/06/2015;CUNDINAMARCA;QUIPILE;Caña Panelera;Establecido;Mas de 10 años;Pendiente;Buen drenaje;No Tiene;NO;7.82;4.942;16.36;6.876;ND;ND;43.18;0.843;0.263;0.023;44.31;0.683;26.49;5.647;< 1.0;68.76;0.481;ND;ND;ND;ND
23.184;22/06/2015;CUNDINAMARCA;NOCAIMA;Caña Panelera;Establecido;Mas de 10 años;Pendiente;Buen drenaje;No Tiene;NO;6.02;6.954;8.440;8.746;ND;ND;21.87;1.742;0.228;0.371;24.21;0.44;193.5;5.358;1.131;428.0;0.344;ND;ND;ND;ND
23.190;22/06/2015;CUNDINAMARCA;QUIPILE;Caña Panelera;Establecido;De 5 a 10 años;Pendiente;Buen drenaje;No indica;No indica;7.82;4.257;13.09;11.12;ND;ND;29.71;1.165;0.506;0.055;31.44;0.816;72.23;3.935;< 1.0;22.33;0.549;ND;ND;ND;ND
23.197;22/06/2015;CUNDINAMARCA;NOCAIMA;Caña Panelera;Establecido;Mas de 10 años;Pendiente;Buen drenaje;No Tiene;NO;7.87;3.972;6.065;6.197;ND;ND;39.32;0.421;0.095;0.075;39.92;0.59;42.46;5.8;< 1.0;102.6;0.572;ND;ND;ND;ND
23.203;22/06/2015;CUNDINAMARCA;NOCAIMA;Caña Panelera;Establecido;Mas de 10 años;Pendiente;Buen drenaje;No Tiene;NO;5.93;4.652;4.303;7.896;ND;ND;18.76;1.534;0.209;0.173;20.68;0.37;525.1;6.146;3.254;19.76;0.230;ND;ND;ND;ND
23.207;22/06/2015;CUNDINAMARCA;QUEBRADANEGRA;Caña Panelera;Establecido;Mas de 10 años;Ondulado;Mal drenaje;No indica;Ninguno;7.85;6.025;17.92;6.537;ND;ND;57.56;1.184;0.207;0.097;59.05;0.54;37.08;6.730;< 1.0;152.1;0.754;ND;ND;ND;ND
23.217;22/06/2015;CUNDINAMARCA;GUADUAS;Caña Panelera;Establecido;Mas de 10 años;Ondulado;Regular drenaje;No Tiene;GALLINAZA;5.54;1.420;1.504;3.308;ND;ND;10.80;5.599;0.207;0.095;16.71;0.112;96.01;3.125;6.410;1.471;0.185;ND;ND;ND;ND
23.228;22/06/2015;CUNDINAMARCA;VILLETA;Caña Panelera;Establecido;Mas de 10 años;Pendiente;Buen drenaje;No Tiene;NO;5.95;3.254;2.888;23.52;ND;ND;27.78;1.225;0.246;0.166;29.42;0.523;221.0;3.751;1.103;4.993;0.207;ND;ND;ND;ND
23.229;22/06/2015;CUNDINAMARCA;VILLETA;Caña Panelera;Establecido;Mas de 10 años;Pendiente;Regular drenaje;No Tiene;NO;8.02;3.433;2.463;8.746;ND;ND;44.54;1.149;0.208;0.083;45.99;0.671;25.34;4.33;1.077;16.84;0.595;ND;ND;ND;ND
23.231;22/06/2015;CUNDINAMARCA;VILLETA;Caña Panelera;Establecido;Mas de 10 años;Ondulado;Regular drenaje;No Tiene;NO;7.65;5.416;287.8;18.09;ND;ND;25.69;2.370;0.689;0.103;28.85;1.284;38.85;3.644;< 1.0;14.48;0.913;ND;ND;ND;ND
23.248;22/06/2015;CUNDINAMARCA;LA PEÑA;Caña Panelera;Establecido;Mas de 10 años;Pendiente;Buen drenaje;No Tiene;NO;7.54;3.034;3.438;102.7;ND;ND;51.76;0.533;0.113;0.054;52.46;2.177;15.51;5.274;< 1.0;15.48;0.595;ND;ND;ND;ND
23.254;22/06/2015;CUNDINAMARCA;NOCAIMA;Caña Panelera;Establecido;Mas de 10 años;Pendiente;Buen drenaje;No Tiene;NO;7.11;5.584;7.984;7.556;ND;ND;27.93;0.464;0.180;0.107;28.69;0.34;44.06;4.112;1.073;116.4;0.503;ND;ND;ND;ND
23.256;22/06/2015;CUNDINAMARCA;NOCAIMA;Caña Panelera;Establecido;Mas de 10 años;Pendiente;Buen drenaje;No Tiene;NO;5.92;5.040;19.73;10.78;ND;ND;14.30;2.279;0.363;0.209;17.15;0.93;295.9;7.772;2.343;52.86;0.458;ND;ND;ND;ND
23.301;16/06/2015;SANTANDER;SAN GIL;Caña Panelera;Establecido;Mas de 10 años;Ondulado;No indica;No Tiene;DAP - UREA;4.99;6.587;83.71;10.19;2.798;2.110;7.103;1.471;0.702;0.056;12.13;0.233;1279.;3.352;3.632;3.896;0.336;ND;ND;ND;ND
23.302;16/06/2015;SANTANDER;SAN GIL;Caña Panelera;Establecido;Mas de 10 años;Ondulado;No indica;No Tiene;DAP - UREA;6.04;5.925;11.85;4.182;ND;ND;16.35;1.017;0.185;0.047;17.60;0.220;299.7;2.738;4.647;7.648;0.229;ND;ND;ND;ND
23.304;16/06/2015;SANTANDER;SAN GIL;Caña Panelera;Establecido;Mas de 10 años;Ondulado;No indica;No Tiene;DAP - UREA;4.519;3.818;2.454;2.637;2.707;2.281;0.659;0.142;0.109;0.030;3.649;0.174;683.0;2.661;1.371;1.095;0.208;ND;ND;ND;ND
23.320;22/06/2015;CUNDINAMARCA;GUADUAS;Caña Panelera;Establecido;Mas de 10 años;Pendiente;Regular drenaje;No Tiene;ORGANICOS;5.17;1.901;7.701;2.118;1.109;0.726;7.541;4.972;0.242;0.744;14.61;0.216;497.4;4.539;8.184;3.16;0.253;ND;ND;ND;ND
23.328;22/06/2015;CUNDINAMARCA;GUADUAS;Caña Panelera;Establecido;Mas de 10 años;Pendiente;Regular drenaje;No Tiene;NO;5.19;2.346;3.973;2.628;0.460;0.225;7.046;3.458;0.159;0.062;11.18;0.174;444.5;7.065;6.091;8.725;0.185;ND;ND;ND;ND
23.329;22/06/2015;CUNDINAMARCA;GUADUAS;Caña Panelera;Establecido;Mas de 10 años;Pendiente;Regular drenaje;No Tiene;GALLINAZA;5.32;1.508;6.835;3.478;0.272;0;9.565;8.459;0.324;0.118;18.73;0.262;97.90;3.118;6.025;3.437;0.230;ND;ND;ND;ND
23.331;22/06/2015;CUNDINAMARCA;GUADUAS;Caña Panelera;Establecido;Mas de 10 años;Ondulado;Buen drenaje;No Tiene;GALLINAZA;6.01;1.632;7.244;10.44;ND;ND;11.24;4.570;0.283;0.036;16.13;0.211;85.22;4.171;3.578;1.429;0.207;ND;ND;ND;ND
23.332;22/06/2015;CUNDINAMARCA;QUIPILE;Caña Panelera;Establecido;Mas de 10 años;Ondulado;Regular drenaje;No indica;No indica;5.07;3.285;38.57;5.857;0.554;0.368;11.54;1.237;0.211;0.067;13.62;0.252;1515.;10.42;2.314;13.64;0.367;ND;ND;ND;ND
23.334;22/06/2015;CUNDINAMARCA;QUIPILE;Caña Panelera;Establecido;Mas de 10 años;Pendiente;Buen drenaje;No Tiene;NO;7.8;6.930;48.02;10.61;ND;ND;7.836;1.041;0.312;0.089;9.279;0.785;31.75;7.609;1.159;145.7;0.777;ND;ND;ND;ND
23.335;22/06/2015;CUNDINAMARCA;QUIPILE;Caña Panelera;Establecido;Mas de 10 años;Pendiente;Buen drenaje;No Tiene;NO;8.14;3.486;29.81;5.007;ND;ND;29.20;1.221;0.188;0.159;30.76;0.575;41.83;4.751;< 1.0;80.80;0.663;ND;ND;ND;ND
23.336;22/06/2015;CUNDINAMARCA;QUIPILE;Caña Panelera;Establecido;De 1 a 5 años;Pendiente;Buen drenaje;No Tiene;NO;8.029;5.383;20.01;7.386;ND;ND;46.78;1.229;0.239;0.090;48.34;0.690;27.06;8.474;< 1.0;96.12;0.617;ND;ND;ND;ND
23.337;22/06/2015;CUNDINAMARCA;QUIPILE;Caña Panelera;Establecido;Mas de 10 años;Ondulado;Buen drenaje;No Tiene;NO;6.55;2.880;24.02;10.27;ND;ND;21.73;2.895;0.404;0.102;25.14;0.338;37.93;1.993;< 1.0;1.424;0.185;ND;ND;ND;ND
23.338;22/06/2015;CUNDINAMARCA;QUIPILE;Caña Panelera;Establecido;De 5 a 10 años;Pendiente;Buen drenaje;No Tiene;NO;7.76;2.494;4.681;5.177;ND;ND;34.92;0.459;0.106;0.122;35.60;0.485;8.105;5.444;< 1.0;20.52;0.367;ND;ND;ND;ND
23.341;22/06/2015;CUNDINAMARCA;GUADUAS;Caña Panelera;Establecido;Mas de 10 años;Ondulado;Regular drenaje;No Tiene;GALLINAZA;5.39;1.618;1.834;3.988;1.622;1.146;14.35;8.421;0.354;0.099;24.84;0.122;377.4;5.286;7.240;3.709;0.207;ND;ND;ND;ND
23.343;22/06/2015;CUNDINAMARCA;GUADUAS;Caña Panelera;Establecido;Mas de 10 años;Pendiente;Regular drenaje;No Tiene;NO;5.8;1.673;5.562;4.667;ND;ND;9.077;6.521;0.193;0.121;15.91;0.159;262.9;6.353;3.04;2.457;0.207;ND;ND;ND;ND
23.344;22/06/2015;CUNDINAMARCA;GUADUAS;Caña Panelera;Establecido;Mas de 10 años;Pendiente;Buen drenaje;No Tiene;GALLINAZA;5.42;2.313;2.400;1.948;0.251;0;8.454;6.479;0.323;0.098;15.60;0.128;402.9;5.935;6.605;2.990;0.276;ND;ND;ND;ND
23.345;22/06/2015;CUNDINAMARCA;QUIPILE;Caña Panelera;Establecido;Mas de 10 años;Plano;Regular drenaje;No Tiene;NO;7.09;6.824;28.58;6.706;ND;ND;29.95;3.845;0.669;0.134;34.60;0.565;38.71;3.101;1.698;95.56;0.686;ND;ND;ND;ND
23.348;22/06/2015;CUNDINAMARCA;GUADUAS;Caña Panelera;Establecido;Mas de 10 años;Pendiente;Regular drenaje;No Tiene;NO;5.9;2.296;7.354;2.798;ND;ND;11.25;4.012;0.189;0.086;15.54;0.379;469.6;6.415;6.721;6.935;0.162;ND;ND;ND;ND
23.365;22/06/2015;CUNDINAMARCA;GUADUAS;Caña Panelera;Establecido;Mas de 10 años;Ondulado;Regular drenaje;No Tiene;GALLINAZA;5.81;1.403;6.285;2.798;ND;ND;15.47;3.857;0.190;0.067;19.59;0.200;74.50;3.771;1.769;1.262;0.344;ND;ND;ND;ND
23.366;22/06/2015;CUNDINAMARCA;GUADUAS;Caña Panelera;Establecido;Mas de 10 años;Ondulado;Regular drenaje;No Tiene;GALLINAZA;5.58;2.531;5.420;3.818;ND;ND;13.75;4.126;0.226;0.078;18.18;0.428;507.8;4.448;7.711;3.669;0.162;ND;ND;ND;ND
23.368;22/06/2015;CUNDINAMARCA;GUADUAS;Caña Panelera;Establecido;Mas de 10 años;Ondulado;Regular drenaje;No Tiene;GALLINAZA;5.4;2.547;8.518;2.458;0.345;0;7.500;3.291;0.255;0.115;11.50;0.218;510.6;5.48;5.754;3.321;0.299;ND;ND;ND;ND
23.369;22/06/2015;CUNDINAMARCA;GUADUAS;Caña Panelera;Establecido;Mas de 10 años;Ondulado;Regular drenaje;No Tiene;NO;5.82;2.294;3.218;3.308;ND;ND;9.087;4.797;0.170;0.091;14.14;0.300;398.9;5.007;5.695;2.602;0.230;ND;ND;ND;ND
23.370;22/06/2015;CUNDINAMARCA;GUADUAS;Caña Panelera;Establecido;Mas de 10 años;Ondulado;Regular drenaje;No Tiene;NO;5.88;1.863;3.029;2.798;ND;ND;14.87;3.904;0.186;0.119;19.08;0.141;71.02;3.507;2.117;8.585;0.162;ND;ND;ND;ND
23.818;14/07/2015;CUNDINAMARCA;ÚTICA;Caña Panelera;Establecido;Mas de 10 años;Pendiente;Regular drenaje;No Tiene;NO;7.77;4.023;5.251;9.220;ND;ND;3.736;0.818;<0.09;0.042;4.632;0.629;39.37;11.21;< 1.0;62.56;0.221;ND;ND;ND;ND
23.819;14/07/2015;CUNDINAMARCA;ÚTICA;Caña Panelera;Establecido;Mas de 10 años;Pendiente;Regular drenaje;No Tiene;NO;7.7;4.378;6.515;8.175;ND;ND;62.34;0.166;0.102;0.084;62.69;0.693;34.14;7.814;< 1.0;46.87;0.403;ND;ND;ND;ND
23.820;14/07/2015;CUNDINAMARCA;ÚTICA;Caña Panelera;Establecido;Mas de 10 años;Pendiente;Regular drenaje;No Tiene;NO;7.58;1.860;5.775;306.3;ND;ND;67.40;0.006;<0.09;0.056;67.48;6.764;5.335;2.625;< 1.0;4.93;0.562;ND;ND;ND;ND
23.821;14/07/2015;CUNDINAMARCA;ÚTICA;Caña Panelera;Establecido;Mas de 10 años;Pendiente;Regular drenaje;No Tiene;NO;7.65;4.610;10.71;10.96;ND;ND;49.02;0.190;0.366;0.217;49.79;0.714;31.35;4.524;2.280;17.55;0.426;ND;ND;ND;ND
23.822;14/07/2015;CUNDINAMARCA;ÚTICA;Caña Panelera;Establecido;Mas de 10 años;Ondulado;Regular drenaje;No Tiene;NO;7.97;4.689;18.22;4.867;ND;ND;40.20;1.102;0.256;0.124;41.69;0.823;34.12;4.368;1.481;6.004;0.448;ND;ND;ND;ND
23.823;14/07/2015;CUNDINAMARCA;ÚTICA;Caña Panelera;Establecido;Mas de 10 años;Ondulado;Regular drenaje;No Tiene;NO;7.53;4.794;26.96;12.18;ND;ND;54.41;0.621;0.306;0.138;55.47;0.724;16.82;5.181;1.217;24.68;0.517;ND;ND;ND;ND
23.851;14/07/2015;CUNDINAMARCA;ÚTICA;Caña Panelera;Establecido;Mas de 10 años;Pendiente;Regular drenaje;No Tiene;NO;7.79;5.396;6.191;7.131;ND;ND;35.51;0.890;0.306;0.147;36.86;0.829;26.52;2.265;1.208;2.530;0.312;ND;ND;ND;ND
23.853;14/07/2015;CUNDINAMARCA;ÚTICA;Caña Panelera;Establecido;Mas de 10 años;Pendiente;Regular drenaje;No Tiene;NO;7.81;4.593;6.160;6.608;ND;ND;49.15;0.387;0.156;0.122;49.82;0.817;36.24;5.394;2.117;10.85;0.471;ND;ND;ND;ND
23.854;14/07/2015;CUNDINAMARCA;ÚTICA;Caña Panelera;Establecido;Mas de 10 años;Pendiente;Regular drenaje;No Tiene;ORGANICO;7.92;4.114;11.45;10.43;ND;ND;44.80;0.913;0.275;0.152;46.14;0.839;19.41;3.855;1.248;8.025;1.018;ND;ND;ND;ND
23.881;14/07/2015;CUNDINAMARCA;ÚTICA;Caña Panelera;Establecido;Mas de 10 años;Pendiente;Regular drenaje;No Tiene;NO;7.53;5.166;5.975;7.479;ND;ND;11.65;1.733;0.218;0.149;13.75;0.913;49.65;4.623;2.004;7.627;0.722;ND;ND;ND;ND
23.884;14/07/2015;CUNDINAMARCA;ÚTICA;Caña Panelera;Establecido;Mas de 10 años;Pendiente;Regular drenaje;No Tiene;NO;7.96;3.659;23.81;14.96;ND;ND;34.65;0.739;0.312;0.273;35.98;0.828;45.87;2.482;1.944;2.260;0.426;ND;ND;ND;ND
23.894;14/07/2015;CUNDINAMARCA;ÚTICA;Caña Panelera;Establecido;Mas de 10 años;Pendiente;Regular drenaje;No Tiene;NO;7.91;4.769;9.708;4.170;ND;ND;44.26;1.127;0.237;0.235;45.86;0.867;27.88;3.415;1.88;2.772;0.266;ND;ND;ND;ND
23.897;14/07/2015;CUNDINAMARCA;ÚTICA;Caña Panelera;Establecido;Mas de 10 años;Plano;Buen drenaje;No Tiene;NO;7.93;3.489;12.54;4.867;ND;ND;39.56;1.887;0.131;0.092;41.68;0.649;56.15;8.746;3.166;10.78;0.403;ND;ND;ND;ND
23.898;14/07/2015;CUNDINAMARCA;ÚTICA;Caña Panelera;Establecido;Mas de 10 años;Pendiente;Regular drenaje;No Tiene;NO;6.33;1.237;9.214;3.300;ND;ND;8.454;2.774;0.586;0.155;11.97;0.257;56.16;1.020;3.183;1.038;0.266;ND;ND;ND;ND
23.904;14/07/2015;CUNDINAMARCA;ÚTICA;Caña Panelera;Establecido;Mas de 10 años;Pendiente;Regular drenaje;No Tiene;NO;7.87;5.160;3.523;9.046;ND;ND;39.04;0.941;0.303;0.078;40.37;1.103;28;1.222;2.496;7.117;0.562;ND;ND;ND;ND
24.154;14/10/2016;CUNDINAMARCA;VILLETA;Caña Panelera;Establecido;De 1 a 5 años;Pendiente;Regular drenaje;No Tiene;No indica;5.49;3.320;<3.87;5.457;0.202;0;4.889;1.754;0.373;< 0.1;7.320;0.216;83.25;< 1.0;9.116;< 1.0;0.220;ND;ND;ND;ND
24.159;14/10/2016;CUNDINAMARCA;VILLETA;Caña Panelera;Establecido;De 1 a 5 años;Pendiente;Regular drenaje;No Tiene;KCL, UREA, GALLINAZA, ROCA;4.96;1.936;5.050;8.048;1.316;1.008;2.141;0.829;0.225;< 0.1;4.613;0.197;372.3;< 1.0;4.044;< 1.0;0.157;ND;ND;ND;ND
24.160;14/10/2016;CUNDINAMARCA;VILLETA;Caña Panelera;Establecido;De 1 a 5 años;Ondulado;Regular drenaje;No Tiene;GALLINAZA, UREA, P,K;4.769;1.607;5.439;6.219;1.570;1.209;1.150;0.243;0.104;< 0.1;3.168;0.116;391.1;< 1.0;1.408;< 1.0;0.157;ND;ND;ND;ND
24.161;14/10/2016;CUNDINAMARCA;VILLETA;Caña Panelera;Establecido;De 1 a 5 años;Pendiente;Regular drenaje;No Tiene;KCL, UREA, GALLINAZA, ROCA FOSFORIA;5.79;2.405;<3.87;4.695;ND;ND;4.959;1.519;0.172;< 0.1;6.751;0.104;72.72;< 1.0;2.676;< 1.0;0.220;ND;ND;ND;ND
24.172;14/10/2016;CUNDINAMARCA;VILLETA;Caña Panelera;Establecido;De 1 a 5 años;Pendiente;Buen drenaje;No Tiene;UREA, P, KCL;4.769;1.889;7.121;5.914;1.397;0.846;1.765;0.442;0.104;< 0.1;3.809;0.172;324.8;< 1.0;2.778;< 1.0;0.178;ND;ND;ND;ND
24.189;19/10/2016;ANTIOQUIA;SAN ROQUE;Caña Panelera;Establecido;De 1 a 5 años;Pendiente;Buen drenaje;No Tiene;UREA-DAP-KCL-KIESERITA-CAL DOLOMITA-BOROZINC-MAGNESIL-MICROMAN-FERTIMENORES;4.71;4.392;9.077;8.353;1.761;1.184;1.283;0.366;0.092;< 0.1;3.604;0.227;1862.;2.894;2.635;< 1.0;0.686;ND;ND;ND;ND
24.378;20/10/2016;TOLIMA;FRESNO;Caña Panelera;Establecido;Mas de 10 años;Ondulado;Buen drenaje;No Tiene;Ninguno;5.8;11.43;<3.87;1.555;ND;ND;1.314;0.318;0.148;< 0.1;1.881;0.187;49.18;< 1.0;1.119;< 1.0;0.219;ND;ND;ND;ND
24.379;20/10/2016;TOLIMA;SAN SEBASTIÁN DE MARIQUITA;Caña Panelera;Establecido;Mas de 10 años;Pendiente;Buen drenaje;No Tiene;Ninguno;5.21;11.01;<3.87;1.409;0.802;0.584;1.902;0.446;0.345;0.138;3.635;0.599;80.86;< 1.0;21.65;2.399;0.219;ND;ND;ND;ND
24.386;20/10/2016;TOLIMA;FALAN;Caña Panelera;Establecido;Mas de 10 años;Pendiente;Buen drenaje;No Tiene;Ninguno;5.7;5.417;<3.87;1.409;ND;ND;2.972;1.208;0.279;< 0.1;4.560;0.215;88.64;2.058;7.53;2.58;0.198;ND;ND;ND;ND
24.388;20/10/2016;TOLIMA;FALAN;Caña Panelera;Establecido;Mas de 10 años;Ondulado;Buen drenaje;No Tiene;Ninguno;5.97;11.94;<3.87;1.700;ND;ND;1.773;0.334;0.137;< 0.1;2.345;0.116;63.75;1.274;< 1.0;< 1.0;0.198;ND;ND;ND;ND
24.389;20/10/2016;TOLIMA;FALAN;Caña Panelera;Establecido;Mas de 10 años;Pendiente;Buen drenaje;No Tiene;Ninguno;5.18;3.850;4.629;1.409;0.538;0.332;2.677;0.974;0.299;< 0.1;4.588;0.433;87.03;< 1.0;4.264;< 1.0;0.260;ND;ND;ND;ND
24.390;20/10/2016;TOLIMA;FALAN;Caña Panelera;Establecido;De 5 a 10 años;Pendiente;Buen drenaje;No Tiene;Ninguno;5.91;19.21;4.339;2.136;ND;ND;7.440;3.312;0.931;< 0.1;11.78;0.443;51.22;1.262;5.665;6.014;0.219;ND;ND;ND;ND
24.399;20/10/2016;TOLIMA;SAN SEBASTIÁN DE MARIQUITA;Caña Panelera;Establecido;Mas de 10 años;Pendiente;Buen drenaje;No Tiene;Ninguno;5.94;10.36;<3.87;1.409;ND;ND;5.951;2.219;0.136;< 0.1;8.407;0.153;56.71;< 1.0;4.092;1.042;0.219;ND;ND;ND;ND
24.837;3/10/2016;CUNDINAMARCA;VIANÍ;Caña Panelera;Establecido;De 5 a 10 años;Pendiente;Regular drenaje;No Tiene;NO;7.83;2.439;9.386;2.553;ND;ND;33.61;0.889;0.170;< 0.1;34.77;0.592;44.48;2.129;1.040;6.177;0.267;ND;ND;ND;ND
26.068;27/10/2016;LA GUAJIRA;DISTRACCIÓN;Caña Panelera;Establecido;De 0 a 1 año;Plano;Buen drenaje;No indica;No indica;6.21;1.437;17.04;1.997;ND;ND;3.332;0.768;<0.09;< 0.1;4.261;0.053;44.79;1.615;2.335;< 1.0;0.296;ND;ND;ND;ND
26.102;16/08/2016;BOYACÁ;SANTANA;Caña Panelera;Establecido;De 1 a 5 años;Ondulado;Buen drenaje;No Tiene;QUIMICO;4.730;4.677;8.713;3.978;3.276;2.886;2.702;0.518;0.193;< 0.1;6.790;0.212;435.2;1.454;17.70;1.962;0.197;ND;ND;ND;ND
26.264;19/08/2016;META;URIBE;Caña Panelera;Establecido;De 1 a 5 años;Pendiente;Buen drenaje;No Tiene;Ninguno;4.46;2.463;5.264;5.856;2.936;2.398;< 0.5;0.200;0.209;< 0.1;3.996;0.220;213.2;2.280;13.37;< 1.0;0.157;ND;ND;ND;ND
26.265;19/08/2016;META;URIBE;Caña Panelera;Establecido;De 1 a 5 años;Pendiente;Buen drenaje;No Tiene;Ninguno;4.860;2.052;5.198;4.096;1.796;1.167;1.166;0.454;0.289;< 0.1;3.806;0.157;171.7;2.105;7.503;< 1.0;0.136;ND;ND;ND;ND
26.266;19/08/2016;META;URIBE;Caña Panelera;Establecido;De 1 a 5 años;Pendiente;Buen drenaje;No Tiene;Ninguno;4.58;2.366;6.011;4.683;2.669;2.451;0.985;0.366;0.294;< 0.1;4.415;0.235;226.2;2.44;8.547;< 1.0;0.197;ND;ND;ND;ND
26.358;19/08/2016;META;URIBE;Caña Panelera;Establecido;De 1 a 5 años;Pendiente;Buen drenaje;No Tiene;Ninguno;4.79;2.729;5.795;2.687;2.905;2.209;0.763;0.361;0.228;< 0.1;4.358;0.161;208.7;2.407;5.57;< 1.0;0.117;ND;ND;ND;ND
26.365;30/08/2016;RISARALDA;PUEBLO RICO;Caña Panelera;Establecido;De 1 a 5 años;Ondulado;Mal drenaje;No Tiene;NO;5.71;9.493;<3.87;7.540;ND;ND;3.718;1.384;0.706;< 0.1;5.909;0.470;241.2;2.19;2.195;6.128;0.145;ND;ND;ND;ND
26.367;30/08/2016;RISARALDA;PUEBLO RICO;Caña Panelera;Establecido;De 1 a 5 años;Pendiente;Mal drenaje;No Tiene;NO;5.6;13.23;4.645;19.56;ND;ND;6.339;1.168;0.529;< 0.1;8.136;1.148;35.47;3.320;3.498;3.416;0.186;ND;ND;ND;ND
26.369;30/08/2016;RISARALDA;PUEBLO RICO;Caña Panelera;Establecido;De 1 a 5 años;Ondulado;Mal drenaje;No Tiene;NO;5.9;3.603;<3.87;13.21;ND;ND;3.230;1.137;0.368;< 0.1;4.836;0.096;30.20;< 1.0;1.427;< 1.0;0.186;ND;ND;ND;ND
26.371;30/08/2016;RISARALDA;PUEBLO RICO;Caña Panelera;Establecido;De 1 a 5 años;Pendiente;Mal drenaje;No Tiene;NO;4.87;11.67;<3.87;5.918;0.753;0.456;< 0.5;0.200;0.122;< 0.1;1.727;0.277;44.96;< 1.0;1;1.141;0.227;ND;ND;ND;ND
26.376;30/08/2016;RISARALDA;BELÉN DE UMBRÍA;Caña Panelera;Establecido;De 1 a 5 años;Ondulado;Mal drenaje;No Tiene;NO;5.5;4.067;36.98;12.67;0.464;0.207;13.59;4.745;0.287;0.109;19.19;0.447;398.0;4.270;6.377;1.77;0.145;ND;ND;ND;ND
26.377;30/08/2016;RISARALDA;MISTRATÓ;Caña Panelera;Establecido;De 1 a 5 años;Ondulado;Mal drenaje;No Tiene;NO;5.77;9.910;<3.87;2.270;ND;ND;1.305;0.798;0.235;< 0.1;2.439;0.176;75.73;2.511;2.605;< 1.0;0.186;ND;ND;ND;ND
26.378;30/08/2016;RISARALDA;MISTRATÓ;Caña Panelera;Establecido;De 1 a 5 años;Ondulado;Mal drenaje;No Tiene;NO;5.82;4.971;<3.87;4.432;ND;ND;9.733;2.736;1.200;< 0.1;13.77;0.323;215.0;1.228;5.765;8.368;0.124;ND;ND;ND;ND
26.379;30/08/2016;RISARALDA;MISTRATÓ;Caña Panelera;Establecido;De 1 a 5 años;Pendiente;Mal drenaje;No Tiene;NO;7.17;4.298;153.0;4.432;ND;ND;8.498;4.050;0.501;< 0.1;13.15;0.450;51.16;3.315;1.976;2.483;0.227;ND;ND;ND;ND
26.380;30/08/2016;RISARALDA;MISTRATÓ;Caña Panelera;Establecido;De 1 a 5 años;Ondulado;Mal drenaje;No Tiene;NO;5.54;7.754;5.353;6.594;ND;ND;6.015;1.577;0.171;< 0.1;7.864;0.470;67.81;3.294;4.310;2.556;0.206;ND;ND;ND;ND
26.381;30/08/2016;RISARALDA;MISTRATÓ;Caña Panelera;Establecido;De 1 a 5 años;Pendiente;Mal drenaje;No Tiene;NO;6.4;4.553;4.127;4.567;ND;ND;5.727;1.812;0.464;0.106;8.110;0.189;52.93;2.16;2.347;< 1.0;0.186;ND;ND;ND;ND
26.382;30/08/2016;RISARALDA;MISTRATÓ;Caña Panelera;Establecido;De 1 a 5 años;Pendiente;Mal drenaje;No Tiene;NO;5.34;3.974;<3.87;3.081;0.495;0.207;6.032;2.216;0.551;< 0.1;9.396;0.234;212.4;2.782;7.774;1.625;0.186;ND;ND;ND;ND
26.383;30/08/2016;RISARALDA;MISTRATÓ;Caña Panelera;Establecido;De 1 a 5 años;Ondulado;Mal drenaje;No Tiene;NO;4.99;8.612;<3.87;5.918;0.898;0.735;1.648;0.574;0.203;< 0.1;3.425;0.493;86.24;2.940;4.887;1.298;0.247;ND;ND;ND;ND
26.384;30/08/2016;RISARALDA;PUEBLO RICO;Caña Panelera;Establecido;De 1 a 5 años;Ondulado;Mal drenaje;No Tiene;NO;6.07;8.728;<3.87;10.24;ND;ND;1.661;0.826;0.328;< 0.1;2.916;0.199;81.72;1.571;2.032;2.363;0.186;ND;ND;ND;ND
26.385;30/08/2016;RISARALDA;PUEBLO RICO;Caña Panelera;Establecido;De 1 a 5 años;Ondulado;Mal drenaje;No Tiene;NO;6.03;0.820;<3.87;4.432;ND;ND;2.017;0.939;0.270;< 0.1;3.328;0.178;100.6;1.359;1.633;1.075;0.206;ND;ND;ND;ND
26.386;30/08/2016;RISARALDA;PUEBLO RICO;Caña Panelera;Establecido;De 1 a 5 años;Ondulado;Mal drenaje;No Tiene;NO;5.29;0.750;<3.87;2.891;0.505;0.393;1.533;0.534;0.150;< 0.1;2.825;0.252;95.67;2.492;2.842;1.536;0.165;ND;ND;ND;ND
26.387;30/08/2016;RISARALDA;MISTRATÓ;Caña Panelera;Establecido;De 1 a 5 años;Ondulado;Mal drenaje;No Tiene;NO;6.23;5.319;18.57;2.270;ND;ND;5.161;1.808;0.188;< 0.1;7.258;0.233;65.29;1.032;4.309;1.754;0.124;ND;ND;ND;ND
26.389;30/08/2016;RISARALDA;BELÉN DE UMBRÍA;Caña Panelera;Establecido;De 1 a 5 años;Ondulado;Mal drenaje;No Tiene;NO;6.38;4.298;44.13;7.270;ND;ND;10.16;2.241;1.485;< 0.1;13.99;0.333;266.2;7.345;4;5.491;0.186;ND;ND;ND;ND
26.393;29/08/2016;SANTANDER;VALLE DE SAN JOSÉ;Caña Panelera;Establecido;De 0 a 1 año;Ondulado;Buen drenaje;No Tiene;15-15-15;5.35;4.516;7.235;6.189;1.280;0.964;4.232;0.713;0.223;< 0.1;6.549;0.187;605.7;1.967;< 1.0;< 1.0;0.145;ND;ND;ND;ND
26.394;29/08/2016;CALDAS;NEIRA;Caña Panelera;Establecido;No indica;Ondulado;Buen drenaje;No Tiene;Ninguno;6.96;3.904;212.0;117.2;ND;ND;12.57;1.210;1.509;0.171;15.46;3.697;25.09;1.453;1.946;8.504;0.329;ND;ND;ND;ND
26.395;29/08/2016;SANTANDER;VALLE DE SAN JOSÉ;Caña Panelera;Establecido;De 0 a 1 año;Ondulado;Buen drenaje;No Tiene;10-30-10;5.17;3.324;<3.87;4.162;1.899;1.575;3.927;0.433;0.214;< 0.1;6.575;0.131;543.6;< 1.0;2.469;< 1.0;0.227;ND;ND;ND;ND
26.396;29/08/2016;SANTANDER;SAN GIL;Caña Panelera;Establecido;De 0 a 1 año;Ondulado;Buen drenaje;No Tiene;15-15-15;5;3.487;<3.87;4.027;1.827;1.430;0.860;<0.20;0.111;< 0.1;3.078;0.130;248.4;1.038;< 1.0;< 1.0;0.206;ND;ND;ND;ND
26.397;29/08/2016;SANTANDER;SAN GIL;Caña Panelera;Establecido;De 0 a 1 año;Ondulado;Buen drenaje;No Tiene;15-15-15;5.6;3.232;<3.87;5.108;ND;ND;2.150;0.425;0.243;< 0.1;2.919;0.137;290.2;< 1.0;< 1.0;< 1.0;0.206;ND;ND;ND;ND
26.398;29/08/2016;SANTANDER;SAN GIL;Caña Panelera;Establecido;De 0 a 1 año;Ondulado;Buen drenaje;No Tiene;10-30-10;5.68;4.206;<3.87;5.783;ND;ND;3.025;0.761;0.268;< 0.1;4.154;0.160;271.2;< 1.0;< 1.0;< 1.0;0.186;ND;ND;ND;ND
26.399;29/08/2016;SANTANDER;SAN GIL;Caña Panelera;Establecido;De 0 a 1 año;Ondulado;Buen drenaje;No Tiene;15-15-15;5.83;1.887;<3.87;3.081;ND;ND;3.081;0.565;0.275;< 0.1;4.021;0.141;99.70;< 1.0;3.277;< 1.0;0.247;ND;ND;ND;ND
26.400;29/08/2016;SANTANDER;OCAMONTE;Caña Panelera;Establecido;De 0 a 1 año;Ondulado;Buen drenaje;No Tiene;10-30-10;5.08;4.275;15.67;9.162;2.281;1.896;9.319;1.072;0.185;0.114;12.97;0.227;636.2;2.064;5.054;4.528;0.370;ND;ND;ND;ND
26.401;29/08/2016;SANTANDER;VALLE DE SAN JOSÉ;Caña Panelera;Establecido;De 0 a 1 año;Ondulado;Buen drenaje;No Tiene;15-15-15;4.99;3.371;<3.87;2.945;1.817;1.171;5.544;0.354;0.162;< 0.1;7.978;0.149;616.5;2.092;7.992;2.482;0.124;ND;ND;ND;ND
26.402;29/08/2016;SANTANDER;OCAMONTE;Caña Panelera;Establecido;De 0 a 1 año;No indica;Buen drenaje;No Tiene;15-15-15;4.84;5.388;6.458;4.297;5.988;4.260;2.286;0.454;0.244;< 0.1;9.072;0.215;801.2;1.753;2.253;1.724;0.186;ND;ND;ND;ND
26.403;29/08/2016;ANTIOQUIA;GUADALUPE;Caña Panelera;Establecido;De 1 a 5 años;Ondulado;Buen drenaje;No Tiene;NO;4.71;4.785;<3.87;6.189;3.025;2.321;2.798;1.275;0.239;0.173;7.511;0.251;327.0;4.069;13.42;2.702;0.186;ND;ND;ND;ND
26.404;29/08/2016;SANTANDER;OCAMONTE;Caña Panelera;Establecido;De 0 a 1 año;Ondulado;Buen drenaje;No Tiene;10.30.10;4.79;5.504;<3.87;5.243;2.973;2.384;1.097;0.326;0.156;< 0.1;4.654;0.216;609.1;< 1.0;1.159;< 1.0;0.145;ND;ND;ND;ND
26.405;29/08/2016;ANTIOQUIA;GUADALUPE;Caña Panelera;Establecido;De 1 a 5 años;Ondulado;Buen drenaje;No Tiene;NO;5.36;3.278;<3.87;10.37;0.144;0;2.796;1.038;0.093;0.106;4.178;0.132;73.06;1.94;10.23;< 1.0;0.145;ND;ND;ND;ND
26.407;29/08/2016;ANTIOQUIA;PEÑOL;Caña Panelera;Establecido;Mas de 10 años;Ondulado;Buen drenaje;No Tiene;NO;5.38;4.136;49.24;11.18;1.166;0.901;7.824;1.412;0.368;0.116;10.88;0.256;215.9;4.137;5.514;4.325;0.186;ND;ND;ND;ND
26.408;29/08/2016;ANTIOQUIA;PEÑOL;Caña Panelera;Establecido;De 5 a 10 años;Pendiente;Regular drenaje;No Tiene;NO;5.08;4.438;4.040;4.297;1.001;0.539;7.001;2.242;0.283;0.121;10.65;0.279;222.5;2.071;7.043;2.008;0.227;ND;ND;ND;ND
26.409;29/08/2016;ANTIOQUIA;PEÑOL;Caña Panelera;Establecido;De 5 a 10 años;Pendiente;Regular drenaje;No Tiene;NO;6.06;3.765;16.19;3.486;ND;ND;18.01;2.677;0.274;0.101;21.06;0.277;75.32;< 1.0;3.883;1.023;0.145;ND;ND;ND;ND
26.410;29/08/2016;ANTIOQUIA;PEÑOL;Caña Panelera;Establecido;Mas de 10 años;Pendiente;Regular drenaje;No Tiene;NO;5.62;2.930;<3.87;4.162;ND;ND;8.789;1.989;0.341;< 0.1;11.21;0.217;67.40;1.902;2.948;< 1.0;0.186;ND;ND;ND;ND
26.411;29/08/2016;ANTIOQUIA;PEÑOL;Caña Panelera;Establecido;Mas de 10 años;Ondulado;Buen drenaje;No Tiene;NO;4.97;3.649;<3.87;4.297;3.489;2.943;7.425;1.457;0.118;0.100;12.59;0.199;262.8;< 1.0;8.800;1.03;0.145;ND;ND;ND;ND
26.412;29/08/2016;ANTIOQUIA;PEÑOL;Caña Panelera;Establecido;Mas de 10 años;Pendiente;Regular drenaje;No Tiene;NO;5.19;3.487;<3.87;3.216;3.582;3.234;7.084;1.400;0.102;0.111;12.28;0.156;249.3;< 1.0;8.248;< 1.0;0.163;ND;ND;ND;ND
26.413;29/08/2016;SANTANDER;OCAMONTE;Caña Panelera;Establecido;De 0 a 1 año;No indica;Buen drenaje;No Tiene;15-15-15;5.16;4.484;14.31;4.027;1.858;1.140;3.109;0.608;0.150;< 0.1;5.826;0.167;337.3;< 1.0;12.80;2.379;0.145;ND;ND;ND;ND
26.414;29/08/2016;SANTANDER;OCAMONTE;Caña Panelera;Establecido;De 0 a 1 año;Ondulado;Buen drenaje;No Tiene;15-15-15;5.019;4.136;<3.87;3.621;2.880;2.321;0.690;0.183;0.098;< 0.1;3.953;0.142;350.8;< 1.0;< 1.0;< 1.0;0.145;ND;ND;ND;ND
26.415;29/08/2016;ANTIOQUIA;PEÑOL;Caña Panelera;Establecido;De 5 a 10 años;Pendiente;Regular drenaje;No Tiene;NO;5;3.881;<3.87;3.891;1.889;1.378;6.870;2.052;0.121;< 0.1;11.03;0.207;284.4;4.633;7.365;1.724;0.165;ND;ND;ND;ND
26.421;29/08/2016;ANTIOQUIA;PEÑOL;Caña Panelera;Establecido;De 5 a 10 años;Ondulado;Buen drenaje;No Tiene;NO;4.690;4.762;5.094;3.756;2.684;2.301;4.612;1.382;0.198;< 0.1;8.978;0.346;323.1;3.562;11.05;2.528;0.186;ND;ND;ND;ND
26.444;1/09/2016;SANTANDER;GÁMBITA;Caña Panelera;Establecido;De 5 a 10 años;Ondulado;Buen drenaje;No Tiene;No indica;5.79;3.464;6.571;6.195;ND;ND;5.815;0.345;<0.09;< 0.1;6.320;0.134;74.38;< 1.0;6.411;< 1.0;0.173;ND;ND;ND;ND
26.448;29/08/2016;SANTANDER;VALLE DE SAN JOSÉ;Caña Panelera;Establecido;De 0 a 1 año;Ondulado;Buen drenaje;No Tiene;10-30-10;4.92;3.649;<3.87;3.621;2.508;2.135;2.302;0.438;0.114;< 0.1;5.463;0.185;716.8;2.513;2.349;1.306;0.124;ND;ND;ND;ND
26.449;29/08/2016;SANTANDER;VALLE DE SAN JOSÉ;Caña Panelera;Establecido;De 0 a 1 año;Ondulado;Buen drenaje;No Tiene;15-15-15;5.019;5.110;<3.87;4.972;1.703;1.461;3.850;0.492;0.120;< 0.1;6.266;0.211;741.9;< 1.0;1.686;< 1.0;0.206;ND;ND;ND;ND
26.450;29/08/2016;SANTANDER;VALLE DE SAN JOSÉ;Caña Panelera;Establecido;De 0 a 1 año;Ondulado;Buen drenaje;No Tiene;15-15-15;5.019;3.603;<3.87;3.621;2.384;1.969;1.664;0.236;0.097;< 0.1;4.484;0.134;666.7;1.144;< 1.0;1.373;0.247;ND;ND;ND;ND
26.451;29/08/2016;SANTANDER;PÁRAMO;Caña Panelera;Establecido;De 0 a 1 año;Ondulado;Buen drenaje;No Tiene;15-15-15;5.24;3.093;<3.87;2.270;0.908;0.663;4.252;0.669;0.140;0.117;6.088;0.132;376.6;< 1.0;1.613;< 1.0;0.145;ND;ND;ND;ND
26.517;29/08/2016;CALDAS;NEIRA;Caña Panelera;Establecido;No indica;Ondulado;Buen drenaje;No Tiene;Ninguno;6.52;4.368;6.026;5.648;ND;ND;8.925;2.569;0.747;0.127;12.36;0.410;55.99;2.706;2.280;2.182;0.165;ND;ND;ND;ND
26.527;29/08/2016;CALDAS;NEIRA;Caña Panelera;Establecido;No indica;Ondulado;Buen drenaje;No Tiene;Ninguno;7.88;4.368;122.4;17.94;ND;ND;18.55;1.332;0.167;0.136;20.19;0.578;28.64;30.03;< 1.0;16.78;0.308;ND;ND;ND;ND
26.530;29/08/2016;CALDAS;NEIRA;Caña Panelera;Establecido;No indica;Ondulado;Buen drenaje;No Tiene;Ninguno;5.66;4.887;22.58;3.216;ND;ND;10.01;2.174;0.431;0.136;12.75;0.281;193.2;1.824;2.581;3.403;0.165;ND;ND;ND;ND
26.540;29/08/2016;CALDAS;NEIRA;Caña Panelera;Establecido;No indica;Ondulado;Buen drenaje;No Tiene;Ninguno;6.37;9.710;18.64;3.486;ND;ND;11.30;2.325;0.625;< 0.1;14.35;0.382;33.97;1.724;5.060;5.08;0.186;ND;ND;ND;ND
26.541;29/08/2016;CALDAS;NEIRA;Caña Panelera;Establecido;No indica;Ondulado;Buen drenaje;No Tiene;Ninguno;5.07;3.695;121.1;8.891;0.516;0.414;8.322;6.153;1.006;< 0.1;16.09;0.547;504.3;8.285;9.573;7.804;0.329;ND;ND;ND;ND
26.542;29/08/2016;ANTIOQUIA;GUADALUPE;Caña Panelera;Establecido;De 5 a 10 años;Pendiente;Regular drenaje;No Tiene;NO;6.19;3.278;6.786;4.837;ND;ND;7.281;3.861;1.092;< 0.1;12.33;0.190;63.24;4.173;3.059;1.621;0.124;ND;ND;ND;ND
26.543;29/08/2016;SANTANDER;PÁRAMO;Caña Panelera;Establecido;De 0 a 1 año;Ondulado;Buen drenaje;No Tiene;10-30-10;;;;;;;;;;;;;;;;;;;;;
26.544;29/08/2016;SANTANDER;PÁRAMO;Caña Panelera;Establecido;De 0 a 1 año;Ondulado;Buen drenaje;No Tiene;10-30-10;5.16;3.927;3.626;3.621;1.300;1.036;5.722;1.075;0.310;< 0.1;8.509;0.183;524.3;1.026;3.178;1.632;0.145;ND;ND;ND;ND
26.546;29/08/2016;CALDAS;NEIRA;Caña Panelera;Establecido;No indica;Ondulado;Buen drenaje;No Tiene;TRIPLE 15;5.71;2.814;4.679;5.648;ND;ND;5.105;1.675;0.291;0.163;7.235;0.171;89.11;3.827;2.652;1.617;0.186;ND;ND;ND;ND
26.547;29/08/2016;CALDAS;NEIRA;Caña Panelera;Establecido;No indica;Ondulado;Buen drenaje;No Tiene;Ninguno;7.72;3.162;197.6;47.16;ND;ND;19.92;1.382;0.921;0.534;22.76;2.854;18.71;4.699;< 1.0;6.528;0.349;ND;ND;ND;ND
26.577;26/08/2016;SANTANDER;GÁMBITA;Caña Panelera;Establecido;De 1 a 5 años;Pendiente;Buen drenaje;No Tiene;Ninguno;4.34;4.090;<3.87;9.452;2.869;2.241;3.160;0.404;0.356;0.107;6.898;1.794;339.3;< 1.0;9.388;< 1.0;0.170;ND;ND;ND;ND
26.580;19/08/2016;META;URIBE;Caña Panelera;Establecido;De 1 a 5 años;Pendiente;Buen drenaje;No Tiene;Ninguno;4.71;2.221;5.314;3.626;3.223;2.324;< 0.5;0.211;0.174;< 0.1;4.259;0.165;237.6;2.25;5.404;< 1.0;0.136;ND;ND;ND;ND
26.618;5/08/2016;CUNDINAMARCA;VILLETA;Caña Panelera;Establecido;De 1 a 5 años;Ondulado;Regular drenaje;No Tiene;MATERIA ORGANICA;5.64;3.282;<3.87;6.257;ND;ND;9.144;2.557;0.154;< 0.1;11.95;0.219;307.1;1.554;6.791;1.212;0.237;ND;ND;ND;ND
26.619;5/08/2016;CUNDINAMARCA;VILLETA;Caña Panelera;Establecido;De 1 a 5 años;Ondulado;Regular drenaje;No Tiene;No indica;5.36;3.141;4.391;6.706;0.374;0.272;8.235;2.113;0.186;0.130;11.04;0.235;315.5;1.052;6.440;1.562;0.272;ND;ND;ND;ND
26.708;5/08/2016;CAUCA;ROSAS;Caña Panelera;Establecido;De 1 a 5 años;Ondulado;No indica;No Tiene;Ninguno;5.3;2.152;<3.87;2.514;1.390;1.232;1.267;0.661;0.096;< 0.1;3.516;0.142;269.9;1.542;10.11;< 1.0;0.343;ND;ND;ND;ND
26.710;5/08/2016;CAUCA;LA SIERRA;Caña Panelera;Establecido;De 1 a 5 años;Pendiente;No indica;No Tiene;Ninguno;6.07;3.504;<3.87;4.610;ND;ND;9.199;5.199;0.357;0.155;14.91;0.167;100.4;1.07;7.546;1.056;0.237;ND;ND;ND;ND
26.781;5/08/2016;CAUCA;ROSAS;Caña Panelera;Establecido;De 1 a 5 años;Pendiente;No indica;No Tiene;Ninguno;5.27;2.694;<3.87;2.814;1.885;1.464;5.864;2.590;0.254;0.188;10.78;0.169;302.7;2.154;13.63;2.938;0.290;ND;ND;ND;ND
26.782;5/08/2016;CAUCA;ROSAS;Caña Panelera;Establecido;De 1 a 5 años;Pendiente;No indica;No Tiene;Ninguno;5.49;4.258;<3.87;2.814;0.374;0.272;8.105;2.389;0.417;0.392;11.67;0.181;417.2;2.059;11.25;1.379;0.254;ND;ND;ND;ND
26.798;5/08/2016;CUNDINAMARCA;VILLETA;Caña Panelera;Establecido;De 1 a 5 años;Ondulado;Regular drenaje;No Tiene;No indica;5.28;3.000;<3.87;4.610;0.384;0.151;7.530;2.213;0.209;0.155;10.49;0.233;523.6;1.267;10.39;1.565;0.272;ND;ND;ND;ND
26.799;5/08/2016;CUNDINAMARCA;VILLETA;Caña Panelera;Establecido;De 1 a 5 años;Ondulado;Regular drenaje;No Tiene;MATERIA ORGANICA;5.6;2.223;<3.87;7.604;ND;ND;8.007;2.220;0.197;< 0.1;10.52;0.185;362.4;1.327;6.444;1.746;0.343;ND;ND;ND;ND
26.800;5/08/2016;CAUCA;ROSAS;Caña Panelera;Establecido;De 1 a 5 años;Pendiente;No indica;No Tiene;Ninguno;5.45;2.341;<3.87;4.461;1.134;0.808;6.437;1.949;0.462;0.392;10.37;0.171;81.68;1.597;15.27;1.099;0.290;ND;ND;ND;ND
26.801;5/08/2016;CAUCA;ROSAS;Caña Panelera;Establecido;De 1 a 5 años;Pendiente;No indica;No Tiene;Ninguno;5.18;2.482;<3.87;2.514;0.907;0.565;3.677;1.636;0.195;0.208;6.626;0.178;84.10;1.050;18.93;1.087;0.272;ND;ND;ND;ND
26.802;5/08/2016;CAUCA;LA SIERRA;Caña Panelera;Establecido;De 1 a 5 años;Pendiente;No indica;No Tiene;Ninguno;6.13;3.646;28.11;2.814;ND;ND;10.09;6.149;0.495;< 0.1;16.84;0.175;295.8;2.104;4.781;1.647;0.343;ND;ND;ND;ND
26.803;5/08/2016;CAUCA;LA SIERRA;Caña Panelera;Establecido;De 1 a 5 años;Pendiente;No indica;No Tiene;Ninguno;5.72;3.000;7.120;2.215;ND;ND;9.773;2.249;0.319;0.184;12.52;0.177;102.8;2.472;6.198;3.130;0.130;ND;ND;ND;ND
26.813;5/08/2016;CAUCA;ROSAS;Caña Panelera;Establecido;De 1 a 5 años;Pendiente;No indica;No Tiene;Ninguno;5.48;3.118;<3.87;3.413;0.572;0.404;5.349;2.093;0.346;0.164;8.525;0.168;81.50;2.154;8.458;1.484;0.237;ND;ND;ND;ND
26.814;5/08/2016;CAUCA;ROSAS;Caña Panelera;Establecido;De 5 a 10 años;Pendiente;No indica;No Tiene;Ninguno;5.96;2.199;7.557;2.365;ND;ND;8.031;2.268;0.177;0.113;10.59;0.150;96.54;3.264;8.990;2.457;0.237;ND;ND;ND;ND
26.815;5/08/2016;CAUCA;ROSAS;Caña Panelera;Establecido;De 1 a 5 años;Ondulado;No indica;No Tiene;Ninguno;5.68;2.505;16.11;2.964;ND;ND;6.582;2.489;0.317;0.105;9.494;0.241;356.3;2.831;7.270;3.247;0.184;ND;ND;ND;ND
26.816;5/08/2016;CAUCA;ROSAS;Caña Panelera;Establecido;De 1 a 5 años;Pendiente;No indica;No Tiene;Ninguno;5.59;2.859;<3.87;7.305;ND;ND;5.441;2.200;0.263;< 0.1;8.005;0.175;86.21;1.849;12.09;1.588;0.095;ND;ND;ND;ND
26.817;5/08/2016;CAUCA;POPAYÁN;Caña Panelera;Establecido;De 1 a 5 años;Pendiente;No indica;No Tiene;15-15-15;5.42;9.498;<3.87;16.28;0.572;0.404;0.699;0.228;0.138;0.133;1.771;0.210;44.48;1.477;1.353;< 1.0;0.148;ND;ND;ND;ND
26.818;5/08/2016;CAUCA;POPAYÁN;Caña Panelera;Establecido;De 1 a 5 años;Pendiente;No indica;No Tiene;15-15-15;6.31;9.169;6.621;8.502;ND;ND;1.119;0.260;0.156;< 0.1;1.636;0.206;44.40;2.331;1.807;1.867;0.201;ND;ND;ND;ND
26.819;5/08/2016;CAUCA;POPAYÁN;Caña Panelera;Establecido;De 1 a 5 años;Pendiente;No indica;No Tiene;ORGANICO;5.4;7.921;<3.87;13.59;0.739;0.667;0.764;0.271;0.161;< 0.1;2.038;0.173;67.70;1.827;2.275;< 1.0;0.201;ND;ND;ND;ND
26.820;5/08/2016;CAUCA;POPAYÁN;Caña Panelera;Establecido;De 1 a 5 años;Ondulado;No indica;No Tiene;ORGANICO;5.12;6.367;<3.87;18.23;0.927;0.747;0.887;0.315;0.160;< 0.1;2.390;0.155;60.45;1.899;2.919;< 1.0;0.201;ND;ND;ND;ND
26.821;5/08/2016;CAUCA;POPAYÁN;Caña Panelera;Establecido;De 5 a 10 años;Ondulado;No indica;No Tiene;CAL+ABONO ORGANICO;5.3;8.251;<3.87;9.101;0.966;0.616;1.127;0.351;0.122;0.190;2.758;0.146;61.68;1.073;1.588;< 1.0;0.237;ND;ND;ND;ND
26.822;5/08/2016;CAUCA;POPAYÁN;Caña Panelera;Establecido;Mas de 10 años;Pendiente;No indica;No Tiene;CAL+ABONO ORGANICO;5.13;4.624;<3.87;9.700;1.351;0.950;3.189;1.074;0.382;0.114;6.112;0.229;213.2;2.617;9.875;1.214;0.307;ND;ND;ND;ND
26.823;5/08/2016;CAUCA;POPAYÁN;Caña Panelera;Establecido;De 0 a 1 año;Ondulado;No indica;No Tiene;CAL+ABONO ORGANICO;5.44;5.095;<3.87;20.62;0.601;0.505;1.364;0.275;<0.09;0.126;2.447;0.151;56.84;1.49;1.468;< 1.0;0.237;ND;ND;ND;ND
26.824;5/08/2016;CAUCA;POPAYÁN;Caña Panelera;Establecido;De 1 a 5 años;Ondulado;No indica;No Tiene;CAL+ABONO ORGANICO;5.5;8.039;<3.87;15.83;0.404;0.262;1.298;0.330;0.108;0.124;2.266;0.178;44.26;< 1.0;1.887;< 1.0;0.201;ND;ND;ND;ND
26.825;5/08/2016;CAUCA;POPAYÁN;Caña Panelera;Establecido;De 1 a 5 años;Pendiente;No indica;No Tiene;15-15-15;5.56;8.731;<3.87;19.73;ND;ND;1.062;0.261;0.170;< 0.1;1.594;0.182;34.93;1.454;< 1.0;< 1.0;0.219;ND;ND;ND;ND
26.826;5/08/2016;CAUCA;POPAYÁN;Caña Panelera;Establecido;De 1 a 5 años;Ondulado;No indica;No Tiene;15-15-15;5.22;8.062;<3.87;20.92;0.453;0.333;1.228;0.291;0.178;0.110;2.262;0.270;49.56;1.418;1.004;< 1.0;0.219;ND;ND;ND;ND
26.836;5/08/2016;CAUCA;ROSAS;Caña Panelera;Establecido;De 1 a 5 años;Pendiente;No indica;No Tiene;Ninguno;5.22;3.023;<3.87;6.407;0.710;0.535;3.804;1.894;0.314;0.162;6.886;0.165;70.43;1.491;18.19;1.669;0.254;ND;ND;ND;ND
26.843;16/08/2016;BOYACÁ;CHITARAQUE;Caña Panelera;Establecido;De 1 a 5 años;Ondulado;Buen drenaje;No Tiene;QUIMICO;4.68;7.199;15.12;14.89;3.060;2.412;2.539;0.786;0.371;1.273;8.032;1.142;622.2;1.731;11.72;4.668;0.297;ND;ND;ND;ND
26.844;16/08/2016;BOYACÁ;SANTANA;Caña Panelera;Establecido;De 1 a 5 años;Ondulado;Buen drenaje;No Tiene;QUIMICO;4.360;6.842;18.17;16.06;8.871;6.186;2.970;0.489;0.434;0.814;13.58;0.874;1001.;5.876;10.58;16.72;0.398;ND;ND;ND;ND
26.849;16/08/2016;BOYACÁ;CHITARAQUE;Caña Panelera;Establecido;De 1 a 5 años;Ondulado;Buen drenaje;No Tiene;QUIMICO;4.650;3.463;14.08;10.31;3.070;2.041;1.825;0.335;0.159;0.234;5.625;0.124;380.2;1.006;15.46;< 1.0;0.237;ND;ND;ND;ND
26.856;17/08/2016;TOLIMA;SAN SEBASTIÁN DE MARIQUITA;Caña Panelera;Establecido;Mas de 10 años;Ondulado;Buen drenaje;No Tiene;Ninguno;5.44;18.61;4.469;2.570;0.370;0.144;0.765;0.189;0.125;< 0.1;1.552;0.158;57.11;1.079;1.742;< 1.0;0.197;ND;ND;ND;ND
26.857;17/08/2016;TOLIMA;SAN SEBASTIÁN DE MARIQUITA;Caña Panelera;Establecido;Mas de 10 años;Pendiente;Buen drenaje;No Tiene;Ninguno;5.64;3.487;7.453;3.861;ND;ND;7.237;2.118;0.212;< 0.1;9.668;0.232;96.21;1.506;15.32;1.958;0.157;ND;ND;ND;ND
26.858;17/08/2016;TOLIMA;SAN SEBASTIÁN DE MARIQUITA;Caña Panelera;Establecido;De 5 a 10 años;Pendiente;Buen drenaje;No Tiene;GALLINAZA HACE 2 MESES;5.44;4.058;6.707;5.152;0.298;0.123;4.449;1.174;0.253;0.122;6.298;0.358;54.85;3.219;12.65;2.071;0.197;ND;ND;ND;ND
26.859;17/08/2016;TOLIMA;SAN SEBASTIÁN DE MARIQUITA;Caña Panelera;Establecido;De 5 a 10 años;Ondulado;Buen drenaje;No Tiene;Ninguno;5.76;5.974;6.690;2.805;ND;ND;5.619;1.544;0.195;< 0.1;7.459;0.208;45.23;1.611;8.407;< 1.0;0.116;ND;ND;ND;ND
26.860;17/08/2016;TOLIMA;SAN SEBASTIÁN DE MARIQUITA;Caña Panelera;Establecido;Mas de 10 años;Ondulado;Buen drenaje;No Tiene;Ninguno;6.09;8.259;5.944;3.274;ND;ND;8.773;1.440;0.210;0.121;10.54;0.151;37.79;1.751;7.015;< 1.0;0.157;ND;ND;ND;ND
26.861;17/08/2016;TOLIMA;SAN SEBASTIÁN DE MARIQUITA;Caña Panelera;Establecido;Mas de 10 años;Pendiente;Buen drenaje;No Tiene;Ninguno;5.7;5.308;5.148;4.213;ND;ND;6.569;2.121;0.203;0.137;9.030;0.186;56.31;1.661;29.48;1.407;0.096;ND;ND;ND;ND
26.862;17/08/2016;TOLIMA;SAN SEBASTIÁN DE MARIQUITA;Caña Panelera;Establecido;Mas de 10 años;Pendiente;Buen drenaje;No Tiene;Ninguno;5.84;2.773;5.248;3.274;ND;ND;9.379;2.515;0.320;0.141;12.35;0.185;53.79;1.657;10.54;1.255;0.096;ND;ND;ND;ND
26.863;17/08/2016;TOLIMA;SAN SEBASTIÁN DE MARIQUITA;Caña Panelera;Establecido;Mas de 10 años;Plano;Buen drenaje;No Tiene;Ninguno;6.18;18.23;8.017;5.387;ND;ND;7.499;1.520;0.600;0.178;9.798;0.338;33.26;1.887;10.88;< 1.0;0.177;ND;ND;ND;ND
26.864;17/08/2016;TOLIMA;SAN SEBASTIÁN DE MARIQUITA;Caña Panelera;Establecido;De 1 a 5 años;Ondulado;Buen drenaje;No Tiene;Ninguno;6.11;4.534;5.596;3.509;ND;ND;9.689;2.694;0.320;< 0.1;12.80;0.198;60.63;2.504;16.92;3.881;0.076;ND;ND;ND;ND
26.865;17/08/2016;TOLIMA;SAN SEBASTIÁN DE MARIQUITA;Caña Panelera;Establecido;De 5 a 10 años;Ondulado;Buen drenaje;No Tiene;Ninguno;5.88;9.865;4.535;6.913;ND;ND;2.291;0.444;0.120;< 0.1;2.956;0.144;41.55;1.641;3.258;< 1.0;0.096;ND;ND;ND;ND
26.866;17/08/2016;TOLIMA;SAN SEBASTIÁN DE MARIQUITA;Caña Panelera;Establecido;Mas de 10 años;Plano;Buen drenaje;No Tiene;Ninguno;5.87;15.20;5.480;4.330;ND;ND;2.882;0.336;0.313;0.142;3.675;0.269;41.05;1.238;18.00;5.243;0.136;ND;ND;ND;ND
26.867;17/08/2016;TOLIMA;SAN SEBASTIÁN DE MARIQUITA;Caña Panelera;Establecido;Mas de 10 años;Ondulado;Buen drenaje;No Tiene;CENIZAS HACE 6 MESES;5.91;4.296;4.634;2.805;ND;ND;3.346;0.792;0.202;< 0.1;4.441;0.094;30.75;1.428;1.807;4.288;0.096;ND;ND;ND;ND
26.868;17/08/2016;TOLIMA;SAN SEBASTIÁN DE MARIQUITA;Caña Panelera;Establecido;Mas de 10 años;Pendiente;Buen drenaje;No Tiene;Ninguno;6.08;5.771;4.237;3.978;ND;ND;1.868;0.433;0.155;< 0.1;2.557;0.082;47.60;1.04;1.845;< 1.0;0.076;ND;ND;ND;ND
26.870;17/08/2016;TOLIMA;SAN SEBASTIÁN DE MARIQUITA;Caña Panelera;Establecido;Mas de 10 años;Ondulado;Buen drenaje;No Tiene;Ninguno;5.86;16.61;4.187;3.861;ND;ND;3.366;0.293;0.281;0.115;4.056;0.200;36.81;< 1.0;2.662;< 1.0;0.096;ND;ND;ND;ND
26.873;16/08/2016;CAUCA;PIENDAMÓ;Caña Panelera;Establecido;De 0 a 1 año;Ondulado;No indica;No Tiene;CAL+ABONO ORGANICO;5.13;20.89;6.160;6.443;1.009;0.845;1.519;0.388;0.270;< 0.1;3.289;0.292;72.18;1.75;2.461;< 1.0;0.197;ND;ND;ND;ND
26.874;16/08/2016;CAUCA;PIENDAMÓ;Caña Panelera;Establecido;De 1 a 5 años;Plano;No indica;No Tiene;Ninguno;4.75;5.927;9.111;5.504;2.926;2.216;1.727;0.682;0.246;0.109;5.692;0.229;259.5;3.400;11.03;2.549;0.096;ND;ND;ND;ND
26.875;16/08/2016;CAUCA;PIENDAMÓ;Caña Panelera;Establecido;De 1 a 5 años;Plano;No indica;No Tiene;Ninguno;4.860;3.154;7.967;4.213;2.998;2.247;1.269;0.366;0.113;0.128;4.875;0.133;223.0;1.913;8.86;1.145;0.177;ND;ND;ND;ND
26.876;16/08/2016;CAUCA;PIENDAMÓ;Caña Panelera;Establecido;De 5 a 10 años;Plano;No indica;No Tiene;Ninguno;5.56;3.452;7.204;2.687;ND;ND;4.953;1.500;0.186;0.104;6.744;0.140;172.7;3.101;3.252;1.611;0.096;ND;ND;ND;ND
26.877;16/08/2016;CAUCA;PIENDAMÓ;Caña Panelera;Establecido;De 1 a 5 años;Plano;No indica;No Tiene;Ninguno;5;2.500;7.121;5.269;2.009;1.412;2.486;0.913;0.135;< 0.1;5.644;0.152;203.6;2.093;9.137;2.200;0.116;ND;ND;ND;ND
26.878;16/08/2016;CAUCA;PIENDAMÓ;Caña Panelera;Establecido;De 1 a 5 años;Plano;No indica;No Tiene;Ninguno;5.17;5.022;7.337;4.683;1.617;1.031;2.359;0.669;0.276;< 0.1;5.024;0.214;180.3;2.121;6.886;3.139;0.096;ND;ND;ND;ND
26.879;16/08/2016;CAUCA;EL TAMBO;Caña Panelera;Establecido;De 1 a 5 años;Ondulado;No indica;No Tiene;ORGANICO;7.45;3.487;232.2;7.147;ND;ND;14.51;2.804;2.102;0.515;19.93;1.332;52.34;4.424;30.77;7.427;0.579;ND;ND;ND;ND
26.880;16/08/2016;CAUCA;EL TAMBO;Caña Panelera;Establecido;De 1 a 5 años;Pendiente;No indica;No Tiene;CAL+ABONO ORGANICO;6.79;2.511;62.92;8.791;ND;ND;10.19;1.992;2.074;0.727;14.99;1.073;41.07;3.993;1.173;5.517;0.378;ND;ND;ND;ND
26.881;16/08/2016;CAUCA;EL TAMBO;Caña Panelera;Establecido;De 1 a 5 años;Ondulado;No indica;No Tiene;Ninguno;5.21;18.80;5.729;13.48;0.731;0.536;0.981;0.375;0.224;< 0.1;2.412;0.201;48.34;1.353;2.257;< 1.0;0.116;ND;ND;ND;ND
26.882;16/08/2016;CAUCA;EL TAMBO;Caña Panelera;Establecido;De 1 a 5 años;Pendiente;No indica;No Tiene;Ninguno;5.27;19.66;6.624;7.265;1.555;1.226;1.560;0.506;0.216;< 0.1;3.939;0.199;77.06;1.595;3.312;< 1.0;0.116;ND;ND;ND;ND
26.884;16/08/2016;BOYACÁ;SANTANA;Caña Panelera;Establecido;De 1 a 5 años;Ondulado;Buen drenaje;No Tiene;QUIMICO;4.900;3.701;8.182;4.917;4.255;3.278;8.678;2.073;0.360;< 0.1;15.46;0.177;686.3;1.35;8.139;1.333;0.116;ND;ND;ND;ND
26.885;16/08/2016;CAUCA;PIENDAMÓ;Caña Panelera;Establecido;De 0 a 1 año;Ondulado;No indica;No Tiene;CAL+ABONO ORGANICO;5.62;18.92;4.850;6.913;ND;ND;3.004;0.878;0.331;0.141;4.356;0.223;98.69;2.074;4.019;1.625;0.116;ND;ND;ND;ND
26.887;16/08/2016;BOYACÁ;SANTANA;Caña Panelera;Establecido;De 1 a 5 años;Ondulado;Buen drenaje;No Tiene;QUIMICO;5.78;4.296;33.53;85.56;ND;ND;14.97;1.390;0.279;0.148;16.79;1.35;225.3;1.415;6.674;5.714;0.418;ND;ND;ND;ND
26.888;16/08/2016;BOYACÁ;TOGÜÍ;Caña Panelera;Establecido;De 1 a 5 años;Ondulado;Buen drenaje;No Tiene;QUIMICO;5.16;4.677;25.30;23.93;0.577;0.484;6.948;0.892;0.160;0.316;8.894;0.427;532.6;2.642;13.70;17.62;0.318;ND;ND;ND;ND
26.893;16/08/2016;BOYACÁ;SANTANA;Caña Panelera;Establecido;De 1 a 5 años;Ondulado;Buen drenaje;No Tiene;QUIMICO;4.66;9.116;9.973;7.969;5.141;3.598;1.294;0.415;0.579;0.148;7.578;0.303;536.4;1.171;2.16;2.185;0.116;ND;ND;ND;ND
26.902;17/08/2016;TOLIMA;SAN SEBASTIÁN DE MARIQUITA;Caña Panelera;Establecido;De 5 a 10 años;Ondulado;Buen drenaje;No Tiene;Ninguno;5.76;14.42;5.795;3.509;ND;ND;5.294;0.996;0.295;< 0.1;6.686;0.206;46.54;1.214;11.68;< 1.0;0.177;ND;ND;ND;ND
26.903;17/08/2016;TOLIMA;SAN SEBASTIÁN DE MARIQUITA;Caña Panelera;Establecido;Mas de 10 años;Ondulado;Buen drenaje;No Tiene;Ninguno;5.8;5.510;4.983;4.565;ND;ND;1.604;0.278;<0.09;< 0.1;2.071;0.102;58.79;1.084;1.837;< 1.0;0.096;ND;ND;ND;ND
26.904;17/08/2016;TOLIMA;SAN SEBASTIÁN DE MARIQUITA;Caña Panelera;Establecido;Mas de 10 años;Pendiente;Buen drenaje;No Tiene;Ninguno;5.35;4.201;9.194;3.509;0.896;0.752;2.631;0.668;0.201;< 0.1;4.496;0.173;195.6;2.864;3.589;1.054;0.076;ND;ND;ND;ND
26.905;17/08/2016;TOLIMA;SAN SEBASTIÁN DE MARIQUITA;Caña Panelera;Establecido;Mas de 10 años;Ondulado;Buen drenaje;No Tiene;Ninguno;5.54;15.54;4.071;5.387;ND;ND;2.599;0.591;0.270;< 0.1;3.560;0.341;66.68;1.675;2.681;1.683;0.358;ND;ND;ND;ND
26.906;18/08/2016;HUILA;GIGANTE;Caña Panelera;Establecido;No indica;Ondulado;Buen drenaje;No Tiene;No indica;6.36;3.163;15.09;2.570;ND;ND;14.20;6.744;0.251;< 0.1;21.30;0.301;76.20;1.712;4.889;3.206;1.047;ND;ND;ND;ND
26.907;18/08/2016;HUILA;SAN AGUSTÍN;Caña Panelera;Establecido;No indica;Plano;Buen drenaje;No Tiene;15-15-15;5.53;13.76;5.911;1.983;ND;ND;4.736;0.675;0.326;0.187;5.925;0.206;75.87;2.295;8.522;5.187;0.177;ND;ND;ND;ND
26.908;18/08/2016;HUILA;ISNOS;Caña Panelera;Establecido;No indica;Pendiente;Buen drenaje;No Tiene;No indica;4.93;18.25;5.911;2.453;2.412;1.851;4.458;0.469;0.286;0.106;7.733;0.546;123.5;2.012;8.827;2.21;0.683;ND;ND;ND;ND
26.909;18/08/2016;HUILA;SAN AGUSTÍN;Caña Panelera;Establecido;No indica;Ondulado;Buen drenaje;No Tiene;15-15-15;5.89;8.308;6.906;2.335;ND;ND;9.553;1.301;1.284;< 0.1;12.24;0.252;73.01;1.297;5.663;1.355;0.339;ND;ND;ND;ND
26.910;18/08/2016;HUILA;SAN AGUSTÍN;Caña Panelera;Establecido;No indica;Plano;Buen drenaje;No Tiene;No indica;5.46;22.02;9.691;3.039;1.036;0.746;7.134;1.166;0.243;< 0.1;9.681;0.332;139.1;1.323;5.960;3.58;1.067;ND;ND;ND;ND
26.911;18/08/2016;HUILA;GIGANTE;Caña Panelera;Establecido;No indica;Plano;Buen drenaje;No Tiene;No indica;4.83;3.067;11.51;3.274;2.556;2.230;1.428;0.353;0.141;< 0.1;4.580;0.222;282.4;1.368;7.058;< 1.0;0.056;ND;ND;ND;ND
26.912;18/08/2016;HUILA;GIGANTE;Caña Panelera;Establecido;No indica;Ondulado;Buen drenaje;No Tiene;No indica;5.58;1.931;7.934;2.687;ND;ND;8.827;1.799;0.115;< 0.1;10.84;0.201;76.50;< 1.0;12.01;< 1.0;0.845;ND;ND;ND;ND
26.913;18/08/2016;HUILA;SAN AGUSTÍN;Caña Panelera;Establecido;No indica;Ondulado;Buen drenaje;No Tiene;No indica;5.56;17.29;6.425;3.274;ND;ND;5.081;0.715;0.440;< 0.1;6.337;0.374;71.82;1.567;8.512;2.382;1.351;ND;ND;ND;ND
26.914;18/08/2016;HUILA;ISNOS;Caña Panelera;Establecido;No indica;Ondulado;Buen drenaje;No Tiene;15-15-15;4.78;15.07;7.503;2.218;4.773;3.324;0.975;0.207;0.140;< 0.1;6.197;0.228;140.2;< 1.0;2.117;< 1.0;1.634;ND;ND;ND;ND
26.915;18/08/2016;HUILA;SAN AGUSTÍN;Caña Panelera;Establecido;No indica;Plano;Buen drenaje;No Tiene;15-15-15;5.78;13.71;5.629;1.983;ND;ND;6.805;0.759;0.177;< 0.1;7.842;0.216;57.42;< 1.0;7.269;< 1.0;0.501;ND;ND;ND;ND
26.916;18/08/2016;HUILA;SAN AGUSTÍN;Caña Panelera;Establecido;No indica;Pendiente;Buen drenaje;No Tiene;No indica;6.07;7.487;5.994;4.448;ND;ND;15.60;1.869;1.495;< 0.1;19.07;0.435;60.79;< 1.0;6.586;2.343;1.209;ND;ND;ND;ND
26.917;18/08/2016;HUILA;GARZÓN;Caña Panelera;Establecido;No indica;Plano;Buen drenaje;No Tiene;No indica;4.33;2.366;6.259;4.683;2.248;1.967;1.035;0.263;0.126;< 0.1;3.773;0.439;387.4;2.061;16.16;3.976;2.322;ND;ND;ND;ND
26.918;17/08/2016;TOLIMA;SAN SEBASTIÁN DE MARIQUITA;Caña Panelera;Establecido;Mas de 10 años;Pendiente;Buen drenaje;No Tiene;Ninguno;5.77;5.034;4.353;5.035;ND;ND;1.098;0.307;0.168;< 0.1;1.674;0.124;57.73;1.160;2.341;< 1.0;0.116;ND;ND;ND;ND
26.923;18/08/2016;HUILA;GARZÓN;Caña Panelera;Establecido;No indica;Plano;Buen drenaje;No Tiene;No indica;6.1;2.584;11.43;2.335;ND;ND;7.764;2.383;0.314;< 0.1;10.56;0.234;101.0;2.591;3.829;2.857;0.380;ND;ND;ND;ND
26.924;18/08/2016;HUILA;GARZÓN;Caña Panelera;Establecido;No indica;Ondulado;Buen drenaje;No Tiene;No indica;6.32;2.028;21.37;2.922;ND;ND;14.93;5.888;0.446;< 0.1;21.36;0.312;87.97;1.827;2.798;3.145;0.825;ND;ND;ND;ND
26.925;18/08/2016;HUILA;SAN AGUSTÍN;Caña Panelera;Establecido;No indica;Plano;Buen drenaje;No Tiene;No indica;5.55;12.07;7.304;2.100;ND;ND;4.241;0.557;0.172;< 0.1;5.072;0.277;159.4;2.503;7.400;9.423;0.440;ND;ND;ND;ND
26.933;17/08/2016;TOLIMA;SAN SEBASTIÁN DE MARIQUITA;Caña Panelera;Establecido;Mas de 10 años;Pendiente;Buen drenaje;No Tiene;Ninguno;5.95;13.20;6.690;10.90;ND;ND;0.977;0.259;0.185;0.177;1.599;0.491;40.70;2.681;2.940;1.33;0.116;ND;ND;ND;ND
26.934;17/08/2016;TOLIMA;SAN SEBASTIÁN DE MARIQUITA;Caña Panelera;Establecido;De 5 a 10 años;Pendiente;Buen drenaje;No Tiene;10-30-10, GALLINAZA Y CENIZAS HACE 2 MESES;5.86;18.51;4.485;3.978;ND;ND;1.826;0.374;0.168;< 0.1;2.469;0.173;44.32;1.305;1.992;1.768;0.157;ND;ND;ND;ND
26.935;17/08/2016;TOLIMA;SAN SEBASTIÁN DE MARIQUITA;Caña Panelera;Establecido;Mas de 10 años;Pendiente;Buen drenaje;No Tiene;Ninguno;5.99;11.92;5.082;3.274;ND;ND;2.824;1.002;0.189;< 0.1;4.116;0.125;44.29;1.479;2.450;3.327;0.177;ND;ND;ND;ND
26.936;17/08/2016;TOLIMA;SAN SEBASTIÁN DE MARIQUITA;Caña Panelera;Establecido;Mas de 10 años;Ondulado;Buen drenaje;No Tiene;Ninguno;5.7;3.415;7.635;1.424;ND;ND;5.416;1.659;0.210;< 0.1;7.385;0.159;66.87;1.464;5.116;1.221;0.136;ND;ND;ND;ND
26.940;17/08/2016;TOLIMA;SAN SEBASTIÁN DE MARIQUITA;Caña Panelera;Establecido;De 5 a 10 años;Ondulado;Buen drenaje;No Tiene;Ninguno;5.44;6.462;6.541;4.213;0.525;0.381;3.407;1.121;0.462;< 0.1;5.616;0.200;71.70;1.900;3.919;< 1.0;0.217;ND;ND;ND;ND
26.941;17/08/2016;TOLIMA;SAN SEBASTIÁN DE MARIQUITA;Caña Panelera;Establecido;De 5 a 10 años;Ondulado;Buen drenaje;No Tiene;Ninguno;5.57;12.97;4.087;4.448;ND;ND;1.234;0.356;0.195;< 0.1;1.886;0.168;37.09;1.44;1.787;2.82;0.096;ND;ND;ND;ND
26.942;17/08/2016;TOLIMA;SAN SEBASTIÁN DE MARIQUITA;Caña Panelera;Establecido;De 1 a 5 años;Pendiente;Buen drenaje;No Tiene;15-15-15 HACE 1 MES;5.83;4.724;4.518;3.274;ND;ND;1.389;0.226;<0.09;0.107;1.803;0.078;71.56;1.685;2.314;< 1.0;0.096;ND;ND;ND;ND
26.943;17/08/2016;TOLIMA;SAN SEBASTIÁN DE MARIQUITA;Caña Panelera;Establecido;Mas de 10 años;Ondulado;Buen drenaje;No Tiene;Ninguno;5.48;13.68;6.243;8.204;0.566;0.412;1.187;0.332;0.268;0.112;2.467;0.249;60.32;1.835;11.10;< 1.0;0.096;ND;ND;ND;ND
26.944;17/08/2016;TOLIMA;SAN SEBASTIÁN DE MARIQUITA;Caña Panelera;Establecido;Mas de 10 años;Pendiente;Buen drenaje;No Tiene;GALLINAZA HACE 1 AÑO;5.88;7.199;5.331;3.157;ND;ND;4.018;1.246;0.156;< 0.1;5.521;0.123;39.44;1.535;4.527;< 1.0;0.136;ND;ND;ND;ND
26.950;17/08/2016;TOLIMA;SAN SEBASTIÁN DE MARIQUITA;Caña Panelera;Establecido;Mas de 10 años;Pendiente;Buen drenaje;No Tiene;Ninguno;5.97;7.033;3.988;5.152;ND;ND;0.758;0.236;0.097;< 0.1;1.192;0.102;40.64;< 1.0;2.555;< 1.0;0.096;ND;ND;ND;ND
26.951;17/08/2016;TOLIMA;SAN SEBASTIÁN DE MARIQUITA;Caña Panelera;Establecido;Mas de 10 años;Ondulado;Buen drenaje;No Tiene;Ninguno;5.36;16.23;4.319;4.213;0.937;0.659;1.605;0.335;0.129;< 0.1;3.108;0.222;56.81;< 1.0;7.236;1.032;0.096;ND;ND;ND;ND
26.952;17/08/2016;TOLIMA;SAN SEBASTIÁN DE MARIQUITA;Caña Panelera;Establecido;De 5 a 10 años;Pendiente;Buen drenaje;No Tiene;Ninguno;5.55;9.068;5.845;3.626;ND;ND;0.999;0.233;0.146;< 0.1;1.479;0.149;104.4;< 1.0;1.862;< 1.0;0.157;ND;ND;ND;ND
26.953;17/08/2016;TOLIMA;SAN SEBASTIÁN DE MARIQUITA;Caña Panelera;Establecido;Mas de 10 años;Ondulado;Buen drenaje;No Tiene;Ninguno;5.89;12.82;6.757;5.622;ND;ND;0.602;<0.20;0.219;0.157;1.158;0.292;48.37;< 1.0;1.391;< 1.0;0.136;ND;ND;ND;ND
26.954;17/08/2016;TOLIMA;SAN SEBASTIÁN DE MARIQUITA;Caña Panelera;Establecido;Mas de 10 años;Ondulado;Buen drenaje;No Tiene;Ninguno;5.7;18.51;3.872;3.392;ND;ND;1.373;0.273;0.190;< 0.1;1.936;0.197;39.63;< 1.0;1.583;< 1.0;0.197;ND;ND;ND;ND
26.955;17/08/2016;TOLIMA;SAN SEBASTIÁN DE MARIQUITA;Caña Panelera;Establecido;Mas de 10 años;Pendiente;Buen drenaje;No Tiene;Ninguno;5.84;15.66;<3.87;3.392;ND;ND;1.045;0.219;0.129;< 0.1;1.494;0.148;41.73;< 1.0;2.107;< 1.0;0.096;ND;ND;ND;ND
26.956;17/08/2016;TOLIMA;SAN SEBASTIÁN DE MARIQUITA;Caña Panelera;Establecido;Mas de 10 años;Ondulado;Buen drenaje;No Tiene;Ninguno;5.82;9.436;7.387;8.908;ND;ND;2.505;0.559;0.298;< 0.1;3.464;0.205;52.91;1.177;3.602;< 1.0;0.116;ND;ND;ND;ND
26.957;17/08/2016;TOLIMA;SAN SEBASTIÁN DE MARIQUITA;Caña Panelera;Establecido;Mas de 10 años;Pendiente;Buen drenaje;No Tiene;Ninguno;5.68;18.61;5.596;2.805;ND;ND;0.910;0.273;0.157;< 0.1;1.441;0.200;42.56;< 1.0;1.365;< 1.0;0.116;ND;ND;ND;ND
26.958;17/08/2016;TOLIMA;SAN SEBASTIÁN DE MARIQUITA;Caña Panelera;Establecido;Mas de 10 años;Pendiente;Buen drenaje;No Tiene;Ninguno;5.86;15.06;4.004;4.800;ND;ND;3.203;0.676;0.265;< 0.1;4.245;0.193;43.99;< 1.0;2.540;4.001;0.217;ND;ND;ND;ND
26.959;17/08/2016;TOLIMA;SAN SEBASTIÁN DE MARIQUITA;Caña Panelera;Establecido;Mas de 10 años;Pendiente;Buen drenaje;No Tiene;Ninguno;6.14;7.498;5.994;5.269;ND;ND;7.357;1.113;0.154;0.109;8.734;0.115;40.18;1.61;2.584;< 1.0;0.116;ND;ND;ND;ND
26.960;17/08/2016;TOLIMA;SAN SEBASTIÁN DE MARIQUITA;Caña Panelera;Establecido;Mas de 10 años;Pendiente;Buen drenaje;No Tiene;Ninguno;5.22;12.87;5.049;4.917;0.278;0;0.641;0.213;0.705;0.304;2.144;0.692;63.26;1.159;2.402;1.643;0.157;ND;ND;ND;ND
26.961;17/08/2016;TOLIMA;SAN SEBASTIÁN DE MARIQUITA;Caña Panelera;Establecido;De 1 a 5 años;Ondulado;Buen drenaje;No Tiene;Ninguno;5.39;3.630;4.004;5.035;0.350;0.216;4.451;1.949;0.165;0.117;7.034;0.208;51.76;1.852;11.86;1.965;0.096;ND;ND;ND;ND
26.962;17/08/2016;TOLIMA;SAN SEBASTIÁN DE MARIQUITA;Caña Panelera;Establecido;Mas de 10 años;Ondulado;Buen drenaje;No Tiene;Ninguno;5.67;11.60;4.021;7.382;ND;ND;0.606;0.195;0.200;< 0.1;1.103;0.172;59.26;1.387;1.945;< 1.0;0.096;ND;ND;ND;ND
26.963;17/08/2016;TOLIMA;SAN SEBASTIÁN DE MARIQUITA;Caña Panelera;Establecido;De 5 a 10 años;Ondulado;Buen drenaje;No Tiene;CALDOLOMITA HACE 2 SEMANAS;5.82;6.723;5.977;4.565;ND;ND;6.472;1.680;0.162;0.138;8.454;0.172;47.24;1.51;2.415;1.27;0.177;ND;ND;ND;ND
26.964;17/08/2016;TOLIMA;SAN SEBASTIÁN DE MARIQUITA;Caña Panelera;Establecido;Mas de 10 años;Ondulado;Buen drenaje;No Tiene;Ninguno;5.5;12.73;4.552;4.800;ND;ND;1.007;0.358;0.160;< 0.1;1.627;0.136;54.49;1.446;4.147;1.784;0.116;ND;ND;ND;ND
26.965;16/08/2016;CAUCA;PIENDAMÓ;Caña Panelera;Establecido;De 0 a 1 año;Pendiente;No indica;No Tiene;CAL+ABONO ORGANICO;5.43;14.54;6.408;19.58;0.607;0.494;2.173;0.590;0.230;< 0.1;3.702;0.196;59.13;1.831;1.691;1.069;0.116;ND;ND;ND;ND
26.966;16/08/2016;CAUCA;PIENDAMÓ;Caña Panelera;Establecido;De 1 a 5 años;Ondulado;No indica;No Tiene;CAL+ABONO ORGANICO;4.519;19.27;6.276;6.795;2.905;2.165;0.671;0.188;0.171;< 0.1;4.036;0.382;99.65;2.096;3.902;1.587;0.177;ND;ND;ND;ND
26.967;16/08/2016;CAUCA;EL TAMBO;Caña Panelera;Establecido;De 1 a 5 años;Pendiente;No indica;No Tiene;Ninguno;7.63;2.559;229.6;6.795;ND;ND;15.27;2.538;2.451;0.569;20.82;1.457;43.11;3.871;19.53;6.440;0.640;ND;ND;ND;ND
26.968;16/08/2016;CAUCA;PIENDAMÓ;Caña Panelera;Establecido;De 0 a 1 año;Ondulado;No indica;No Tiene;CAL+ABONO ORGANICO;5.68;8.889;5.148;18.18;ND;ND;0.796;0.281;0.238;< 0.1;1.417;0.175;41.12;1.994;< 1.0;< 1.0;0.096;ND;ND;ND;ND
26.976;10/08/2016;CUNDINAMARCA;LA PEÑA;Caña Panelera;Establecido;No indica;Pendiente;Buen drenaje;No Tiene;NO;8.15;3.494;7.398;10.35;ND;ND;34.72;0.752;0.113;< 0.1;35.69;0.454;28.2;4.97;< 1.0;25.87;0.248;ND;ND;ND;ND
26.977;10/08/2016;CUNDINAMARCA;LA PEÑA;Caña Panelera;Establecido;No indica;Pendiente;Buen drenaje;No Tiene;NO;6.86;2.458;11.69;30.82;ND;ND;25.05;1.024;0.193;0.396;26.67;0.457;57.46;8.486;< 1.0;100.5;0.329;ND;ND;ND;ND
26.978;10/08/2016;CUNDINAMARCA;VILLETA;Caña Panelera;Establecido;No indica;Pendiente;Buen drenaje;No Tiene;NO;5.01;2.929;81.07;11.26;2.854;2.206;3.729;0.685;0.198;0.196;7.664;0.214;339.9;2.152;< 1.0;3.422;0.410;ND;ND;ND;ND
26.979;10/08/2016;CUNDINAMARCA;VILLETA;Caña Panelera;Establecido;No indica;Plano;Buen drenaje;No Tiene;NO;7.91;5.576;20.35;15.19;ND;ND;51.02;0.352;0.110;0.137;51.62;0.627;12.50;4.125;1.288;90.75;0.350;ND;ND;ND;ND
26.980;10/08/2016;CUNDINAMARCA;VILLETA;Caña Panelera;Establecido;No indica;Pendiente;Buen drenaje;No Tiene;NO;4.889;2.317;179.6;5.772;2.390;1.794;3.131;0.599;0.284;< 0.1;6.505;0.216;520.0;2.464;1.032;6.720;0.471;ND;ND;ND;ND
26.982;10/08/2016;CUNDINAMARCA;NOCAIMA;Caña Panelera;Establecido;No indica;Pendiente;Buen drenaje;No Tiene;NO;4.599;3.118;6.683;12.18;3.771;3.216;0.745;0.303;0.167;< 0.1;5.087;0.221;432.1;1.585;2.153;4.987;0.410;ND;ND;ND;ND
26.983;10/08/2016;CUNDINAMARCA;ÚTICA;Caña Panelera;Establecido;No indica;Ondulado;Buen drenaje;No Tiene;NO;5.28;1.540;53.76;3.939;0.525;0.319;3.281;0.534;<0.09;< 0.1;4.529;0.219;104.5;2.450;1.816;6.78;0.269;ND;ND;ND;ND
26.984;10/08/2016;CUNDINAMARCA;ÚTICA;Caña Panelera;Establecido;No indica;Pendiente;Buen drenaje;No Tiene;NO;5.18;2.011;<3.87;4.986;1.380;1.000;3.270;0.704;0.128;< 0.1;5.584;0.206;95.54;1.950;2.452;6.142;0.147;ND;ND;ND;ND
26.985;10/08/2016;CUNDINAMARCA;ÚTICA;Caña Panelera;Establecido;No indica;Ondulado;Buen drenaje;No Tiene;NO;4.95;2.341;20.24;7.604;2.689;2.288;1.242;0.205;<0.09;< 0.1;4.312;0.199;416.0;2.423;< 1.0;5.316;0.350;ND;ND;ND;ND
26.986;10/08/2016;CUNDINAMARCA;QUIPILE;Caña Panelera;Establecido;No indica;Ondulado;Buen drenaje;No Tiene;NO;7.25;3.646;26.93;382.4;ND;ND;67.97;6.279;0.224;0.464;74.93;5.736;19.04;6.238;< 1.0;388.6;1.463;ND;ND;ND;ND
26.996;10/08/2016;CUNDINAMARCA;NOCAIMA;Caña Panelera;Establecido;No indica;Ondulado;Buen drenaje;No Tiene;NO;4.889;2.600;25.24;10.48;2.988;2.350;1.270;0.355;0.301;< 0.1;5.015;0.241;342.5;1.635;< 1.0;2.995;0.370;ND;ND;ND;ND
27.034;12/08/2016;VALLE DEL CAUCA;TULUÁ;Caña Panelera;Establecido;De 5 a 10 años;Pendiente;Buen drenaje;No Tiene;NO;5.83;5.576;4.147;5.772;ND;ND;4.790;1.926;0.166;0.107;6.991;0.185;83.06;< 1.0;3.766;< 1.0;0.309;ND;ND;ND;ND
27.035;12/08/2016;VALLE DEL CAUCA;LA CUMBRE;Caña Panelera;Establecido;De 5 a 10 años;Ondulado;Buen drenaje;No Tiene;NO;5.98;8.156;<3.87;10.09;ND;ND;3.602;1.469;0.770;< 0.1;5.942;0.219;72.60;< 1.0;1.433;< 1.0;0.269;ND;ND;ND;ND
27.037;12/08/2016;VALLE DEL CAUCA;VERSALLES;Caña Panelera;Establecido;Mas de 10 años;Ondulado;Buen drenaje;No Tiene;NO;6.37;3.847;7.983;5.510;ND;ND;13.00;2.496;1.804;< 0.1;17.40;0.237;61.92;< 1.0;2.195;30.71;0.228;ND;ND;ND;ND
27.038;12/08/2016;VALLE DEL CAUCA;VERSALLES;Caña Panelera;Establecido;Mas de 10 años;Ondulado;Buen drenaje;No Tiene;NO;6.1;3.787;<3.87;4.986;ND;ND;9.910;1.988;0.347;0.107;12.35;0.193;77.23;< 1.0;3.590;< 1.0;0.248;ND;ND;ND;ND
27.040;12/08/2016;VALLE DEL CAUCA;VERSALLES;Caña Panelera;Establecido;De 1 a 5 años;Ondulado;Buen drenaje;No Tiene;NO;5.93;3.989;<3.87;6.819;ND;ND;9.172;1.808;0.355;0.137;11.47;0.190;98.57;1.529;6.261;3.407;0.188;ND;ND;ND;ND
27.047;12/08/2016;CALDAS;SUPÍA;Caña Panelera;Establecido;De 5 a 10 años;Ondulado;No indica;No Tiene;NO;5.110;3.706;8.243;7.735;6.151;5.165;8.194;2.614;0.261;< 0.1;17.32;0.240;265.0;1.716;9.221;1.202;0.248;ND;ND;ND;ND
27.048;12/08/2016;CALDAS;SUPÍA;Caña Panelera;Establecido;Mas de 10 años;Pendiente;No indica;No Tiene;NO;5.58;5.166;10.51;5.903;ND;ND;13.57;5.835;0.938;< 0.1;20.45;0.234;228.9;7.277;14.47;6.5;0.390;ND;ND;ND;ND
27.049;16/08/2016;BOYACÁ;SANTANA;Caña Panelera;Establecido;De 1 a 5 años;Ondulado;Buen drenaje;No Tiene;QUIMICO;4.66;5.081;63.60;5.739;6.398;4.773;3.956;0.755;0.368;< 0.1;11.57;0.210;965.0;1.552;5.886;3.432;0.136;ND;ND;ND;ND
27.050;16/08/2016;BOYACÁ;MONIQUIRÁ;Caña Panelera;Establecido;De 1 a 5 años;Ondulado;Buen drenaje;No Tiene;QUIMICO;7.17;4.975;79.91;12.07;ND;ND;26.82;1.439;1.783;0.112;30.15;0.663;280.4;1.779;1.540;16.52;0.318;ND;ND;ND;ND
27.051;16/08/2016;BOYACÁ;SANTANA;Caña Panelera;Establecido;De 1 a 5 años;Ondulado;Buen drenaje;No Tiene;QUIMICO;5.42;3.201;9.094;2.922;1.081;0.907;1.245;0.408;0.113;0.103;2.953;0.127;265.3;2.391;11.29;6.075;0.116;ND;ND;ND;ND
27.052;16/08/2016;BOYACÁ;MONIQUIRÁ;Caña Panelera;Establecido;De 1 a 5 años;Ondulado;Buen drenaje;No Tiene;QUIMICO;5.49;3.582;9.359;7.969;0.587;0.319;1.735;0.717;0.250;< 0.1;3.389;0.195;431.5;1.895;8.734;5.060;0.197;ND;ND;ND;ND
27.053;16/08/2016;BOYACÁ;SAN JOSÉ DE PARE;Caña Panelera;Establecido;De 1 a 5 años;Ondulado;Buen drenaje;No Tiene;QUIMICO;5.23;4.272;53.59;12.19;2.905;2.412;1.480;0.401;0.287;< 0.1;5.175;0.293;884.2;2.838;11.41;3.577;0.338;ND;ND;ND;ND
27.054;16/08/2016;BOYACÁ;SAN JOSÉ DE PARE;Caña Panelera;Establecido;De 1 a 5 años;Ondulado;Buen drenaje;No Tiene;QUIMICO;4.940;4.724;57.90;11.60;3.431;2.886;2.171;0.615;0.228;< 0.1;6.546;0.291;872.0;3.405;18.47;3.900;0.318;ND;ND;ND;ND
27.055;16/08/2016;BOYACÁ;MONIQUIRÁ;Caña Panelera;Establecido;De 1 a 5 años;Ondulado;Buen drenaje;No Tiene;QUIMICO;4.91;6.212;10.42;6.795;3.740;3.093;2.733;0.713;0.313;< 0.1;7.600;0.206;502.3;1.177;2.881;2.114;0.318;ND;ND;ND;ND
27.056;16/08/2016;BOYACÁ;CHITARAQUE;Caña Panelera;Establecido;De 1 a 5 años;Ondulado;Buen drenaje;No Tiene;QUIMICO;6.29;3.534;22.55;6.091;ND;ND;15.08;1.253;0.206;0.339;16.88;0.379;101.2;1.703;3.652;1.705;0.197;ND;ND;ND;ND
27.057;16/08/2016;BOYACÁ;SANTANA;Caña Panelera;Establecido;De 1 a 5 años;Ondulado;Buen drenaje;No Tiene;QUIMICO;4.12;10.14;13.28;12.07;9.232;6.341;0.802;0.306;0.285;0.461;11.08;0.691;987.8;1.165;2.415;1.554;0.096;ND;ND;ND;ND
27.058;16/08/2016;BOYACÁ;SAN JOSÉ DE PARE;Caña Panelera;Establecido;De 1 a 5 años;Ondulado;Buen drenaje;No Tiene;QUIMICO;4.53;10.73;25.35;6.443;2.637;2.185;0.781;0.205;0.188;0.108;3.921;0.253;186.9;< 1.0;2.114;1.246;0.277;ND;ND;ND;ND
27.059;16/08/2016;BOYACÁ;MONIQUIRÁ;Caña Panelera;Establecido;De 1 a 5 años;Ondulado;Buen drenaje;No Tiene;QUIMICO;5.23;2.868;12.12;5.035;0.700;0.525;6.523;0.408;0.157;0.173;7.964;0.167;620.5;1.252;4.070;3;0.157;ND;ND;ND;ND
27.060;16/08/2016;BOYACÁ;CHITARAQUE;Caña Panelera;Establecido;De 1 a 5 años;Ondulado;Buen drenaje;No Tiene;QUIMICO;4.58;10.35;23.43;4.800;3.668;2.959;0.865;0.261;0.186;0.113;5.094;0.273;621.6;1.544;11.44;4.395;0.237;ND;ND;ND;ND
27.061;12/08/2016;CALDAS;SUPÍA;Caña Panelera;Establecido;De 1 a 5 años;Ondulado;No indica;No Tiene;NO;5.46;2.505;<3.87;4.070;0.401;0.185;7.791;4.764;0.190;0.108;13.25;0.218;90.99;2.67;6.764;2.046;0.127;ND;ND;ND;ND
27.062;12/08/2016;VALLE DEL CAUCA;BUGALAGRANDE;Caña Panelera;Establecido;De 1 a 5 años;Pendiente;Buen drenaje;No Tiene;NO;6.12;2.317;4.439;4.856;ND;ND;15.53;12.51;<0.09;0.131;28.26;0.205;18.37;1.464;1.877;< 1.0;0.228;ND;ND;ND;ND
27.063;12/08/2016;CALDAS;SUPÍA;Caña Panelera;Establecido;Mas de 10 años;Ondulado;No indica;No Tiene;NO;5.81;1.540;<3.87;7.081;ND;ND;8.927;2.860;0.150;0.198;12.13;0.199;71.69;< 1.0;3.192;< 1.0;0.309;ND;ND;ND;ND
27.064;12/08/2016;CALDAS;SUPÍA;Caña Panelera;Establecido;De 1 a 5 años;Pendiente;No indica;No Tiene;NO;5.64;2.576;5.333;6.034;ND;ND;11.02;4.352;0.490;0.157;16.02;0.308;191.2;< 1.0;5.583;2.245;0.248;ND;ND;ND;ND
27.066;11/08/2016;CUNDINAMARCA;QUEBRADANEGRA;Caña Panelera;Establecido;De 0 a 1 año;Ondulado;Regular drenaje;No Tiene;Ninguno;5.84;1.140;4.699;15.06;ND;ND;19.34;2.733;0.152;< 0.1;22.33;0.183;52.52;1.232;1.365;< 1.0;0.795;ND;ND;ND;ND
27.077;12/08/2016;CALDAS;RIOSUCIO;Caña Panelera;Establecido;No indica;Pendiente;No indica;No Tiene;NO;6.45;2.552;25.81;6.819;ND;ND;18.29;10.47;1.188;0.394;30.35;0.285;17.59;1.593;8.948;1.764;0.329;ND;ND;ND;ND
27.078;12/08/2016;CALDAS;RIOSUCIO;Caña Panelera;Establecido;Mas de 10 años;Pendiente;No indica;No Tiene;NO;5.71;4.530;13.64;5.641;ND;ND;13.72;6.273;1.027;< 0.1;21.12;0.237;214.5;6.687;13.47;5.865;0.188;ND;ND;ND;ND
27.079;12/08/2016;CALDAS;RIOSUCIO;Caña Panelera;Establecido;De 1 a 5 años;Ondulado;No indica;No Tiene;NO;5.82;4.130;4.651;5.772;ND;ND;12.70;2.680;0.523;< 0.1;16.00;0.274;166.1;3.163;8.565;3.730;0.228;ND;ND;ND;ND
27.080;12/08/2016;CALDAS;RIOSUCIO;Caña Panelera;Establecido;De 5 a 10 años;Ondulado;No indica;No Tiene;NO;5.26;2.741;<3.87;5.379;3.266;2.794;5.187;2.608;0.155;< 0.1;11.31;0.190;8.082;< 1.0;17.34;< 1.0;0.208;ND;ND;ND;ND
27.081;12/08/2016;CALDAS;RIOSUCIO;Caña Panelera;Establecido;No indica;Pendiente;No indica;No Tiene;NO;5.81;1.446;4.179;5.248;ND;ND;19.96;13.06;0.439;< 0.1;33.56;0.201;798.5;< 1.0;7.804;3.466;0.228;ND;ND;ND;ND
27.088;12/08/2016;CALDAS;RIOSUCIO;Caña Panelera;Establecido;Mas de 10 años;Ondulado;No indica;No Tiene;NO;6.14;2.129;24.66;9.437;ND;ND;7.301;2.658;1.653;0.139;11.75;0.546;76.76;< 1.0;2.849;4.477;0.289;ND;ND;ND;ND
27.092;12/08/2016;CALDAS;RIOSUCIO;Caña Panelera;Establecido;De 5 a 10 años;Ondulado;No indica;No Tiene;NO;5.26;1.752;4.748;5.510;2.957;2.185;9.974;5.123;0.228;< 0.1;18.38;0.195;151.5;3.168;17.32;2.879;0.208;ND;ND;ND;ND
27.236;22/09/2016;TOLIMA;SAN SEBASTIÁN DE MARIQUITA;Caña Panelera;Establecido;Mas de 10 años;Pendiente;Buen drenaje;No Tiene;Ninguno;5.56;7.745;3.755;2.636;ND;ND;2.183;0.542;0.143;< 0.1;2.968;0.126;62.07;< 1.0;1.655;4.817;0.175;ND;ND;ND;ND
27.283;22/09/2016;TOLIMA;SAN SEBASTIÁN DE MARIQUITA;Caña Panelera;Establecido;Mas de 10 años;Pendiente;Buen drenaje;No Tiene;Ninguno;5.4;10.27;4.005;4.959;0.478;0.338;7.846;0.665;0.316;0.168;9.475;0.355;73.01;< 1.0;14.80;3.190;0.386;ND;ND;ND;ND
27.284;22/09/2016;TOLIMA;SAN SEBASTIÁN DE MARIQUITA;Caña Panelera;Establecido;Mas de 10 años;Ondulado;Buen drenaje;No Tiene;Ninguno;5.7;8.516;4.894;3.046;ND;ND;2.603;0.682;0.188;< 0.1;3.574;0.142;52.03;< 1.0;4.096;6.404;0.175;ND;ND;ND;ND
27.336;23/09/2016;BOYACÁ;SAN JOSÉ DE PARE;Caña Panelera;Establecido;No indica;Ondulado;No indica;No Tiene;QUIMICO;4.639;7.071;7.367;11.37;5.262;3.900;1.521;0.299;0.327;0.114;7.525;0.351;604.4;< 1.0;2.041;< 1.0;0.290;ND;ND;ND;ND
27.699;8/09/2016;TOLIMA;SAN SEBASTIÁN DE MARIQUITA;Caña Panelera;Establecido;Mas de 10 años;Ondulado;Buen drenaje;No Tiene;Ninguno;5.57;3.037;<3.87;7.125;ND;ND;7.257;2.272;0.139;< 0.1;9.768;0.238;89.66;< 1.0;12.15;1.306;0.145;ND;ND;ND;ND
27.959;8/09/2016;TOLIMA;SAN SEBASTIÁN DE MARIQUITA;Caña Panelera;Establecido;De 5 a 10 años;Ondulado;Buen drenaje;No Tiene;Ninguno;5.83;15.61;<3.87;3.930;ND;ND;7.499;1.869;0.458;< 0.1;9.926;0.422;43.69;2.331;2.988;9.925;0.105;ND;ND;ND;ND
27.960;8/09/2016;TOLIMA;SAN SEBASTIÁN DE MARIQUITA;Caña Panelera;Establecido;Mas de 10 años;Plano;Buen drenaje;No Tiene;Ninguno;5.59;9.748;<3.87;3.375;ND;ND;3.130;0.410;0.135;0.206;3.882;0.215;79.16;< 1.0;2.328;< 1.0;0.165;ND;ND;ND;ND
27.961;8/09/2016;TOLIMA;SAN SEBASTIÁN DE MARIQUITA;Caña Panelera;Establecido;Mas de 10 años;Pendiente;Buen drenaje;No Tiene;Ninguno;5.85;12.50;<3.87;2.263;ND;ND;2.341;0.317;<0.09;0.304;3.035;0.214;49.55;< 1.0;1.508;< 1.0;0.145;ND;ND;ND;ND
27.962;8/09/2016;TOLIMA;SAN SEBASTIÁN DE MARIQUITA;Caña Panelera;Establecido;Mas de 10 años;Ondulado;Buen drenaje;No Tiene;GALLINAZA HACE 2 MESES;5.86;17.96;<3.87;2.819;ND;ND;3.516;0.647;0.121;0.125;4.410;0.117;60.10;1.208;4.532;5.16;0.125;ND;ND;ND;ND
27.963;8/09/2016;TOLIMA;SAN SEBASTIÁN DE MARIQUITA;Caña Panelera;Establecido;Mas de 10 años;Ondulado;Buen drenaje;No Tiene;Ninguno;6;12.30;<3.87;2.680;ND;ND;4.392;1.435;0.212;< 0.1;6.141;0.175;39.32;< 1.0;2.530;9.541;0.125;ND;ND;ND;ND
27.964;8/09/2016;TOLIMA;SAN SEBASTIÁN DE MARIQUITA;Caña Panelera;Establecido;Mas de 10 años;Ondulado;Buen drenaje;No Tiene;Ninguno;5.81;9.697;<3.87;6.013;ND;ND;2.104;0.477;0.196;< 0.1;2.879;0.178;46.17;< 1.0;3.407;< 1.0;0.125;ND;ND;ND;ND
27.965;8/09/2016;TOLIMA;SAN SEBASTIÁN DE MARIQUITA;Caña Panelera;Establecido;Mas de 10 años;Ondulado;Buen drenaje;No Tiene;Ninguno;5.7;12.76;<3.87;2.263;ND;ND;1.988;0.438;0.110;< 0.1;2.636;0.138;62.39;< 1.0;3.866;< 1.0;0.125;ND;ND;ND;ND
27.966;8/09/2016;TOLIMA;SAN SEBASTIÁN DE MARIQUITA;Caña Panelera;Establecido;Mas de 10 años;Ondulado;Buen drenaje;No Tiene;Ninguno;5.79;15.72;<3.87;2.402;ND;ND;1.332;0.343;0.206;< 0.1;1.983;0.206;52.12;< 1.0;1.621;< 1.0;0.105;ND;ND;ND;ND
27.967;8/09/2016;TOLIMA;SAN SEBASTIÁN DE MARIQUITA;Caña Panelera;Establecido;Mas de 10 años;Plano;Buen drenaje;No Tiene;Ninguno;5.14;3.343;<3.87;5.180;1.548;1.199;0.789;0.313;0.091;0.190;2.933;0.089;89.49;< 1.0;4.546;< 1.0;0.125;ND;ND;ND;ND
27.968;8/09/2016;TOLIMA;SAN SEBASTIÁN DE MARIQUITA;Caña Panelera;Establecido;Mas de 10 años;Pendiente;Buen drenaje;No Tiene;Ninguno;5.32;12.86;<3.87;1.430;0.364;0.219;0.571;<0.20;0.530;0.240;1.886;0.841;62.37;< 1.0;2.267;1.322;0.165;ND;ND;ND;ND
27.969;8/09/2016;TOLIMA;SAN SEBASTIÁN DE MARIQUITA;Caña Panelera;Establecido;Mas de 10 años;Pendiente;Buen drenaje;No Tiene;Ninguno;5.75;10.79;<3.87;1.430;ND;ND;0.737;0.222;0.101;0.298;1.360;0.161;39.66;< 1.0;2.305;< 1.0;0.125;ND;ND;ND;ND
27.970;8/09/2016;TOLIMA;SAN SEBASTIÁN DE MARIQUITA;Caña Panelera;Establecido;Mas de 10 años;Ondulado;Buen drenaje;No Tiene;Ninguno;5.51;3.215;<3.87;1.847;ND;ND;4.141;1.117;<0.09;< 0.1;5.431;0.112;63.73;< 1.0;2.974;< 1.0;0.145;ND;ND;ND;ND
27.971;8/09/2016;TOLIMA;SAN SEBASTIÁN DE MARIQUITA;Caña Panelera;Establecido;Mas de 10 años;Ondulado;Buen drenaje;No Tiene;Ninguno;5.73;7.426;<3.87;3.930;ND;ND;0.749;0.261;0.090;< 0.1;1.201;0.105;60.12;< 1.0;1.487;< 1.0;0.145;ND;ND;ND;ND
27.973;8/09/2016;TOLIMA;SAN SEBASTIÁN DE MARIQUITA;Caña Panelera;Establecido;Mas de 10 años;Pendiente;Buen drenaje;No Tiene;Ninguno;5.62;13.32;<3.87;1.986;ND;ND;1.736;0.349;<0.09;0.177;2.336;0.110;54.91;< 1.0;3.881;< 1.0;0.145;ND;ND;ND;ND
27.974;8/09/2016;TOLIMA;SAN SEBASTIÁN DE MARIQUITA;Caña Panelera;Establecido;Mas de 10 años;Ondulado;Buen drenaje;No Tiene;Ninguno;6.37;11.79;<3.87;6.847;ND;ND;1.415;0.286;0.091;0.198;1.992;0.294;50.54;< 1.0;1.386;1.481;0.204;ND;ND;ND;ND
27.975;8/09/2016;TOLIMA;SAN SEBASTIÁN DE MARIQUITA;Caña Panelera;Establecido;Mas de 10 años;Ondulado;Buen drenaje;No Tiene;Ninguno;5.94;10.92;<3.87;2.125;ND;ND;2.851;0.522;<0.09;< 0.1;3.540;0.112;50.99;< 1.0;2.738;< 1.0;0.125;ND;ND;ND;ND
27.976;8/09/2016;TOLIMA;SAN SEBASTIÁN DE MARIQUITA;Caña Panelera;Establecido;Mas de 10 años;Pendiente;Buen drenaje;No Tiene;Ninguno;5.76;11.33;<3.87;2.125;ND;ND;2.642;0.633;0.137;< 0.1;3.513;0.171;61.40;1.504;1.155;4.490;0.185;ND;ND;ND;ND
28.001;16/09/2016;ANTIOQUIA;EL SANTUARIO;Caña Panelera;Establecido;De 5 a 10 años;Ondulado;Regular drenaje;No Tiene;Ninguno;6.11;3.700;20.16;5.741;ND;ND;3.197;0.221;<0.09;< 0.1;3.579;0.086;112.5;2.54;1.562;< 1.0;0.214;ND;ND;ND;ND
29.224;23/12/2016;RISARALDA;QUINCHÍA;Caña Panelera;Establecido;De 5 a 10 años;Ondulado;Buen drenaje;No Tiene;NO;6.18;1.765;8.621;4.339;ND;ND;4.930;1.819;<0.09;0.130;6.941;0.137;45.27;3.491;3.875;< 1.0;0.099;ND;ND;ND;ND
29.980;19/12/2016;BOYACÁ;CHITARAQUE;Caña Panelera;Establecido;De 1 a 5 años;Plano;Regular drenaje;No Tiene;NO;4.83;4.475;28.36;10.01;2.382;2.204;2.001;0.536;0.139;0.169;5.228;0.222;937.9;< 1.0;2.179;< 1.0;0.139;ND;ND;ND;ND
30.430;21/11/2016;TOLIMA;SAN SEBASTIÁN DE MARIQUITA;Caña Panelera;Establecido;De 5 a 10 años;Ondulado;Buen drenaje;No Tiene;Ninguno;6.46;4.144;221.1;4.462;ND;ND;4.215;0.288;0.372;< 0.1;4.976;0.219;65.79;4.413;1.395;73.18;0.203;ND;ND;ND;ND
30.714;15/11/2016;CUNDINAMARCA;ÚTICA;Caña Panelera;Establecido;De 5 a 10 años;Pendiente;Buen drenaje;No indica;No indica;8.539;1.931;<3.87;10.26;ND;ND;55.13;0.276;<0.09;0.127;55.60;0.535;10.33;3.543;< 1.0;13.25;0.360;ND;ND;ND;ND
30.736;15/11/2016;CUNDINAMARCA;ÚTICA;Caña Panelera;Establecido;Mas de 10 años;Pendiente;Buen drenaje;No indica;BIOCANE;8.44;3.305;<3.87;12.25;ND;ND;43.97;1.198;<0.09;< 0.1;45.33;0.533;20.44;3.822;< 1.0;23.65;0.461;ND;ND;ND;ND
31.678;24/02/2016;CUNDINAMARCA;VILLETA;Caña Panelera;Establecido;No indica;Ondulado;Regular drenaje;No Tiene;UREA-GALLINAZA-KCL;5.08;3.843;5.724;13.26;0.083;0;10.40;2.378;0.206;0.465;13.53;0.622;300.9;1.98;13.74;2.896;0.081;ND;ND;ND;ND
31.948;1/03/2016;ANTIOQUIA;RIONEGRO;Caña Panelera;Establecido;De 1 a 5 años;Ondulado;Buen drenaje;No Tiene;DAP, KCL, UREA, CAL DOLOMITA, ELEMENTOS < Y M.O.;4.809;5.164;3.513;7.571;1.402;1.059;1.003;0.391;0.152;0.247;3.198;0.207;382.1;1.54;1.867;< 1.0;0.161;ND;ND;ND;ND
31.949;1/03/2016;ANTIOQUIA;RIONEGRO;Caña Panelera;Establecido;De 1 a 5 años;Plano;Regular drenaje;No Tiene;DAP, KCL, UREA, CAL DOLOMITA, ELEMENTOS < Y M.O.;5.09;4.949;12.93;4.660;1.319;1.100;3.162;1.214;0.139;0.375;6.212;0.205;366.0;5.203;3.439;1.573;0.186;ND;ND;ND;ND
32.001;1/03/2016;ANTIOQUIA;RIONEGRO;Caña Panelera;Establecido;De 1 a 5 años;Pendiente;Buen drenaje;No Tiene;DAP, KCL, UREA, CAL DOLOMITA, ELEMENTOS < Y M.O.;4.74;2.719;5.783;4.793;1.090;0.784;1.674;0.820;0.152;0.289;4.027;0.217;200.1;1.5;3.366;< 1.0;0.161;ND;ND;ND;ND
32.090;10/02/2016;CUNDINAMARCA;SASAIMA;Caña Panelera;Establecido;Mas de 10 años;Ondulado;Regular drenaje;No Tiene;ORGANICO;5.07;2.878;20.02;4.659;1.221;0.864;5.779;0.587;0.108;0.249;7.946;0.271;672.0;8.506;4.282;18.68;0.127;ND;ND;ND;ND
32.107;10/02/2016;CUNDINAMARCA;SASAIMA;Caña Panelera;Establecido;Mas de 10 años;Ondulado;Regular drenaje;No Tiene;ORGANICO;6.35;3.489;51.24;5.805;ND;ND;15.28;0.674;0.108;0.383;16.44;0.359;152.2;7.08;1.548;70.96;0.199;ND;ND;ND;ND
32.111;10/02/2016;CUNDINAMARCA;SASAIMA;Caña Panelera;Establecido;Mas de 10 años;Ondulado;Buen drenaje;No Tiene;ORGANICO;4.92;4.466;13.40;8.671;1.350;1.077;4.765;0.789;0.135;0.128;7.169;0.502;488.3;1.640;3.190;8.766;0.199;ND;ND;ND;ND
32.113;10/02/2016;CUNDINAMARCA;SASAIMA;Caña Panelera;Establecido;Mas de 10 años;Ondulado;Regular drenaje;No Tiene;ORGANICO;4.38;3.001;9.739;4.945;5.113;4.684;2.539;0.436;0.107;0.318;8.516;0.368;692.1;3.338;3.159;14.41;0.103;ND;ND;ND;ND
32.119;10/02/2016;BOYACÁ;MONIQUIRÁ;Caña Panelera;Establecido;No indica;Plano;No indica;No Tiene;SI (18-18-18);4.599;2.927;10.54;5.088;3.445;3.062;1.689;0.620;0.265;0.239;6.259;0.264;606.8;< 1.0;6.193;< 1.0;0.366;ND;ND;ND;ND
32.121;10/02/2016;CUNDINAMARCA;SASAIMA;Caña Panelera;Establecido;Mas de 10 años;Plano;Buen drenaje;No Tiene;Ninguno;5.36;2.512;18.89;8.098;0.148;0;6.215;0.783;0.113;0.177;7.439;0.250;287.5;3.348;17.44;34.16;0.127;ND;ND;ND;ND
32.123;10/02/2016;CUNDINAMARCA;SASAIMA;Caña Panelera;Establecido;Mas de 10 años;Ondulado;Buen drenaje;No Tiene;Ninguno;7.96;2.341;12.91;9.818;ND;ND;46.93;1.139;<0.09;0.078;48.16;0.652;30.85;5.315;1.036;49.5;0.151;ND;ND;ND;ND
32.126;10/02/2016;CUNDINAMARCA;SASAIMA;Caña Panelera;Establecido;De 5 a 10 años;Pendiente;Buen drenaje;No Tiene;ORGANICO;4.91;3.904;17.34;5.662;1.707;1.461;5.296;1.064;0.254;0.349;8.673;0.330;358.2;2.056;3.242;11.76;0.151;ND;ND;ND;ND
32.135;10/02/2016;CUNDINAMARCA;SASAIMA;Caña Panelera;Establecido;Mas de 10 años;Ondulado;Regular drenaje;No Tiene;15,15,15 Y ORGANICO;6.2;2.390;49.09;4.229;ND;ND;16.78;0.816;<0.09;0.289;17.94;0.315;235.0;8.590;1.653;61.89;0.199;ND;ND;ND;ND
32.136;10/02/2016;CUNDINAMARCA;SASAIMA;Caña Panelera;Establecido;Mas de 10 años;Pendiente;Regular drenaje;No Tiene;Ninguno;6.47;2.121;12.86;5.805;ND;ND;21.74;0.463;<0.09;0.258;22.53;0.448;199.2;3.468;1.492;8.625;0.127;ND;ND;ND;ND
32.137;10/02/2016;CUNDINAMARCA;SASAIMA;Caña Panelera;Establecido;De 5 a 10 años;Ondulado;Buen drenaje;No Tiene;ORGANICO;4.400;3.001;9.664;4.659;6.086;5.143;2.174;0.479;0.135;0.275;9.150;0.327;609.8;3.53;1.597;5.794;0.222;ND;ND;ND;ND
32.200;10/02/2016;CUNDINAMARCA;SASAIMA;Caña Panelera;Establecido;De 5 a 10 años;Ondulado;Buen drenaje;No Tiene;Ninguno;5.03;2.610;23.53;5.232;3.217;2.657;8.305;0.390;<0.09;0.116;12.11;0.225;510.4;8.364;2.675;42.26;0.151;ND;ND;ND;ND
32.267;10/02/2016;CUNDINAMARCA;SASAIMA;Caña Panelera;Establecido;Mas de 10 años;Plano;Regular drenaje;No Tiene;Ninguno;7.53;5.150;15.96;17.41;ND;ND;32.78;1.080;<0.09;0.259;34.17;0.775;27.21;7.153;< 1.0;66.14;0.199;ND;ND;ND;ND
32.283;10/02/2016;CUNDINAMARCA;SASAIMA;Caña Panelera;Establecido;Mas de 10 años;Pendiente;Buen drenaje;No Tiene;Ninguno;7.27;2.634;9.424;5.948;ND;ND;20.79;0.519;<0.09;0.053;21.38;0.348;23.34;2.133;1.173;6.198;0.342;ND;ND;ND;ND
32.285;10/02/2016;CUNDINAMARCA;SASAIMA;Caña Panelera;Establecido;Mas de 10 años;Ondulado;Regular drenaje;No Tiene;ORGANICO;5.56;5.711;33.10;17.12;ND;ND;5.972;1.078;0.473;0.120;7.646;0.490;222.0;7.448;4.096;23.28;0.199;ND;ND;ND;ND
32.294;10/02/2016;CUNDINAMARCA;SASAIMA;Caña Panelera;Establecido;Mas de 10 años;Ondulado;Regular drenaje;No Tiene;Ninguno;5.5;3.098;35.72;4.659;ND;ND;10.04;0.494;<0.09;0.104;10.69;0.314;504.5;10.51;3.652;100.6;0.222;ND;ND;ND;ND
32.871;5/04/2016;NARIÑO;ANCUYA;Caña Panelera;Establecido;De 1 a 5 años;Pendiente;Buen drenaje;No Tiene;13-26-6, 2000 Kg PARA 6 HA;5.91;2.682;16.91;2.887;ND;ND;14.23;2.732;0.650;0.431;18.04;0.383;68.91;< 1.0;8.148;3.210;0.071;ND;ND;ND;ND
32.966;14/03/2016;CAQUETÁ;FLORENCIA;Caña Panelera;Establecido;Mas de 10 años;Ondulado;Regular drenaje;No Tiene;No indica;4.72;1.732;<3.87;19.02;1.955;1.649;0.725;0.302;<0.09;0.606;3.649;0.116;66.44;1.211;2.572;< 1.0;0.186;ND;ND;ND;ND
32.967;14/03/2016;CAQUETÁ;BELÉN DE LOS ANDAQUÍES;Caña Panelera;Establecido;De 1 a 5 años;Plano;Regular drenaje;No Tiene;CAL DOLOMITA 250GR POR MATA;;;;;;;;;;;;;;;;;;;;;
32.968;14/03/2016;CAQUETÁ;CURILLO;Caña Panelera;Establecido;De 1 a 5 años;Ondulado;Buen drenaje;No Tiene;CAL DOLOMITA 160GR POR MATA;4.400;1.207;<3.87;15.20;5.447;4.051;1.020;0.293;<0.09;0.448;7.284;0.142;505.2;1.476;2.777;< 1.0;0.117;ND;ND;ND;ND
32.969;14/03/2016;CAQUETÁ;FLORENCIA;Caña Panelera;Establecido;Mas de 10 años;Ondulado;Regular drenaje;No Tiene;No indica;5.17;2.186;<3.87;16.00;0.753;0.675;1.115;0.382;0.159;0.320;2.731;0.124;70.42;1.988;4.224;2.888;0.094;ND;ND;ND;ND
32.971;14/03/2016;CAQUETÁ;ALBANIA;Caña Panelera;Establecido;De 1 a 5 años;Plano;Regular drenaje;No Tiene;No indica;4.57;2.358;<3.87;24.43;1.682;1.234;0.739;0.313;0.179;0.782;3.697;0.270;146.7;2.624;7.37;1.734;0.140;ND;ND;ND;ND
32.973;14/03/2016;CAQUETÁ;FLORENCIA;Caña Panelera;Establecido;Mas de 10 años;Plano;Regular drenaje;No Tiene;CAL DOLOMITA Y ROCA FOSFORICA 100GR POR MATA;4.889;2.446;<3.87;18.23;0.127;0.096;2.046;0.499;<0.09;0.389;3.135;0.165;85.24;1.61;10.38;1.034;0.256;ND;ND;ND;ND
32.974;14/03/2016;CAQUETÁ;ALBANIA;Caña Panelera;Establecido;De 5 a 10 años;Ondulado;Regular drenaje;No Tiene;ABONO ORGANICO;4.82;1.469;5.273;22.36;1.858;1.379;0.708;0.282;<0.09;0.434;3.324;0.105;59.41;1.023;< 1.0;< 1.0;0.117;ND;ND;ND;ND
32.975;14/03/2016;CAQUETÁ;FLORENCIA;Caña Panelera;Establecido;Mas de 10 años;Pendiente;Regular drenaje;No Tiene;No indica;4.690;1.965;20.69;16.16;1.398;1.118;0.659;0.253;<0.09;0.346;2.721;0.156;70.90;1.218;3.093;< 1.0;0.326;ND;ND;ND;ND
32.979;14/03/2016;CAQUETÁ;SAN JOSÉ DEL FRAGUA;Caña Panelera;Establecido;Mas de 10 años;Ondulado;Buen drenaje;No Tiene;No indica;4.26;3.099;<3.87;16.32;2.219;1.900;0.696;0.287;0.104;0.352;3.661;0.314;314.4;1.676;2.093;1.21;0.117;ND;ND;ND;ND
32.981;14/03/2016;CAQUETÁ;ALBANIA;Caña Panelera;Establecido;Mas de 10 años;Plano;Buen drenaje;No Tiene;CAL VIVA;4.26;3.126;<3.87;17.11;2.640;2.199;0.803;0.304;0.123;0.351;4.223;0.237;317.1;1.854;3.044;< 1.0;0.163;ND;ND;ND;ND
32.982;14/03/2016;CAQUETÁ;FLORENCIA;Caña Panelera;Establecido;Mas de 10 años;Pendiente;Regular drenaje;No Tiene;No indica;5.08;1.759;<3.87;15.52;0.674;0.617;1.372;0.542;0.115;0.522;3.226;0.217;81.37;2.556;20.93;< 1.0;0.140;ND;ND;ND;ND
32.983;14/03/2016;CAQUETÁ;SAN VICENTE DEL CAGUÁN;Caña Panelera;Establecido;De 1 a 5 años;Ondulado;Buen drenaje;No Tiene;CAL DOLOMITA 300GR POR MATA;4.83;2.650;<3.87;12.97;4.566;3.771;6.259;1.950;0.138;0.658;13.57;0.225;204.9;2.298;25.19;1.638;0.117;ND;ND;ND;ND
32.985;14/03/2016;CAQUETÁ;SAN JOSÉ DEL FRAGUA;Caña Panelera;Establecido;Mas de 10 años;Ondulado;Regular drenaje;No Tiene;ORGANICO;4.72;2.051;<3.87;15.04;1.417;1.224;1.068;0.374;<0.09;0.409;3.326;0.144;170.0;1.444;2.432;< 1.0;0.117;ND;ND;ND;ND
32.986;14/03/2016;CAQUETÁ;PUERTO RICO;Caña Panelera;Establecido;De 1 a 5 años;Ondulado;Buen drenaje;No Tiene;No indica;4.49;1.465;<3.87;14.73;5.799;4.986;0.412;0.213;<0.09;0.450;6.921;0.101;665.5;< 1.0;1.048;< 1.0;0.094;ND;ND;ND;ND
32.987;14/03/2016;CAQUETÁ;VALPARAÍSO;Caña Panelera;Establecido;Mas de 10 años;Ondulado;Buen drenaje;No indica;No indica;4.66;1.690;30.42;12.97;6.767;5.797;1.067;0.304;0.127;0.359;8.626;0.113;409.4;1.435;2.906;< 1.0;0.117;ND;ND;ND;ND
32.988;14/03/2016;CAQUETÁ;MORELIA;Caña Panelera;Establecido;De 1 a 5 años;Ondulado;Buen drenaje;No indica;No indica;4.309;1.217;<3.87;14.57;6.102;5.353;0.433;0.277;0.126;0.391;7.330;0.138;712.7;1.076;< 1.0;< 1.0;0.163;ND;ND;ND;ND
32.990;14/03/2016;CAQUETÁ;LA MONTAÑITA;Caña Panelera;Establecido;De 1 a 5 años;Ondulado;Regular drenaje;No Tiene;CAL AGRICOLA 500KG PARA 1 Ha;;;;;;;;;;;;;;;;;;;;;
33.007;14/03/2016;CAQUETÁ;ALBANIA;Caña Panelera;Establecido;Mas de 10 años;Plano;Regular drenaje;No Tiene;DULFOST 100KG PARA 1Ha;4.7;2.220;26.90;13.61;1.574;1.205;0.729;0.270;0.100;0.359;3.034;0.151;69.41;1.575;6.187;< 1.0;0.186;ND;ND;ND;ND
33.008;14/03/2016;CAQUETÁ;FLORENCIA;Caña Panelera;Establecido;De 1 a 5 años;Ondulado;Buen drenaje;No indica;No indica;4.900;1.438;27.07;12.50;1.545;1.167;0.556;0.222;<0.09;0.790;3.151;0.088;78.60;1.658;1.569;< 1.0;0.186;ND;ND;ND;ND
33.009;14/03/2016;CAQUETÁ;VALPARAÍSO;Caña Panelera;Establecido;De 5 a 10 años;Ondulado;Regular drenaje;No Tiene;No indica;4.49;1.818;31.65;17.75;5.916;4.822;1.921;0.494;0.159;0.818;9.310;0.209;577.0;1.776;2.903;< 1.0;0.140;ND;ND;ND;ND
33.035;14/03/2016;CAQUETÁ;ALBANIA;Caña Panelera;Establecido;De 5 a 10 años;Ondulado;Buen drenaje;No Tiene;ROCA FOSFORICA 100GR POR MATA;4.92;1.877;<3.87;11.86;1.427;1.263;0.953;0.285;<0.09;0.450;3.171;0.103;143.2;1.237;1.544;< 1.0;0.140;ND;ND;ND;ND
33.071;14/03/2016;CAQUETÁ;SAN VICENTE DEL CAGUÁN;Caña Panelera;Establecido;De 1 a 5 años;Ondulado;Buen drenaje;No Tiene;NO;5.74;0.807;<3.87;11.86;1.779;1.360;15.32;4.296;<0.09;0.349;21.82;0.101;35.37;1.218;4.908;< 1.0;0.117;ND;ND;ND;ND
33.162;14/03/2016;CAQUETÁ;FLORENCIA;Caña Panelera;Establecido;De 5 a 10 años;Ondulado;Regular drenaje;No indica;No indica;4.58;1.241;<3.87;12.34;1.427;1.311;0.448;0.202;<0.09;0.343;2.501;0.139;69.71;< 1.0;4.426;< 1.0;0.186;ND;ND;ND;ND
33.167;14/03/2016;CAQUETÁ;FLORENCIA;Caña Panelera;Establecido;Mas de 10 años;Pendiente;Regular drenaje;No Tiene;No indica;4.82;2.215;<3.87;19.34;1.261;1.070;0.652;0.294;0.132;0.288;2.629;0.153;74.7;2.302;3.985;< 1.0;0.094;ND;ND;ND;ND
33.168;14/03/2016;CAQUETÁ;LA MONTAÑITA;Caña Panelera;Establecido;Mas de 10 años;Ondulado;Regular drenaje;No Tiene;UREA BULTO 50KG PARA 1 Ha;;;;;;;;;;;;;;;;;;;;;
33.169;14/03/2016;CAQUETÁ;FLORENCIA;Caña Panelera;Establecido;Mas de 10 años;Pendiente;Regular drenaje;No Tiene;No indica;4.769;1.847;<3.87;12.82;1.906;1.668;1.800;0.344;0.136;0.416;4.604;0.114;72.02;< 1.0;2.976;< 1.0;0.163;ND;ND;ND;ND
33.172;14/03/2016;CAQUETÁ;CURILLO;Caña Panelera;Establecido;De 1 a 5 años;Ondulado;Buen drenaje;No Tiene;ABONO ORGANICO, HECES DE VACA 1KG POR MATA;4.650;1.376;<3.87;16.32;5.183;3.800;1.179;0.387;0.181;0.390;7.320;0.153;572.4;1.439;6.642;< 1.0;0.140;ND;ND;ND;ND
33.173;14/03/2016;CAQUETÁ;MORELIA;Caña Panelera;Establecido;De 1 a 5 años;Plano;Buen drenaje;No Tiene;CAL DOLOMITA 100GR POR MATA;4.93;1.609;<3.87;16.95;2.865;2.208;1.634;0.862;0.771;0.301;6.436;0.230;382.6;1.275;7.359;3.149;0.163;ND;ND;ND;ND
33.185;14/03/2016;CAQUETÁ;ALBANIA;Caña Panelera;Establecido;Mas de 10 años;Plano;Regular drenaje;No Tiene;No indica;4.32;2.174;70.89;16.48;6.297;4.977;0.496;0.222;<0.09;0.516;7.611;0.184;371.7;1.093;3.085;< 1.0;0.163;ND;ND;ND;ND
33.186;14/03/2016;CAQUETÁ;FLORENCIA;Caña Panelera;Establecido;Mas de 10 años;Ondulado;Regular drenaje;No Tiene;CAL DOLOMITA 150GR POR MATA;;;;;;;;;;;;;;;;;;;;;
33.193;14/03/2016;CAQUETÁ;FLORENCIA;Caña Panelera;Establecido;Mas de 10 años;Ondulado;Buen drenaje;No Tiene;No indica;5.18;1.055;<3.87;19.18;0.518;0.395;1.882;0.414;0.260;0.863;3.939;0.255;35.60;1.308;6;< 1.0;0.094;ND;ND;ND;ND
33.194;14/03/2016;CAQUETÁ;CURILLO;Caña Panelera;Establecido;De 1 a 5 años;Ondulado;Regular drenaje;No Tiene;No indica;4.650;1.926;4.215;15.68;4.214;3.568;1.198;0.405;0.119;0.299;6.237;0.164;505.6;1.968;5.403;4.806;0.256;ND;ND;ND;ND
33.195;14/03/2016;CAQUETÁ;EL PAUJÍL;Caña Panelera;Establecido;De 1 a 5 años;Pendiente;Buen drenaje;No Tiene;No indica;4.690;2.718;3.530;13.29;1.056;0.733;3.525;1.034;0.321;0.425;6.362;0.406;255.0;2.758;19.34;4.894;0.210;ND;ND;ND;ND
33.196;14/03/2016;CAQUETÁ;EL PAUJÍL;Caña Panelera;Establecido;Mas de 10 años;Pendiente;Buen drenaje;No Tiene;No indica;4.78;1.977;<3.87;16.48;2.092;1.929;2.008;0.472;<0.09;0.364;5.019;0.174;600.4;2.450;3.363;< 1.0;0.302;ND;ND;ND;ND
33.198;14/03/2016;CAQUETÁ;FLORENCIA;Caña Panelera;Establecido;De 1 a 5 años;Ondulado;Buen drenaje;No Tiene;FOSFORICA;4.95;1.739;<3.87;15.84;0.655;0.347;1.116;0.458;0.119;0.340;2.689;0.134;41.17;1.228;3.673;< 1.0;0.117;ND;ND;ND;ND
33.199;14/03/2016;CAQUETÁ;SAN JOSÉ DEL FRAGUA;Caña Panelera;Establecido;Mas de 10 años;Plano;Buen drenaje;No Tiene;No indica;5.96;2.017;29.34;17.11;ND;ND;4.962;2.029;0.357;0.417;7.766;0.188;99.66;6.016;1.625;5.85;0.465;ND;ND;ND;ND
33.220;14/03/2016;CAQUETÁ;SAN JOSÉ DEL FRAGUA;Caña Panelera;Establecido;De 5 a 10 años;Ondulado;Regular drenaje;No Tiene;No indica;4.57;2.704;<3.87;14.88;1.515;1.167;1.033;0.343;0.100;0.309;3.302;0.219;254.0;1.468;1.547;< 1.0;0.094;ND;ND;ND;ND
33.222;14/03/2016;CAQUETÁ;FLORENCIA;Caña Panelera;Establecido;De 5 a 10 años;Pendiente;Regular drenaje;No Tiene;No indica;4.730;4.983;<3.87;15.84;1.261;1.041;1.657;0.565;0.243;0.510;4.238;0.336;356.7;6.409;12.18;1.85;0.186;ND;ND;ND;ND
33.249;14/03/2016;CAQUETÁ;FLORENCIA;Caña Panelera;Establecido;Mas de 10 años;Ondulado;Buen drenaje;No Tiene;NO;4.940;1.791;<3.87;17.43;1.349;0.993;1.593;0.445;0.176;0.542;4.107;0.089;63.53;5.813;4.718;9.835;0.117;ND;ND;ND;ND
33.250;14/03/2016;CAQUETÁ;EL PAUJÍL;Caña Panelera;Establecido;Mas de 10 años;Ondulado;Buen drenaje;No Tiene;NO;4.51;1.300;<3.87;12.50;3.872;3.173;1.170;0.332;0.135;0.364;5.874;0.149;600.4;1.839;2.939;1.669;0.163;ND;ND;ND;ND
33.376;14/01/2016;BOYACÁ;CHITARAQUE;Caña Panelera;Establecido;No indica;Pendiente;No indica;No Tiene;NO;5.08;5.737;13.28;4.774;2.495;2.020;3.488;0.404;0.221;0.258;6.868;0.175;402.6;1.177;6.588;1.536;0.088;ND;ND;ND;ND
33.378;14/01/2016;BOYACÁ;CHITARAQUE;Caña Panelera;Establecido;No indica;Pendiente;No indica;No Tiene;NO;4.97;7.178;10.14;7.513;2.572;2.078;4.535;1.199;1.038;0.121;9.467;0.204;538.0;1.459;13.64;3.691;0.339;ND;ND;ND;ND
33.380;14/01/2016;BOYACÁ;SAN JOSÉ DE PARE;Caña Panelera;Establecido;No indica;Ondulado;No indica;No Tiene;NO;5.68;4.944;6.365;5.608;ND;ND;15.78;1.632;0.168;0.117;17.70;0.392;115.0;1.087;14.36;3.864;0.171;ND;ND;ND;ND
33.547;14/01/2016;SANTANDER;GÜEPSA;Caña Panelera;Establecido;No indica;Pendiente;No indica;No Tiene;NO;6.79;5.977;17.23;5.370;ND;ND;21.59;1.351;0.248;0.130;23.32;0.264;33.07;< 1.0;3.844;1.958;0.234;ND;ND;ND;ND
33.550;19/01/2016;BOYACÁ;SAN JOSÉ DE PARE;Caña Panelera;Establecido;No indica;Ondulado;No indica;No Tiene;SI (15-15-15);5.54;16.83;10.64;11.23;ND;ND;6.562;0.749;0.585;0.138;8.035;0.250;235.2;1.228;4.501;< 1.0;0.098;ND;ND;ND;ND
33.551;19/01/2016;BOYACÁ;SAN JOSÉ DE PARE;Caña Panelera;Establecido;No indica;Ondulado;No indica;No Tiene;SI (15-15-15);5.43;4.040;16.08;7.527;0;0;7.196;0.486;0.179;0.122;7.984;0.265;872.4;1.554;11.37;3.068;0.054;ND;ND;ND;ND
33.554;19/01/2016;BOYACÁ;SANTANA;Caña Panelera;Establecido;No indica;Ondulado;No indica;No Tiene;NO;5;3.103;27.61;3.454;6.311;5.624;6.569;0.502;0.252;0.199;13.83;0.187;1018.;2.246;11.93;4.017;0.208;ND;ND;ND;ND
33.556;19/01/2016;BOYACÁ;SANTANA;Caña Panelera;Establecido;No indica;Ondulado;No indica;No Tiene;NO;5.7;4.857;8.099;5.429;ND;ND;11.07;0.557;0.180;0.139;11.95;0.247;693.5;1.282;3.584;1.079;0.120;ND;ND;ND;ND
33.557;19/01/2016;SANTANDER;CHIPATÁ;Caña Panelera;Establecido;No indica;Pendiente;No indica;No Tiene;NO;7.92;4.617;4.812;7.404;ND;ND;33.39;0.647;0.509;0.126;34.68;0.665;54.70;1.689;5.147;1.258;0.318;ND;ND;ND;ND
33.558;19/01/2016;SANTANDER;CHIPATÁ;Caña Panelera;Establecido;No indica;Plano;No indica;No Tiene;NO;7.71;5.169;26.02;6.046;ND;ND;24.58;0.638;0.338;0.153;25.71;0.356;17.19;1.595;1.582;< 1.0;0.252;ND;ND;ND;ND
33.559;19/01/2016;BOYACÁ;CHITARAQUE;Caña Panelera;Establecido;No indica;Pendiente;No indica;No Tiene;SI;4.87;2.454;16.78;5.552;2.187;1.904;2.217;0.380;0.145;0.100;5.031;0.175;589.8;1.635;12.98;2.701;0.054;ND;ND;ND;ND
33.561;19/01/2016;BOYACÁ;SAN JOSÉ DE PARE;Caña Panelera;Establecido;No indica;Ondulado;No indica;No Tiene;SI (15-15-15);4.8;3.175;16.51;4.688;3.873;3.332;4.031;1.106;0.312;0.143;9.467;0.262;604.3;2.314;16.95;4.109;0.054;ND;ND;ND;ND
33.562;19/01/2016;BOYACÁ;CHITARAQUE;Caña Panelera;Establecido;No indica;Pendiente;No indica;No Tiene;NO;4.769;6.851;9.917;15.67;2.649;2.312;0.550;0.214;0.146;0.072;3.634;0.230;307.8;1.361;4.701;1.42;0.054;ND;ND;ND;ND
33.564;19/01/2016;BOYACÁ;CHITARAQUE;Caña Panelera;Establecido;No indica;Ondulado;No indica;No Tiene;NO;5.52;2.575;5.707;4.565;ND;ND;1.126;0.243;0.097;0.115;1.583;0.198;65.24;< 1.0;13.45;< 1.0;0.076;ND;ND;ND;ND
33.565;19/01/2016;BOYACÁ;CHITARAQUE;Caña Panelera;Establecido;No indica;Ondulado;No indica;No Tiene;NO;5.05;4.376;11.24;4.318;2.861;2.564;1.730;0.679;0.182;0.105;5.560;0.342;524.4;1.797;6.570;1.782;0.054;ND;ND;ND;ND
33.567;19/01/2016;BOYACÁ;CHITARAQUE;Caña Panelera;Establecido;No indica;Pendiente;No indica;No Tiene;NO;5.22;3.944;9.400;5.923;1.320;1.262;2.673;0.487;0.147;0.132;4.760;0.188;531.0;< 1.0;5.551;1.601;0.076;ND;ND;ND;ND
33.568;19/01/2016;BOYACÁ;CHITARAQUE;Caña Panelera;Establecido;No indica;Pendiente;No indica;No Tiene;NO;5.94;3.848;12.09;5.676;ND;ND;5.694;1.087;0.142;0.084;7.007;0.221;264.6;2.248;16.14;2.305;0.054;ND;ND;ND;ND
33.569;19/01/2016;BOYACÁ;CHITARAQUE;Caña Panelera;Establecido;No indica;Pendiente;No indica;No Tiene;NO;5.57;5.529;34.49;5.676;ND;ND;3.213;0.259;0.110;0.065;3.649;0.331;311.3;1.058;6.83;5.018;0.054;ND;ND;ND;ND
33.570;19/01/2016;BOYACÁ;CHITARAQUE;Caña Panelera;Establecido;No indica;Ondulado;No indica;No Tiene;NO;4.8;4.448;13.06;6.540;2.254;2.010;0.893;0.274;0.150;0.096;3.670;0.194;538.7;1.225;4.699;1.03;0.054;ND;ND;ND;ND
33.571;19/01/2016;BOYACÁ;CHITARAQUE;Caña Panelera;Establecido;No indica;Ondulado;No indica;No Tiene;NO;5.88;3.487;6.169;5.799;ND;ND;5.797;0.729;0.116;0.079;6.723;1.129;65.01;< 1.0;17.10;1.185;0.054;ND;ND;ND;ND
33.573;19/01/2016;BOYACÁ;CHITARAQUE;Caña Panelera;Establecido;No indica;Pendiente;No indica;No Tiene;NO;4.55;4.833;5.064;5.182;4.056;3.691;1.201;0.440;0.216;0.107;6.023;0.077;1882.;2.882;8.459;3.993;0.076;ND;ND;ND;ND
33.574;19/01/2016;BOYACÁ;CHITARAQUE;Caña Panelera;Establecido;No indica;Pendiente;No indica;No Tiene;NO;5.36;4.064;8.169;3.330;0.741;0.417;4.595;0.868;0.176;0.170;6.554;0.187;322.8;2.883;14.95;2.364;0.076;ND;ND;ND;ND
33.575;19/01/2016;BOYACÁ;CHITARAQUE;Caña Panelera;Establecido;No indica;Pendiente;No indica;No Tiene;NO;4.71;9.325;11.54;7.651;3.257;3.021;0.724;0.330;0.257;0.091;4.661;0.337;546.5;1.83;6.943;1.88;0.054;ND;ND;ND;ND
33.576;19/01/2016;BOYACÁ;CHITARAQUE;Caña Panelera;Establecido;No indica;Pendiente;No indica;No Tiene;NO;5.5;3.824;6.505;5.552;ND;ND;6.756;1.660;0.115;0.083;8.614;0.230;81.21;2.097;16.66;3.416;0.054;ND;ND;ND;ND
33.577;19/01/2016;BOYACÁ;CHITARAQUE;Caña Panelera;Establecido;No indica;Ondulado;No indica;No Tiene;NO;4.88;6.250;7.526;5.923;2.197;1.972;1.198;0.626;0.313;0.151;4.487;0.198;457.6;2.204;12.57;2.016;0.076;ND;ND;ND;ND
33.579;19/01/2016;BOYACÁ;CHITARAQUE;Caña Panelera;Establecido;No indica;Pendiente;No indica;No Tiene;NO;5.3;6.442;21.26;5.182;1.185;1.068;2.554;0.481;0.267;0.165;4.653;0.196;351.0;1.933;5.453;1.08;0.054;ND;ND;ND;ND
33.602;19/01/2016;BOYACÁ;CHITARAQUE;Caña Panelera;Establecido;No indica;Pendiente;No indica;No Tiene;NO;4.650;6.058;17.97;9.873;2.611;2.098;0.513;0.259;0.205;0.072;3.662;0.352;320.7;< 1.0;20.44;< 1.0;0.054;ND;ND;ND;ND
33.603;19/01/2016;BOYACÁ;SAN JOSÉ DE PARE;Caña Panelera;Establecido;No indica;Pendiente;No indica;No Tiene;SI (18-18-18);4.57;4.136;7.470;3.084;8.749;7.927;1.120;0.432;0.361;0.121;10.78;0.190;581.4;2.198;6.118;1.581;0.054;ND;ND;ND;ND
33.604;19/01/2016;BOYACÁ;CHITARAQUE;Caña Panelera;Establecido;No indica;Pendiente;No indica;No Tiene;NO;4.54;4.809;7.889;6.170;4.972;4.381;1.725;0.447;0.374;0.110;7.630;0.283;1751.;3.302;6.665;2.411;0.054;ND;ND;ND;ND
33.605;19/01/2016;BOYACÁ;CHITARAQUE;Caña Panelera;Establecido;No indica;Pendiente;No indica;No Tiene;NO;4.74;4.785;10.22;4.441;3.729;3.166;1.899;0.340;0.217;0.126;6.312;0.215;1124.;2.298;20.96;2.993;0.054;ND;ND;ND;ND
33.607;19/01/2016;BOYACÁ;CHITARAQUE;Caña Panelera;Establecido;No indica;Pendiente;No indica;No Tiene;NO;4.610;3.848;10.36;5.676;2.688;2.341;0.359;0.219;0.106;0.133;3.507;0.201;433.3;1.796;13.86;1.806;0.054;ND;ND;ND;ND
33.609;19/01/2016;BOYACÁ;CHITARAQUE;Caña Panelera;Establecido;No indica;Ondulado;No indica;No Tiene;NO;4.480;7.836;9.274;9.626;3.507;3.390;0.735;0.314;0.171;0.128;4.857;0.362;698.0;1.206;5.066;2.030;0.054;ND;ND;ND;ND
33.610;19/01/2016;BOYACÁ;CHITARAQUE;Caña Panelera;Establecido;No indica;Ondulado;No indica;No Tiene;NO;5.57;6.178;6.029;5.799;ND;ND;7.828;0.650;0.241;0.116;8.836;0.186;72.53;1.026;12.43;< 1.0;0.054;ND;ND;ND;ND
33.611;19/01/2016;BOYACÁ;CHITARAQUE;Caña Panelera;Establecido;No indica;Pendiente;No indica;No Tiene;NO;4.92;5.698;6.421;5.182;1.667;1.398;4.362;1.068;0.212;0.113;7.424;0.302;784.2;1.393;9.573;3.897;0.120;ND;ND;ND;ND
33.612;19/01/2016;SANTANDER;CHIPATÁ;Caña Panelera;Establecido;No indica;Pendiente;No indica;No Tiene;NO;7.96;6.322;8.798;8.145;ND;ND;42.47;0.712;0.345;0.083;43.61;0.708;40.24;1.398;3.559;< 1.0;0.384;ND;ND;ND;ND
33.614;19/01/2016;SANTANDER;CHIPATÁ;Caña Panelera;Establecido;No indica;Pendiente;No indica;No Tiene;NO;6.38;2.671;<3.87;4.195;ND;ND;6.860;0.488;0.161;0.086;7.597;0.136;81.41;1.711;10.40;< 1.0;0.296;ND;ND;ND;ND
33.615;19/01/2016;SANTANDER;CHIPATÁ;Caña Panelera;Establecido;No indica;Pendiente;No indica;No Tiene;NO;7.75;6.610;4.896;4.812;ND;ND;50.05;1.022;0.618;0.191;51.88;0.607;50.78;1.315;4.182;< 1.0;0.384;ND;ND;ND;ND
33.616;19/01/2016;SANTANDER;SUAITA;Caña Panelera;Establecido;No indica;Ondulado;No indica;No Tiene;SI (15-15-15);4.980;4.593;9.204;6.540;2.254;1.884;5.536;0.799;0.160;0.113;8.865;0.232;700.3;1.865;5.141;8.758;0.186;ND;ND;ND;ND
33.618;19/01/2016;SANTANDER;SUAITA;Caña Panelera;Establecido;No indica;Ondulado;No indica;No Tiene;SI (15-15-15);5.38;5.582;14.70;6.046;0.327;0.126;8.954;0.393;0.181;0.114;9.971;0.291;689.4;1.867;8.045;2.242;0.186;ND;ND;ND;ND
33.621;19/01/2016;SANTANDER;CHIPATÁ;Caña Panelera;Establecido;No indica;Pendiente;No indica;No Tiene;NO;5.72;4.141;4.854;5.676;ND;ND;6.603;0.499;0.231;0.123;7.458;0.190;225.0;1.907;3.467;< 1.0;0.120;ND;ND;ND;ND
33.622;19/01/2016;SANTANDER;CHIPATÁ;Caña Panelera;Establecido;No indica;Pendiente;No indica;No Tiene;NO;7.97;4.333;4.477;5.429;ND;ND;35.82;0.763;0.251;0.117;36.95;0.590;35.45;1.371;2.375;< 1.0;0.208;ND;ND;ND;ND
33.623;19/01/2016;SANTANDER;SUAITA;Caña Panelera;Establecido;No indica;Ondulado;No indica;No Tiene;NO;5.13;2.502;15.19;7.404;4.509;3.914;10.58;0.958;0.243;0.134;16.43;0.764;287.7;1.713;9.596;3.353;0.120;ND;ND;ND;ND
33.624;19/01/2016;SANTANDER;CHIPATÁ;Caña Panelera;Establecido;No indica;Pendiente;No indica;No Tiene;NO;7.89;3.944;7.679;5.799;ND;ND;38.52;0.601;0.362;0.133;39.62;0.192;34.92;1.423;1.529;1.211;0.208;ND;ND;ND;ND
33.625;19/01/2016;SANTANDER;CHIPATÁ;Caña Panelera;Establecido;No indica;Plano;No indica;No Tiene;SI (15-15-15);5.2;3.608;6.728;7.404;1.002;0.709;7.967;0.841;0.161;0.100;10.07;0.207;718.8;2.435;9.157;3.580;0.054;ND;ND;ND;ND
33.626;19/01/2016;SANTANDER;CHIPATÁ;Caña Panelera;Establecido;No indica;Pendiente;No indica;No Tiene;NO;6.44;3.776;6.421;4.935;ND;ND;12.09;0.796;0.302;0.133;13.32;0.420;234.1;2.141;1.894;< 1.0;0.186;ND;ND;ND;ND
33.627;19/01/2016;SANTANDER;SUAITA;Caña Panelera;Establecido;No indica;Ondulado;No indica;No Tiene;SI;5.32;5.294;118.2;4.565;0.385;0.204;13.97;0.762;0.267;0.106;15.49;0.604;939.5;1.531;7.185;4.054;0.208;ND;ND;ND;ND
33.628;19/01/2016;SANTANDER;CHIPATÁ;Caña Panelera;Establecido;No indica;Pendiente;No indica;No Tiene;NO;8.15;5.342;7.302;6.663;ND;ND;39.63;0.627;0.280;0.091;40.63;0.240;35.79;1.280;2.260;< 1.0;0.208;ND;ND;ND;ND
33.629;19/01/2016;SANTANDER;CHIPATÁ;Caña Panelera;Establecido;No indica;Pendiente;No indica;No Tiene;NO;6.17;5.726;5.595;4.935;ND;ND;17.35;1.208;0.190;0.096;18.85;0.197;465.2;1.358;4.29;1.756;0.208;ND;ND;ND;ND
33.630;19/01/2016;SANTANDER;CHIPATÁ;Caña Panelera;Establecido;No indica;Plano;No indica;No Tiene;NO;5.89;5.678;7.274;5.306;ND;ND;16.06;1.237;0.195;0.089;17.58;0.246;405.8;1.53;3.568;3.592;0.186;ND;ND;ND;ND
33.631;19/01/2016;BOYACÁ;SAN JOSÉ DE PARE;Caña Panelera;Establecido;No indica;Ondulado;No indica;No Tiene;SI (18-18-18);4.97;13.95;13.23;12.34;2.804;2.360;1.450;0.475;0.237;0.204;5.171;1.033;216.9;1.127;1.159;1.414;0.076;ND;ND;ND;ND
33.639;19/01/2016;SANTANDER;CHIPATÁ;Caña Panelera;Establecido;No indica;Pendiente;No indica;No Tiene;NO;7.78;4.737;7.707;5.923;ND;ND;24.09;0.591;0.271;0.105;25.06;0.445;37.61;1.34;1.48;< 1.0;0.142;ND;ND;ND;ND
33.640;19/01/2016;SANTANDER;CHIPATÁ;Caña Panelera;Establecido;No indica;Ondulado;No indica;No Tiene;NO;7.81;4.785;7.498;6.293;ND;ND;30.99;0.767;0.268;0.121;32.15;0.680;47.05;1.51;3.038;< 1.0;0.120;ND;ND;ND;ND
33.643;19/01/2016;BOYACÁ;CHITARAQUE;Caña Panelera;Establecido;No indica;Pendiente;No indica;No Tiene;NO;4.889;7.571;6.910;5.799;4.143;3.361;1.950;0.483;0.278;0.086;6.942;0.228;835.8;1.019;1.732;2.008;0.098;ND;ND;ND;ND
33.646;19/01/2016;BOYACÁ;CHITARAQUE;Caña Panelera;Establecido;No indica;Pendiente;No indica;No Tiene;NO;4.46;7.643;5.232;7.157;5.184;4.760;0.788;0.289;0.254;0.108;6.625;0.311;1559.;1.446;2.551;1.786;0.054;ND;ND;ND;ND
33.648;19/01/2016;SANTANDER;CHIPATÁ;Caña Panelera;Establecido;No indica;Pendiente;No indica;No Tiene;NO;7.28;7.716;36.46;6.170;ND;ND;29.61;0.781;0.447;0.143;30.98;0.436;48.82;1.184;3.431;1.554;0.384;ND;ND;ND;ND
33.650;19/01/2016;BOYACÁ;SAN JOSÉ DE PARE;Caña Panelera;Establecido;No indica;Ondulado;No indica;No Tiene;SI (18-18-18);5.66;3.848;32.00;4.565;ND;ND;13.90;2.302;0.730;0.202;17.14;0.215;1072.;1.150;2.333;1.905;0.054;ND;ND;ND;ND
33.651;19/01/2016;BOYACÁ;SAN JOSÉ DE PARE;Caña Panelera;Establecido;No indica;Ondulado;No indica;No Tiene;SI (15-15-15);4.8;8.100;6.574;8.268;4.895;4.488;3.196;0.889;0.338;0.132;9.452;0.254;830.1;1.488;6.586;1.703;0.098;ND;ND;ND;ND
33.652;19/01/2016;BOYACÁ;SAN JOSÉ DE PARE;Caña Panelera;Establecido;No indica;Plano;No indica;No Tiene;SI (18-18-18);4.360;12.54;17.56;7.651;5.540;5.022;0.854;0.429;0.379;0.092;7.297;0.488;1042.;1.322;4.297;1.329;0.208;ND;ND;ND;ND
33.653;19/01/2016;BOYACÁ;SAN JOSÉ DE PARE;Caña Panelera;Establecido;No indica;Pendiente;No indica;No Tiene;SI (18-18-18);5.37;4.953;7.567;6.787;0.549;0.310;15.78;1.168;0.325;0.120;17.94;0.321;929.8;1.066;6.983;2.145;0.076;ND;ND;ND;ND
33.655;19/01/2016;BOYACÁ;SAN JOSÉ DE PARE;Caña Panelera;Establecido;No indica;Pendiente;No indica;No Tiene;SI (18-18-18);7.32;3.487;18.70;4.935;ND;ND;17.76;1.340;0.238;0.097;19.43;0.241;88.46;1.665;1.885;1.349;0.076;ND;ND;ND;ND
33.656;19/01/2016;BOYACÁ;CHITARAQUE;Caña Panelera;Establecido;No indica;Ondulado;No indica;No Tiene;NO;7.23;3.584;14.40;3.948;ND;ND;10.02;0.369;0.119;0.083;10.59;0.295;55.91;1.413;7.740;< 1.0;0.054;ND;ND;ND;ND
33.657;19/01/2016;BOYACÁ;CHITARAQUE;Caña Panelera;Establecido;No indica;Ondulado;No indica;No Tiene;NO;5.14;4.304;10.67;5.799;0.751;0.641;2.293;0.545;0.161;0.081;3.833;0.338;90.93;1.139;16.31;1.096;0.054;ND;ND;ND;ND
33.661;19/01/2016;BOYACÁ;SAN JOSÉ DE PARE;Caña Panelera;Establecido;No indica;Pendiente;No indica;No Tiene;SI;5.13;3.704;6.071;2.837;1.243;0.981;6.170;0.822;0.299;0.097;8.632;0.301;855.9;1.477;6.552;1.650;0.120;ND;ND;ND;ND
33.662;19/01/2016;BOYACÁ;SAN JOSÉ DE PARE;Caña Panelera;Establecido;No indica;Ondulado;No indica;No Tiene;SI (18-18-18);5.17;5.265;13.35;4.688;2.129;1.700;2.793;0.659;0.336;0.089;6.008;0.173;1100.;1.356;4.248;1.341;0.164;ND;ND;ND;ND
33.663;19/01/2016;BOYACÁ;SAN JOSÉ DE PARE;Caña Panelera;Establecido;No indica;Pendiente;No indica;No Tiene;SI (18-18-18);4.730;3.535;18.44;4.565;6.648;5.644;3.044;1.236;0.380;0.096;11.40;0.196;806.0;2.363;17.87;4.67;0.076;ND;ND;ND;ND
33.664;19/01/2016;BOYACÁ;SAN JOSÉ DE PARE;Caña Panelera;Establecido;No indica;Plano;No indica;No Tiene;SI;4.97;5.553;6.574;7.404;1.869;1.437;6.867;1.632;0.350;0.325;11.04;0.203;1791.;3.058;14.77;5.314;0.208;ND;ND;ND;ND
33.665;19/01/2016;BOYACÁ;SAN JOSÉ DE PARE;Caña Panelera;Establecido;No indica;Pendiente;No indica;No Tiene;SI;4.41;3.920;8.561;5.676;3.931;3.487;0.558;0.310;0.245;0.120;5.166;0.174;702.3;2.107;< 1.0;< 1.0;0.670;ND;ND;ND;ND
33.666;19/01/2016;BOYACÁ;SAN JOSÉ DE PARE;Caña Panelera;Establecido;No indica;Pendiente;No indica;No Tiene;SI;4.29;6.803;33.70;6.540;6.215;5.547;1.383;0.527;0.436;0.097;8.660;0.511;1590.;1.469;3.977;1.768;0.208;ND;ND;ND;ND
33.667;19/01/2016;BOYACÁ;SAN JOSÉ DE PARE;Caña Panelera;Establecido;No indica;Pendiente;No indica;No Tiene;SI;4.72;4.593;39.79;9.626;3.160;2.574;1.729;0.448;0.199;0.096;5.634;0.248;965.8;1.164;1.333;1.234;0.186;ND;ND;ND;ND
33.668;19/01/2016;BOYACÁ;SAN JOSÉ DE PARE;Caña Panelera;Establecido;No indica;Pendiente;No indica;No Tiene;SI (18-18-18);4.66;2.551;8.616;3.330;8.335;7.140;2.917;0.800;0.293;0.134;12.48;0.195;722.2;1.718;14.69;1.676;0.208;ND;ND;ND;ND
33.669;19/01/2016;BOYACÁ;SAN JOSÉ DE PARE;Caña Panelera;Establecido;No indica;Pendiente;No indica;No Tiene;SI (18-18-18);5.48;4.809;<3.87;6.663;0;0;12.08;2.500;0.362;0.155;15.10;0.333;702.9;2.359;23.32;6.051;0.076;ND;ND;ND;ND
33.670;19/01/2016;BOYACÁ;SAN JOSÉ DE PARE;Caña Panelera;Establecido;No indica;Pendiente;No indica;No Tiene;SI;4.28;8.436;24.60;10.24;7.747;6.771;0.521;0.290;0.270;0.115;8.944;0.142;1123.;1.161;2.31;1.88;0.406;ND;ND;ND;ND
33.671;19/01/2016;BOYACÁ;SAN JOSÉ DE PARE;Caña Panelera;Establecido;No indica;Ondulado;No indica;No Tiene;SI (15-15-15);6.25;2.887;47.94;5.923;ND;ND;10.48;1.138;0.135;0.077;11.83;0.321;376.2;1.55;2.677;2.282;0.054;ND;ND;ND;ND
33.676;14/01/2016;SANTANDER;CHIPATÁ;Caña Panelera;Establecido;No indica;Pendiente;No indica;No Tiene;NO;7.29;6.914;68.70;10.13;ND;ND;19.94;1.639;0.683;0.073;22.33;0.391;51.71;1.875;1.537;1.827;0.569;ND;ND;ND;ND
33.677;14/01/2016;SANTANDER;CHIPATÁ;Caña Panelera;Establecido;No indica;Pendiente;No indica;No Tiene;NO;8.14;3.310;14.26;25.25;ND;ND;43.69;1.998;0.274;0.327;46.29;0.839;28.42;1.102;4.257;1.696;0.736;ND;ND;ND;ND
33.678;14/01/2016;SANTANDER;CHIPATÁ;Caña Panelera;Establecido;No indica;Ondulado;No indica;No Tiene;NO;6.68;4.891;11.66;7.751;ND;ND;16.63;0.845;0.146;0.045;17.67;0.277;102.7;1.841;4.656;6.918;0.318;ND;ND;ND;ND
33.679;14/01/2016;SANTANDER;CHIPATÁ;Caña Panelera;Establecido;No indica;Plano;No indica;No Tiene;NO;5.42;5.228;8.239;5.965;0;0;13.77;1.546;0.265;0.075;15.65;0.280;386.5;4.069;9.067;12.64;0.255;ND;ND;ND;ND
33.680;14/01/2016;SANTANDER;CHIPATÁ;Caña Panelera;Establecido;No indica;Ondulado;No indica;No Tiene;NO;6.64;8.351;20.67;7.156;ND;ND;34.82;2.815;0.532;0.317;38.48;0.331;44.87;2.328;3.12;23.54;0.443;ND;ND;ND;ND
33.684;14/01/2016;SANTANDER;CHIPATÁ;Caña Panelera;Establecido;No indica;Ondulado;No indica;No Tiene;NO;8.07;3.791;6.700;15.01;ND;ND;40.56;1.115;0.247;0.083;42.01;0.790;22.02;1.423;4.51;1.613;0.213;ND;ND;ND;ND
33.685;14/01/2016;SANTANDER;CHIPATÁ;Caña Panelera;Establecido;No indica;Ondulado;No indica;No Tiene;NO;7.43;3.406;29.03;5.608;ND;ND;18.79;1.135;0.164;0.125;20.21;0.389;90.91;1.784;4.445;1.956;0.213;ND;ND;ND;ND
33.687;14/01/2016;SANTANDER;CHIPATÁ;Caña Panelera;Establecido;No indica;Ondulado;No indica;No Tiene;NO;6.59;4.555;5.525;4.298;ND;ND;14.76;1.076;0.353;0.104;16.29;0.203;112.2;1.141;2.684;< 1.0;0.485;ND;ND;ND;ND
33.688;14/01/2016;SANTANDER;CHIPATÁ;Caña Panelera;Establecido;No indica;Pendiente;No indica;No Tiene;NO;8.09;3.887;4.700;3.822;ND;ND;49.75;0.870;0.240;0.076;50.93;0.645;16.63;< 1.0;2.591;< 1.0;0.380;ND;ND;ND;ND
33.689;14/01/2016;SANTANDER;CHIPATÁ;Caña Panelera;Establecido;No indica;Pendiente;No indica;No Tiene;NO;8.02;4.343;23.94;7.989;ND;ND;33.21;0.379;0.147;0.081;33.82;0.541;32.74;2.253;2.039;1.535;0.443;ND;ND;ND;ND
33.691;14/01/2016;SANTANDER;CHIPATÁ;Caña Panelera;Establecido;No indica;Ondulado;No indica;No Tiene;SI;7.56;7.966;8.616;6.322;ND;ND;35.12;1.032;0.774;0.067;36.99;0.666;20.39;< 1.0;4.41;< 1.0;0.709;ND;ND;ND;ND
33.692;14/01/2016;SANTANDER;CHIPATÁ;Caña Panelera;Establecido;No indica;Pendiente;No indica;No Tiene;NO;6.4;3.935;6.742;4.298;ND;ND;13.58;1.485;0.162;0.068;15.30;0.305;98.13;5.343;11.63;< 1.0;0.171;ND;ND;ND;ND
33.693;14/01/2016;SANTANDER;CHIPATÁ;Caña Panelera;Establecido;No indica;Pendiente;No indica;No Tiene;NO;7.98;6.193;3.735;4.655;ND;ND;44.05;0.962;0.248;0.058;45.32;0.711;22.91;< 1.0;7.47;< 1.0;0.318;ND;ND;ND;ND
33.694;14/01/2016;SANTANDER;CHIPATÁ;Caña Panelera;Establecido;No indica;Pendiente;No indica;No Tiene;NO;7.19;4.439;3.987;4.298;ND;ND;17.81;0.737;0.119;0.152;18.82;0.267;103.4;< 1.0;2.841;< 1.0;0.213;ND;ND;ND;ND
33.697;14/01/2016;BOYACÁ;SAN JOSÉ DE PARE;Caña Panelera;Establecido;No indica;Ondulado;No indica;No Tiene;NO;4.58;7.294;14.43;4.417;4.924;4.721;3.293;0.591;0.374;0.084;9.267;0.293;528.7;1.645;2.671;3.332;0.255;ND;ND;ND;ND
33.698;14/01/2016;BOYACÁ;SAN JOSÉ DE PARE;Caña Panelera;Establecido;No indica;Ondulado;No indica;No Tiene;NO;4.88;9.840;8.183;6.442;2.225;1.952;1.028;0.255;0.128;0.118;3.756;0.224;82.91;< 1.0;1.076;< 1.0;0.130;ND;ND;ND;ND
33.699;14/01/2016;BOYACÁ;SAN JOSÉ DE PARE;Caña Panelera;Establecido;No indica;Pendiente;No indica;No Tiene;NO;4.980;5.852;10.50;3.584;5.068;4.177;7.314;0.543;0.237;0.093;13.25;0.221;454.3;< 1.0;5.188;1.645;0.150;ND;ND;ND;ND
33.700;14/01/2016;BOYACÁ;SAN JOSÉ DE PARE;Caña Panelera;Establecido;No indica;Ondulado;No indica;No Tiene;SI (15-15-15);4.58;9.023;13.24;4.060;6.648;5.828;3.044;0.768;0.272;0.082;10.81;0.209;378.4;< 1.0;5.499;1.463;0.297;ND;ND;ND;ND
33.701;14/01/2016;BOYACÁ;SAN JOSÉ DE PARE;Caña Panelera;Establecido;No indica;Plano;No indica;No Tiene;SI (18-18-18);5.08;6.140;17.51;3.226;1.291;1.039;7.098;1.428;0.217;0.071;10.10;0.210;444.9;1.044;11.93;2.046;0.339;ND;ND;ND;ND
33.702;14/01/2016;SANTANDER;BARBOSA;Caña Panelera;Establecido;No indica;Pendiente;No indica;No Tiene;NO;5.64;3.863;4.854;4.894;ND;ND;7.200;1.104;0.459;0.133;8.898;0.171;356.6;< 1.0;5.918;< 1.0;0.109;ND;ND;ND;ND
33.704;14/01/2016;SANTANDER;CHIPATÁ;Caña Panelera;Establecido;No indica;Pendiente;No indica;No Tiene;SI;7.95;9.052;2.728;7.275;ND;ND;47.23;2.334;0.661;0.102;50.33;0.941;28.07;< 1.0;2.624;2.117;0.778;ND;ND;ND;ND
33.706;14/01/2016;BOYACÁ;CHITARAQUE;Caña Panelera;Establecido;No indica;Pendiente;No indica;No Tiene;NO;4.55;6.092;17.52;15.37;2.939;2.292;2.375;0.328;0.186;0.104;5.933;0.385;200.1;< 1.0;2.726;1.897;0.276;ND;ND;ND;ND
33.707;14/01/2016;SANTANDER;CHIPATÁ;Caña Panelera;Establecido;No indica;Pendiente;No indica;No Tiene;NO;7.88;9.648;11.38;32.21;ND;ND;49.01;1.986;0.592;0.204;51.79;1.423;204.2;< 1.0;2.827;1.928;0.401;ND;ND;ND;ND
33.708;14/01/2016;SANTANDER;GÜEPSA;Caña Panelera;Establecido;No indica;Ondulado;No indica;No Tiene;NO;7.21;3.767;11.34;6.680;ND;ND;24.03;1.958;0.242;0.102;26.33;0.360;27.73;< 1.0;1.207;3.133;0.297;ND;ND;ND;ND
33.710;14/01/2016;BOYACÁ;CHITARAQUE;Caña Panelera;Establecido;No indica;Pendiente;No indica;No Tiene;NO;4.440;4.511;8.728;21.32;4.981;4.216;1.552;0.320;0.149;0.121;7.125;0.298;258.7;< 1.0;2.152;1.466;0.213;ND;ND;ND;ND
33.711;14/01/2016;BOYACÁ;CHITARAQUE;Caña Panelera;Establecido;No indica;No indica;No indica;No Tiene;NO;4.019;7.562;9.288;6.561;11.23;9.724;2.012;0.520;0.576;0.119;14.46;0.449;558.2;6.699;2.354;5.240;0.088;ND;ND;ND;ND
33.712;14/01/2016;BOYACÁ;SAN JOSÉ DE PARE;Caña Panelera;Establecido;No indica;Ondulado;No indica;No Tiene;NO;5.14;3.767;8.533;4.179;1.512;1.272;7.807;2.342;0.482;0.107;12.25;0.226;82.77;1.083;16.88;2.59;0.088;ND;ND;ND;ND
33.713;14/01/2016;BOYACÁ;SAN JOSÉ DE PARE;Caña Panelera;Establecido;No indica;Ondulado;No indica;No Tiene;SI  (15-15-15);4.57;4.122;17.42;7.037;3.093;2.574;1.287;0.264;0.310;0.082;5.038;0.185;344.3;< 1.0;27.86;1.689;0.192;ND;ND;ND;ND
33.716;14/01/2016;BOYACÁ;SAN JOSÉ DE PARE;Caña Panelera;Establecido;No indica;Ondulado;No indica;No Tiene;NO;5.07;3.719;5.511;4.774;1.002;0.660;8.332;2.051;0.452;0.085;11.92;0.313;322.3;1.302;8.307;4.01;0.130;ND;ND;ND;ND
33.718;14/01/2016;BOYACÁ;SAN JOSÉ DE PARE;Caña Panelera;Establecido;No indica;Plano;No indica;No Tiene;NO;5.49;5.276;16.64;6.918;0;0;8.309;1.116;0.602;0.077;10.10;0.244;429.9;1.504;13.54;2.431;0.401;ND;ND;ND;ND
33.719;14/01/2016;SANTANDER;GÜEPSA;Caña Panelera;Establecido;No indica;Ondulado;No indica;No Tiene;NO;6.15;4.939;11.54;3.822;ND;ND;21.99;1.383;0.301;0.134;23.81;0.249;137.7;< 1.0;3.852;4.727;0.109;ND;ND;ND;ND
33.720;14/01/2016;BOYACÁ;CHITARAQUE;Caña Panelera;Establecido;No indica;Pendiente;No indica;No Tiene;NO;4.860;4.992;5.120;4.774;4.952;4.264;1.812;0.461;0.173;0.072;7.473;0.142;404.6;< 1.0;1.623;< 1.0;0.276;ND;ND;ND;ND
33.721;14/01/2016;BOYACÁ;CHITARAQUE;Caña Panelera;Establecido;No indica;Pendiente;No indica;No Tiene;NO;4.809;6.313;8.547;9.537;2.736;2.331;1.123;0.360;0.187;0.086;4.494;0.185;152.3;< 1.0;2.333;< 1.0;0.862;ND;ND;ND;ND
33.722;14/01/2016;BOYACÁ;CHITARAQUE;Caña Panelera;Establecido;No indica;Pendiente;No indica;No Tiene;NO;4.74;5.689;10.60;5.846;5.598;4.867;3.695;0.607;0.309;0.076;10.28;0.199;297.7;1.413;1.824;1.544;0.234;ND;ND;ND;ND
33.723;14/01/2016;BOYACÁ;CHITARAQUE;Caña Panelera;Establecido;No indica;Pendiente;No indica;No Tiene;NO;4.440;3.286;8.938;5.489;4.133;3.390;2.019;0.309;0.125;0.092;6.681;0.199;312.6;1.633;13.80;7.490;0.088;ND;ND;ND;ND
33.724;14/01/2016;BOYACÁ;CHITARAQUE;Caña Panelera;Establecido;No indica;Ondulado;No indica;No Tiene;NO;4.83;4.607;10.93;3.465;2.717;2.176;2.461;0.237;0.161;0.090;5.668;0.198;304.5;< 1.0;2.911;1.585;0.171;ND;ND;ND;ND
33.727;14/01/2016;BOYACÁ;SAN JOSÉ DE PARE;Caña Panelera;Establecido;No indica;Ondulado;No indica;No Tiene;SI (15-15-15);4.559;5.256;11.12;5.370;8.614;7.324;2.146;0.493;0.262;0.095;11.61;0.211;375.7;1.022;2.939;1.683;0.297;ND;ND;ND;ND
33.728;14/01/2016;BOYACÁ;SAN JOSÉ DE PARE;Caña Panelera;Establecido;No indica;Ondulado;No indica;No Tiene;NO;4.860;3.526;6.449;4.417;5.030;4.070;2.919;0.295;0.137;0.069;8.452;0.141;283.7;< 1.0;1.383;< 1.0;0.318;ND;ND;ND;ND
33.729;14/01/2016;BOYACÁ;SAN JOSÉ DE PARE;Caña Panelera;Establecido;No indica;Ondulado;No indica;No Tiene;NO;4.58;6.525;19.27;2.036;5.020;4.255;1.633;0.280;0.258;0.058;7.250;0.219;408.1;< 1.0;2.104;1.260;0.150;ND;ND;ND;ND
33.731;14/01/2016;BOYACÁ;CHITARAQUE;Caña Panelera;Establecido;No indica;Pendiente;No indica;No Tiene;NO;4.57;6.361;4.532;5.846;4.403;3.788;1.310;0.268;0.200;0.053;6.236;0.253;343.9;< 1.0;3.710;1.685;0.213;ND;ND;ND;ND
33.734;14/01/2016;BOYACÁ;CHITARAQUE;Caña Panelera;Establecido;No indica;Pendiente;No indica;No Tiene;NO;4.71;7.586;14.47;8.704;2.958;2.710;2.536;0.566;0.171;0.053;6.287;0.284;216.9;1.163;7.844;7.724;0.569;ND;ND;ND;ND
33.736;14/01/2016;SANTANDER;CHIPATÁ;Caña Panelera;Establecido;No indica;Ondulado;No indica;No Tiene;NO;5.31;3.695;7.693;4.774;0.385;0.223;7.980;0.653;0.260;0.119;9.398;0.176;36.12;1.75;2.559;2.117;0.171;ND;ND;ND;ND
33.739;14/01/2016;BOYACÁ;SAN JOSÉ DE PARE;Caña Panelera;Establecido;No indica;Plano;No indica;No Tiene;SI (18-18-18);4.96;2.734;5.539;4.536;3.806;3.176;2.154;0.549;0.288;0.194;6.992;0.203;399.9;1.539;12.05;1.381;0.109;ND;ND;ND;ND
33.740;14/01/2016;BOYACÁ;SAN JOSÉ DE PARE;Caña Panelera;Establecido;No indica;Plano;No indica;No Tiene;SI (18-18-18);5.38;9.023;5.623;7.632;0.847;0.408;5.067;1.331;0.674;0.071;7.992;0.267;430.2;1.010;8.189;1.950;0.109;ND;ND;ND;ND
33.741;14/01/2016;BOYACÁ;SAN JOSÉ DE PARE;Caña Panelera;Establecido;No indica;Pendiente;No indica;No Tiene;SI (18-18-18);5.29;3.214;10.61;4.298;1.705;1.194;8.614;1.336;0.154;0.071;11.88;0.181;289.9;1.554;12.07;1.584;0.088;ND;ND;ND;ND
33.742;14/01/2016;BOYACÁ;SAN JOSÉ DE PARE;Caña Panelera;Establecido;No indica;Ondulado;No indica;No Tiene;NO;6.5;9.244;12.39;5.251;ND;ND;24.77;1.274;0.363;0.097;26.51;0.307;27.92;< 1.0;2.046;2.464;0.234;ND;ND;ND;ND
33.743;14/01/2016;BOYACÁ;SAN JOSÉ DE PARE;Caña Panelera;Establecido;No indica;Plano;No indica;No Tiene;NO;4.79;8.062;10.53;3.822;3.555;2.943;1.834;0.323;0.219;0.148;6.081;0.198;254.5;< 1.0;2.570;1.302;0.192;ND;ND;ND;ND
33.744;14/01/2016;BOYACÁ;SAN JOSÉ DE PARE;Caña Panelera;Establecido;No indica;Ondulado;No indica;No Tiene;NO;4.88;7.822;8.449;5.727;2.139;1.466;2.070;0.317;0.159;0.072;4.758;0.229;208.2;< 1.0;2.427;1.812;0.088;ND;ND;ND;ND
33.745;14/01/2016;BOYACÁ;SAN JOSÉ DE PARE;Caña Panelera;Establecido;No indica;Ondulado;No indica;No Tiene;SI  (15-15-15);4.8;5.660;8.281;5.251;2.977;2.380;2.456;1.061;0.443;0.084;7.023;0.305;273.9;1.228;10.52;3.831;0.234;ND;ND;ND;ND
33.746;14/01/2016;BOYACÁ;CHITARAQUE;Caña Panelera;Establecido;No indica;Pendiente;No indica;No Tiene;NO;4.53;6.241;5.232;3.941;5.261;4.459;0.945;0.266;0.261;0.131;6.865;0.206;315.9;< 1.0;1.776;1.461;0.088;ND;ND;ND;ND
33.747;14/01/2016;BOYACÁ;SAN JOSÉ DE PARE;Caña Panelera;Establecido;No indica;Ondulado;No indica;No Tiene;NO;5.26;2.830;26.51;3.703;1.705;1.253;6.679;0.435;0.151;0.098;9.070;0.143;355.4;1.217;7.573;2.034;0.360;ND;ND;ND;ND
33.748;14/01/2016;BOYACÁ;SAN JOSÉ DE PARE;Caña Panelera;Establecido;No indica;Ondulado;No indica;No Tiene;NO;5.39;4.699;47.24;2.869;0.366;0.136;10.13;0.858;0.268;0.085;11.71;0.260;477.4;< 1.0;11.24;2.194;0.213;ND;ND;ND;ND
33.751;14/01/2016;BOYACÁ;SAN JOSÉ DE PARE;Caña Panelera;Establecido;No indica;Ondulado;No indica;No Tiene;NO;4.690;8.351;8.155;3.346;6.051;5.517;2.400;0.332;0.209;0.097;9.091;0.204;246.9;< 1.0;2.711;1.124;0.150;ND;ND;ND;ND
33.754;14/01/2016;BOYACÁ;CHITARAQUE;Caña Panelera;Establecido;No indica;Pendiente;No indica;No Tiene;SI;4.49;6.193;7.232;6.084;5.087;4.468;3.219;0.914;0.364;0.118;9.705;0.462;358.7;1.105;1.41;1.233;0.234;ND;ND;ND;ND
33.755;14/01/2016;BOYACÁ;CHITARAQUE;Caña Panelera;Establecido;No indica;No indica;No indica;No Tiene;NO;4.71;12.96;6.630;10.84;2.592;2.069;1.475;0.353;0.205;0.124;4.751;0.305;80.53;< 1.0;1.514;1.363;0.109;ND;ND;ND;ND
33.756;14/01/2016;BOYACÁ;CHITARAQUE;Caña Panelera;Establecido;No indica;Pendiente;No indica;No Tiene;NO;4.809;5.689;6.407;7.989;3.729;3.332;1.552;0.431;0.371;0.128;6.213;0.242;181.7;< 1.0;8.985;1.257;0.130;ND;ND;ND;ND
33.757;14/01/2016;BOYACÁ;CHITARAQUE;Caña Panelera;Establecido;No indica;Pendiente;No indica;No Tiene;NO;5.33;4.848;7.721;4.298;0.231;0.097;9.447;0.963;0.127;0.104;10.87;0.256;106.7;6.754;29.45;11.11;0.088;ND;ND;ND;ND
33.758;14/01/2016;BOYACÁ;SAN JOSÉ DE PARE;Caña Panelera;Establecido;No indica;Ondulado;No indica;No Tiene;SI  (15-15-15);4.71;5.857;6.449;11.32;3.488;3.021;5.643;0.830;0.330;0.153;10.44;0.342;371.2;1.075;10.62;1.137;0.297;ND;ND;ND;ND
33.760;14/01/2016;BOYACÁ;SAN JOSÉ DE PARE;Caña Panelera;Establecido;No indica;Ondulado;No indica;No Tiene;SI  (15-15-15);5.55;4.728;17.06;6.322;ND;ND;11.32;1.634;0.277;0.127;13.36;0.215;430.5;3.580;13.26;5.758;0.109;ND;ND;ND;ND
33.770;14/01/2016;SANTANDER;BARBOSA;Caña Panelera;Establecido;No indica;Pendiente;No indica;No Tiene;NO;5.19;3.310;4.560;3.107;1.117;0.874;4.541;0.394;0.135;0.132;6.321;0.168;216.2;1.020;6.976;< 1.0;0.088;ND;ND;ND;ND
33.775;14/01/2016;BOYACÁ;SAN JOSÉ DE PARE;Caña Panelera;Establecido;No indica;Plano;No indica;No Tiene;SI (15-15-15);4.75;9.023;11.41;7.513;2.418;1.942;4.084;0.996;0.458;0.049;8.006;0.503;760.0;1.346;6.054;2.363;0.234;ND;ND;ND;ND
33.777;14/01/2016;BOYACÁ;SAN JOSÉ DE PARE;Caña Panelera;Establecido;No indica;Plano;No indica;No Tiene;SI (15-15-15);5.41;10.89;8.379;8.704;1.011;0.728;4.013;1.122;0.234;0.099;6.481;0.209;162.3;1.135;2.721;1.542;0.109;ND;ND;ND;ND
33.778;14/01/2016;BOYACÁ;SAN JOSÉ DE PARE;Caña Panelera;Establecido;No indica;Plano;No indica;No Tiene;SI  (18-18-18);4.62;10.08;4.477;6.322;7.477;6.537;1.208;0.645;0.464;0.117;9.913;0.225;425.1;< 1.0;6.955;6.625;0.130;ND;ND;ND;ND
33.779;14/01/2016;BOYACÁ;SAN JOSÉ DE PARE;Caña Panelera;Establecido;No indica;Plano;No indica;No Tiene;SI (15-15-15);4.46;12.19;7.973;9.657;4.866;4.089;2.765;0.811;0.334;0.159;8.936;0.648;597.3;1.185;5.45;5.653;0.150;ND;ND;ND;ND
33.781;14/01/2016;BOYACÁ;SAN JOSÉ DE PARE;Caña Panelera;Establecido;No indica;Pendiente;No indica;No Tiene;SI (18-18-18);4.96;3.070;15.97;4.536;3.825;3.312;1.965;0.437;0.164;0.054;6.446;0.199;399.2;1.069;3.715;1.181;0.130;ND;ND;ND;ND
33.782;14/01/2016;BOYACÁ;MONIQUIRÁ;Caña Panelera;Establecido;No indica;Plano;No indica;No Tiene;SI;5.12;2.205;6.435;5.727;1.686;1.360;4.272;0.926;<0.09;0.053;7.006;0.213;164.6;2.245;17.15;3.605;0.109;ND;ND;ND;ND
33.783;14/01/2016;BOYACÁ;SAN JOSÉ DE PARE;Caña Panelera;Establecido;No indica;Pendiente;No indica;No Tiene;SI (18-18-18);5.29;4.295;5.134;6.561;0.722;0.476;8.228;2.619;0.624;0.081;12.27;0.294;487.2;2.504;11.41;2.518;0.171;ND;ND;ND;ND
33.784;14/01/2016;BOYACÁ;SAN JOSÉ DE PARE;Caña Panelera;Establecido;No indica;Pendiente;No indica;No Tiene;SI (18-18-18);4.95;2.061;9.903;5.013;5.309;4.682;3.154;1.083;0.177;0.075;9.800;0.180;158.3;1.527;19.96;2.435;0.130;ND;ND;ND;ND
33.785;14/01/2016;BOYACÁ;SAN JOSÉ DE PARE;Caña Panelera;Establecido;No indica;Pendiente;No indica;No Tiene;SI (15-15-15);5.08;2.878;5.218;4.417;3.796;3.118;4.581;0.926;0.247;0.085;9.637;0.176;269.1;1.860;22.97;2.610;0.130;ND;ND;ND;ND
33.786;14/01/2016;BOYACÁ;SAN JOSÉ DE PARE;Caña Panelera;Establecido;No indica;Plano;No indica;No Tiene;SI (18-18-18);5.16;6.188;12.43;5.608;1.782;1.330;6.006;0.469;0.194;0.057;8.510;0.242;396.7;1.024;3.376;1.403;0.318;ND;ND;ND;ND
33.787;14/01/2016;BOYACÁ;SAN JOSÉ DE PARE;Caña Panelera;Establecido;No indica;Plano;No indica;No Tiene;SI (15-15-15);4.82;2.782;4.127;5.251;3.690;3.157;2.330;0.664;0.164;0.068;6.918;0.177;431.6;1.421;16.00;1.258;0.109;ND;ND;ND;ND
33.788;14/01/2016;BOYACÁ;SAN JOSÉ DE PARE;Caña Panelera;Establecido;No indica;Plano;No indica;No Tiene;SI (18-18-18);5.34;4.199;11.42;15.72;0.173;0;9.087;2.536;0.266;0.124;12.18;0.276;529.4;2.248;41.86;2.901;0.192;ND;ND;ND;ND
33.789;14/01/2016;BOYACÁ;SAN JOSÉ DE PARE;Caña Panelera;Establecido;No indica;Plano;No indica;No Tiene;SI (15-15-15);5.33;5.040;11.98;5.251;0.472;0.252;11.38;2.687;1.056;0.223;15.82;0.373;362.0;2.192;12.81;5.027;0.276;ND;ND;ND;ND
33.790;14/01/2016;BOYACÁ;SAN JOSÉ DE PARE;Caña Panelera;Establecido;No indica;Plano;No indica;No Tiene;SI (18-18-18);5.21;4.151;7.456;13.70;1.532;1.097;7.624;1.522;0.432;0.166;11.27;0.236;514.7;1.927;19.7;3.387;0.088;ND;ND;ND;ND
33.792;14/01/2016;BOYACÁ;SAN JOSÉ DE PARE;Caña Panelera;Establecido;No indica;Plano;No indica;No Tiene;SI (18-18-18);4.610;4.535;5.637;4.774;4.914;4.148;1.853;0.385;0.235;0.089;7.478;0.230;428.5;< 1.0;12.85;1.482;0.192;ND;ND;ND;ND
33.793;14/01/2016;BOYACÁ;SAN JOSÉ DE PARE;Caña Panelera;Establecido;No indica;Pendiente;No indica;No Tiene;SI (18-18-18);5.04;13.73;4.490;4.655;2.582;2.049;1.179;0.360;0.199;0.123;4.445;0.211;243.1;< 1.0;1.123;1.151;0.171;ND;ND;ND;ND
33.794;14/01/2016;BOYACÁ;SAN JOSÉ DE PARE;Caña Panelera;Establecido;No indica;Plano;No indica;No Tiene;SI (15-15-15);4.480;5.592;16.75;7.037;7.757;6.800;1.906;0.500;0.412;0.148;10.72;0.240;763.3;1.507;5.784;1.389;0.130;ND;ND;ND;ND
33.795;14/01/2016;BOYACÁ;SAN JOSÉ DE PARE;Caña Panelera;Establecido;No indica;Ondulado;No indica;No Tiene;NO;4.54;4.987;26.88;7.394;3.960;3.137;3.940;0.383;0.177;0.086;8.548;0.302;347.6;< 1.0;5.516;2.081;0.255;ND;ND;ND;ND
33.797;14/01/2016;BOYACÁ;CHITARAQUE;Caña Panelera;Establecido;No indica;Pendiente;No indica;No Tiene;NO;5.53;3.887;27.47;9.418;0.221;0.068;6.685;0.718;0.177;0.074;7.876;0.191;218.4;2.904;7.506;10.3;0.109;ND;ND;ND;ND
33.798;14/01/2016;SANTANDER;BARBOSA;Caña Panelera;Establecido;No indica;Ondulado;No indica;No Tiene;NO;6.75;4.487;6.099;3.226;ND;ND;21.89;0.856;0.177;0.118;23.05;0.226;66.65;< 1.0;4.266;1.121;0.150;ND;ND;ND;ND
33.800;14/01/2016;BOYACÁ;SAN JOSÉ DE PARE;Caña Panelera;Establecido;No indica;Pendiente;No indica;No Tiene;SI (18-18-18);4.610;8.687;9.805;6.084;5.425;4.857;2.172;0.425;0.208;0.128;8.359;0.249;414.7;1.774;4.823;2.923;0.088;ND;ND;ND;ND
33.845;7/01/2016;BOYACÁ;SAN JOSÉ DE PARE;Caña Panelera;Establecido;No indica;Ondulado;No indica;No Tiene;SI (15-15-15);4.76;4.618;19.06;7.989;2.495;2.141;4.306;0.563;0.380;0.331;8.077;0.184;558.9;1.678;2.776;1.968;0.192;ND;ND;ND;ND
33.936;6/01/2016;CUNDINAMARCA;QUIPILE;Caña Panelera;Establecido;De 0 a 1 año;Plano;Buen drenaje;No Tiene;NO;7.7;6.489;212.8;19.48;ND;ND;32.66;2.691;0.581;0.299;36.23;0.440;11.39;1.83;< 1.0;26.02;0.472;ND;ND;ND;ND
33.937;6/01/2016;SANTANDER;CHIPATÁ;Caña Panelera;Establecido;No indica;Pendiente;No indica;No Tiene;NO;7.98;6.892;7.02;27.50;ND;ND;26.62;1.652;0.868;0.334;29.47;0.661;32.09;1.753;3.017;1.308;0.283;ND;ND;ND;ND
33.938;6/01/2016;SANTANDER;CHIPATÁ;Caña Panelera;Establecido;No indica;Plano;No indica;No Tiene;NO;6.43;8.393;8.564;4.511;ND;ND;16.01;2.719;1.128;0.373;20.23;0.357;100.7;2.716;5.01;4.431;0.283;ND;ND;ND;ND
33.939;6/01/2016;SANTANDER;CHIPATÁ;Caña Panelera;Establecido;No indica;Pendiente;No indica;No Tiene;NO;8.119;5.339;19.39;3.861;ND;ND;30.91;2.041;1.035;0.307;34.30;0.700;32.89;2.730;1.845;3.736;0.437;ND;ND;ND;ND
33.940;6/01/2016;SANTANDER;CHIPATÁ;Caña Panelera;Establecido;No indica;Ondulado;No indica;No Tiene;NO;8.1;5.760;<3.87;3.602;ND;ND;26.97;1.967;0.562;0.420;29.93;0.616;20.17;1.255;1.996;< 1.0;0.128;ND;ND;ND;ND
33.941;6/01/2016;SANTANDER;CHIPATÁ;Caña Panelera;Establecido;No indica;Ondulado;No indica;No Tiene;NO;6.04;6.708;<3.87;6.070;ND;ND;20.07;2.151;0.658;0.352;23.23;0.201;314.8;2.976;2.569;3.018;0.415;ND;ND;ND;ND
33.942;6/01/2016;SANTANDER;CHIPATÁ;Caña Panelera;Establecido;No indica;Pendiente;No indica;No Tiene;NO;6.39;8.129;18.68;10.09;ND;ND;9.506;2.353;0.674;0.352;12.88;0.445;89.44;2.339;4.283;4.302;0.415;ND;ND;ND;ND
33.943;6/01/2016;SANTANDER;CHIPATÁ;Caña Panelera;Establecido;No indica;Pendiente;No indica;No Tiene;NO;6.26;5.102;34.12;4.381;ND;ND;20.63;1.647;0.608;0.418;23.31;0.301;151.6;3.827;3.546;2.873;0.128;ND;ND;ND;ND
33.944;6/01/2016;SANTANDER;VÉLEZ;Caña Panelera;Establecido;No indica;Pendiente;No indica;No Tiene;NO;7.28;5.128;168.2;12.43;ND;ND;15.87;2.850;1.968;0.519;21.21;0.549;38.54;2.133;2.093;3.673;0.393;ND;ND;ND;ND
33.945;6/01/2016;SANTANDER;VÉLEZ;Caña Panelera;Establecido;No indica;Ondulado;No indica;No Tiene;NO;6.19;9.077;21.09;6.849;ND;ND;16.92;2.355;0.429;0.345;20.05;0.282;76.70;2.006;3.347;2.685;0.040;ND;ND;ND;ND
33.947;6/01/2016;SANTANDER;VÉLEZ;Caña Panelera;Establecido;No indica;Ondulado;No indica;No Tiene;NO;4.53;4.496;14.08;15.03;3.045;2.179;5.770;1.382;0.668;0.387;11.25;0.555;849.9;2.153;5.645;2.23;0.305;ND;ND;ND;ND
33.948;6/01/2016;BOYACÁ;SAN JOSÉ DE PARE;Caña Panelera;Establecido;No indica;Ondulado;No indica;No Tiene;NO;4.389;5.839;12.26;9.057;4.548;3.403;1.864;0.632;0.310;0.304;7.660;0.237;100.3;1.046;1.113;2.758;0.128;ND;ND;ND;ND
33.949;6/01/2016;BOYACÁ;SAN JOSÉ DE PARE;Caña Panelera;Establecido;No indica;Ondulado;No indica;No Tiene;SI (18-18-18);5.52;6.576;23.18;5.810;ND;ND;16.09;2.790;0.444;0.321;19.64;0.337;98.95;1.980;5.402;6.968;0.084;ND;ND;ND;ND
33.950;6/01/2016;BOYACÁ;CHITARAQUE;Caña Panelera;Establecido;No indica;Pendiente;No indica;No Tiene;NO;5.89;4.575;9.283;3.861;ND;ND;18.30;1.241;0.247;0.324;20.11;0.249;75.27;1.194;5.011;3.691;0.040;ND;ND;ND;ND
33.951;6/01/2016;BOYACÁ;SAN JOSÉ DE PARE;Caña Panelera;Establecido;No indica;Ondulado;No indica;No Tiene;NO;4.42;9.836;15.70;4.901;5.492;4.330;2.769;0.683;0.432;0.552;9.929;0.428;99.48;1.264;10.79;1.196;0.084;ND;ND;ND;ND
33.952;6/01/2016;BOYACÁ;SAN JOSÉ DE PARE;Caña Panelera;Establecido;No indica;Ondulado;No indica;No Tiene;SI (15-15-15);5.91;3.364;12.81;7.758;ND;ND;16.95;1.799;0.258;0.309;19.32;0.210;74.54;1.491;2.566;2.417;0.238;ND;ND;ND;ND
33.953;6/01/2016;BOYACÁ;SAN JOSÉ DE PARE;Caña Panelera;Establecido;No indica;Ondulado;No indica;No Tiene;SI (15-15-15);5.63;6.813;16.71;3.861;ND;ND;22.29;2.823;0.415;0.363;25.89;0.314;83.66;< 1.0;3.995;3.199;0.128;ND;ND;ND;ND
33.954;6/01/2016;SANTANDER;GÜEPSA;Caña Panelera;Establecido;No indica;Ondulado;No indica;No Tiene;NO;5.26;5.813;5.704;4.121;0;0;9.969;1.392;0.389;0.377;12.12;0.303;104.5;4.168;8.054;2.585;0.150;ND;ND;ND;ND
33.955;6/01/2016;BOYACÁ;CHITARAQUE;Caña Panelera;Establecido;No indica;Ondulado;No indica;No Tiene;NO;4.96;7.919;31.67;21.65;5.463;4.416;9.534;1.078;0.436;0.338;16.85;0.361;555.5;5.125;1.193;4.881;0.194;ND;ND;ND;ND
33.957;6/01/2016;BOYACÁ;CHITARAQUE;Caña Panelera;Establecido;No indica;Ondulado;No indica;No Tiene;NO;4.83;3.996;13.39;5.550;2.283;1.147;3.695;0.297;0.286;0.439;7.003;0.264;713.0;3.125;19.07;9.684;0.106;ND;ND;ND;ND
33.960;6/01/2016;SANTANDER;BARBOSA;Caña Panelera;Establecido;No indica;Ondulado;No indica;No Tiene;NO;4.92;6.734;<3.87;9.447;2.621;1.701;8.394;1.132;0.396;0.383;12.92;0.280;747.9;1.710;6.240;1.274;0.128;ND;ND;ND;ND
33.961;6/01/2016;BOYACÁ;CHITARAQUE;Caña Panelera;Establecido;No indica;Pendiente;No indica;No Tiene;NO;5.48;5.418;7.830;4.121;0;0;14.48;1.245;0.387;0.421;16.53;0.267;448.1;2.277;10.29;4.53;0.150;ND;ND;ND;ND
33.963;6/01/2016;BOYACÁ;CHITARAQUE;Caña Panelera;Establecido;No indica;Pendiente;No indica;No Tiene;NO;4.730;5.707;6.759;2.952;4.345;3.125;3.886;0.587;0.274;0.271;9.365;0.243;564.5;1.844;3.259;3.151;0.084;ND;ND;ND;ND
33.966;6/01/2016;BOYACÁ;SAN JOSÉ DE PARE;Caña Panelera;Establecido;No indica;Ondulado;No indica;No Tiene;SI;5.32;9.183;15.67;8.797;1.214;0.879;5.134;0.371;0.207;0.264;7.191;0.246;86.44;1.211;1.811;< 1.0;0.084;ND;ND;ND;ND
33.967;6/01/2016;BOYACÁ;SAN JOSÉ DE PARE;Caña Panelera;Establecido;No indica;Ondulado;No indica;No Tiene;SI (15-15-15);5.03;5.418;6.805;5.940;1.059;0.917;9.259;2.092;0.529;0.311;13.25;0.251;487.6;1.581;10.65;3.517;0.106;ND;ND;ND;ND
33.968;6/01/2016;BOYACÁ;SAN JOSÉ DE PARE;Caña Panelera;Establecido;No indica;Ondulado;No indica;No Tiene;NO;4.57;6.471;4.098;4.771;8.238;6.930;1.760;0.592;0.551;0.497;11.64;0.191;446.9;1.435;5.389;1.423;0.062;ND;ND;ND;ND
33.969;6/01/2016;SANTANDER;BARBOSA;Caña Panelera;Establecido;No indica;Pendiente;No indica;No Tiene;NO;5.37;4.049;<3.87;4.381;1.165;0.688;12.03;2.507;0.725;0.350;16.78;0.216;589.8;2.027;9.772;1.043;0.062;ND;ND;ND;ND
33.970;6/01/2016;SANTANDER;BARBOSA;Caña Panelera;Establecido;No indica;Ondulado;No indica;No Tiene;NO;5.37;7.287;9.772;3.861;0.269;0;19.60;0.672;0.494;0.782;21.82;0.258;425.0;1.595;9.26;4.019;0.040;ND;ND;ND;ND
33.971;6/01/2016;SANTANDER;GÜEPSA;Caña Panelera;Establecido;No indica;Pendiente;No indica;No Tiene;NO;4.74;4.865;<3.87;3.342;3.247;2.303;4.316;0.766;0.318;0.271;8.919;0.243;670.7;1.524;4.424;2.046;0.040;ND;ND;ND;ND
33.972;6/01/2016;BOYACÁ;CHITARAQUE;Caña Panelera;Establecido;No indica;Pendiente;No indica;No Tiene;NO;4.3;7.866;5.062;8.538;4.133;3.355;1.397;0.533;0.467;0.283;6.815;0.407;671.4;1.897;13.62;2.085;0.106;ND;ND;ND;ND
33.973;6/01/2016;BOYACÁ;CHITARAQUE;Caña Panelera;Establecido;No indica;Pendiente;No indica;No Tiene;NO;4.32;7.524;6.362;5.030;7.477;6.156;2.861;0.711;0.452;0.372;11.87;0.389;869.7;6.806;3.864;7.831;0.040;ND;ND;ND;ND
33.974;6/01/2016;BOYACÁ;CHITARAQUE;Caña Panelera;Establecido;No indica;Pendiente;No indica;No Tiene;NO;4.690;6.366;4.343;5.290;5.107;4.072;0.933;0.429;0.572;0.399;7.441;0.187;98.22;1.107;< 1.0;< 1.0;0.040;ND;ND;ND;ND
33.975;6/01/2016;BOYACÁ;CHITARAQUE;Caña Panelera;Establecido;No indica;Pendiente;No indica;No Tiene;NO;5.019;6.366;3.517;9.057;3.950;3.068;3.669;1.863;1.098;0.336;10.91;0.300;418.0;1.175;3.601;1.681;0.084;ND;ND;ND;ND
33.976;6/01/2016;BOYACÁ;CHITARAQUE;Caña Panelera;Establecido;No indica;Pendiente;No indica;No Tiene;NO;5.34;3.127;12.84;3.342;0;0;7.424;2.538;0.552;0.383;10.89;0.159;368.9;2.137;1.252;2.823;0.040;ND;ND;ND;ND
33.977;6/01/2016;BOYACÁ;SAN JOSÉ DE PARE;Caña Panelera;Establecido;No indica;Ondulado;No indica;No Tiene;NO;5.41;6.050;14.77;7.758;0.953;0.525;7.006;1.093;0.269;0.370;9.692;0.199;794.3;1.686;15.14;4.403;0.283;ND;ND;ND;ND
33.978;6/01/2016;BOYACÁ;SAN JOSÉ DE PARE;Caña Panelera;Establecido;No indica;Ondulado;No indica;No Tiene;NO;4.559;13.00;7.478;5.810;3.362;2.800;1.589;0.412;0.300;0.278;5.945;0.354;83.09;1.004;2.816;1.159;0.040;ND;ND;ND;ND
33.979;6/01/2016;BOYACÁ;SAN JOSÉ DE PARE;Caña Panelera;Establecido;No indica;Ondulado;No indica;No Tiene;SI;4.360;4.944;10.90;6.459;4.567;3.441;4.177;0.574;0.368;0.410;10.09;0.513;878.8;1.456;11.72;3.148;0.150;ND;ND;ND;ND
33.980;6/01/2016;BOYACÁ;SAN JOSÉ DE PARE;Caña Panelera;Establecido;No indica;Ondulado;No indica;No Tiene;SI (15-15-15);4.809;8.156;23.01;8.797;2.621;1.883;1.467;0.420;0.333;0.355;5.198;0.215;93.90;1.333;< 1.0;1.885;0.283;ND;ND;ND;ND
33.981;6/01/2016;BOYACÁ;SAN JOSÉ DE PARE;Caña Panelera;Establecido;No indica;Ondulado;No indica;No Tiene;NO;4.93;4.760;5.414;3.861;2.910;2.160;4.078;0.977;0.332;0.349;8.648;0.197;562.7;4.399;12.42;5.096;0.128;ND;ND;ND;ND
33.982;6/01/2016;BOYACÁ;SAN JOSÉ DE PARE;Caña Panelera;Establecido;No indica;Ondulado;No indica;No Tiene;SI (10-20-20);5.04;5.312;21.39;5.680;1.262;0.793;9.317;2.085;0.396;0.318;13.37;0.376;495.4;3.158;9.27;2.637;0.150;ND;ND;ND;ND
33.983;6/01/2016;BOYACÁ;SAN JOSÉ DE PARE;Caña Panelera;Establecido;No indica;Ondulado;No indica;No Tiene;NO;4.88;3.443;12.52;3.342;1.946;1.271;7.746;2.495;0.260;0.324;12.77;0.233;334.3;3.900;14.09;3.383;0.040;ND;ND;ND;ND
33.984;6/01/2016;BOYACÁ;SAN JOSÉ DE PARE;Caña Panelera;Establecido;No indica;Ondulado;No indica;No Tiene;SI;4.46;4.470;8.794;5.030;4.500;3.555;2.331;0.746;0.372;0.403;8.354;0.233;891.2;1.681;3.66;2;0.062;ND;ND;ND;ND
33.985;6/01/2016;SANTANDER;BARBOSA;Caña Panelera;Establecido;No indica;Plano;No indica;No Tiene;NO;7.05;6.050;4.068;11.91;ND;ND;11.31;1.986;0.370;0.425;14.09;0.437;28.57;1.084;9.016;1.038;0.216;ND;ND;ND;ND
33.986;6/01/2016;SANTANDER;BARBOSA;Caña Panelera;Establecido;No indica;Ondulado;No indica;No Tiene;NO;4.99;4.496;<3.87;3.731;2.457;1.653;8.133;1.357;0.358;0.340;12.64;0.190;417.1;2.586;37.97;1.121;0.084;ND;ND;ND;ND
33.987;6/01/2016;SANTANDER;VÉLEZ;Caña Panelera;Establecido;No indica;Pendiente;No indica;No Tiene;NO;5.61;2.943;4.603;8.278;ND;ND;13.01;1.756;0.507;0.411;15.69;0.255;284.9;2.665;14.76;4.732;0.150;ND;ND;ND;ND
33.992;6/01/2016;BOYACÁ;SAN JOSÉ DE PARE;Caña Panelera;Establecido;No indica;Ondulado;No indica;No Tiene;NO;4.650;7.024;4.725;4.641;3.873;2.944;1.519;0.491;0.336;0.353;6.574;0.276;426.7;1.03;1.234;< 1.0;0.062;ND;ND;ND;ND
33.993;6/01/2016;BOYACÁ;SAN JOSÉ DE PARE;Caña Panelera;Establecido;No indica;Ondulado;No indica;No Tiene;NO;4.110;12.52;18.79;5.550;7.294;6.156;1.457;0.348;0.297;0.257;9.656;0.412;3004.;1.285;1.905;2.412;0.040;ND;ND;ND;ND
33.997;6/01/2016;BOYACÁ;MONIQUIRÁ;Caña Panelera;Establecido;No indica;Plano;No indica;No Tiene;SI (18-18-18);4.59;6.287;<3.87;4.511;2.775;2.074;2.569;1.005;0.344;0.312;7.006;0.300;506.2;1.343;4.250;1.516;0.194;ND;ND;ND;ND
34.011;6/01/2016;BOYACÁ;TOGÜÍ;Caña Panelera;Establecido;No indica;Plano;No indica;No Tiene;SI (15-15-15);4.66;10.55;4.782;14.38;4.056;3.259;2.726;0.764;1.066;0.377;8.991;0.440;456.1;1.260;4.577;2.011;0.106;ND;ND;ND;ND
34.027;6/01/2016;BOYACÁ;SAN JOSÉ DE PARE;Caña Panelera;Establecido;No indica;Plano;No indica;No Tiene;SI (18-18-18);4.57;6.181;15.09;5.160;4.047;3.144;1.564;0.433;0.499;0.229;6.774;0.239;791.6;1.171;3.79;1.318;0.172;ND;ND;ND;ND
34.028;6/01/2016;BOYACÁ;SAN JOSÉ DE PARE;Caña Panelera;Establecido;No indica;Plano;No indica;No Tiene;SI (18-18-18);5.27;3.180;5.538;3.602;0.433;0.219;10.35;1.031;0.318;0.418;12.55;0.205;302.4;1.75;8.036;1.228;0.084;ND;ND;ND;ND
34.029;6/01/2016;BOYACÁ;SAN JOSÉ DE PARE;Caña Panelera;Establecido;No indica;Plano;No indica;No Tiene;SI (18-18-18);4.769;5.286;11.16;5.680;3.767;2.934;4.946;1.066;0.987;0.444;11.21;0.238;914.1;1.726;13.74;1.96;0.150;ND;ND;ND;ND
34.031;6/01/2016;BOYACÁ;MONIQUIRÁ;Caña Panelera;Establecido;No indica;Plano;No indica;No Tiene;NO;4.66;3.391;5.404;3.731;3.449;2.686;3.909;0.696;0.292;0.466;8.815;0.246;541.6;1.763;12.38;1.395;0.172;ND;ND;ND;ND
34.033;6/01/2016;BOYACÁ;MONIQUIRÁ;Caña Panelera;Establecido;No indica;Plano;No indica;No Tiene;SI;4.67;4.128;4.397;3.991;4.182;3.355;5.928;1.509;0.358;0.415;12.39;0.240;641.5;2.147;9.310;2.272;0.128;ND;ND;ND;ND
34.034;6/01/2016;BOYACÁ;MONIQUIRÁ;Caña Panelera;Establecido;No indica;Pendiente;No indica;No Tiene;SI (10-20-20);4.889;3.601;4.323;4.771;3.632;2.657;6.336;1.097;0.534;0.388;11.99;0.179;658.9;1.85;10.19;2.133;0.172;ND;ND;ND;ND
34.039;6/01/2016;BOYACÁ;MONIQUIRÁ;Caña Panelera;Establecido;No indica;Ondulado;No indica;No Tiene;SI (10-12-24);4.46;7.498;<3.87;3.602;4.760;3.900;1.694;0.674;0.386;0.415;7.930;0.219;509.2;1.205;1.981;< 1.0;0.062;ND;ND;ND;ND
34.041;6/01/2016;BOYACÁ;MONIQUIRÁ;Caña Panelera;Establecido;No indica;Plano;No indica;No Tiene;SI (10-20-10);4.900;3.864;<3.87;7.628;3.266;2.619;3.717;0.881;0.625;0.377;8.868;0.175;499.6;1.333;2.518;1.521;0.658;ND;ND;ND;ND
34.042;6/01/2016;SANTANDER;BARBOSA;Caña Panelera;Establecido;No indica;Ondulado;No indica;No Tiene;NO;4.860;5.523;<3.87;3.602;2.813;1.969;2.193;0.732;0.407;0.355;6.503;0.185;607.7;1.187;3.559;< 1.0;0.062;ND;ND;ND;ND
34.046;6/01/2016;BOYACÁ;MONIQUIRÁ;Caña Panelera;Establecido;No indica;Plano;No indica;No Tiene;NO;5.07;6.445;<3.87;3.602;0.867;0.516;10.09;1.816;0.369;0.361;13.50;0.304;531.7;2.194;9.682;1.507;0.106;ND;ND;ND;ND
34.047;6/01/2016;BOYACÁ;MONIQUIRÁ;Caña Panelera;Establecido;No indica;Plano;No indica;No Tiene;SI (18-18-18);6.74;6.813;18.36;9.317;ND;ND;25.08;3.286;0.508;0.654;29.52;0.364;33.93;< 1.0;7.381;< 1.0;0.283;ND;ND;ND;ND
34.048;6/01/2016;BOYACÁ;CHITARAQUE;Caña Panelera;Establecido;No indica;Pendiente;No indica;No Tiene;NO;5.05;10.18;6.338;8.668;2.418;1.720;5.418;1.346;0.568;0.589;10.34;0.317;314.9;1.655;3.050;1.467;0.062;ND;ND;ND;ND
34.049;6/01/2016;BOYACÁ;CHITARAQUE;Caña Panelera;Establecido;No indica;Ondulado;No indica;No Tiene;NO;4.59;3.759;13.08;4.121;4.991;4.043;1.706;0.571;0.330;0.358;7.958;0.213;332.3;1.211;2.227;< 1.0;0.084;ND;ND;ND;ND
34.051;6/01/2016;BOYACÁ;CHITARAQUE;Caña Panelera;Establecido;No indica;Pendiente;No indica;No Tiene;NO;5.019;2.917;<3.87;11.91;2.755;2.265;1.337;0.557;0.321;0.258;5.230;0.162;360.2;< 1.0;< 1.0;< 1.0;0.172;ND;ND;ND;ND
34.053;6/01/2016;BOYACÁ;CHITARAQUE;Caña Panelera;Establecido;No indica;Pendiente;No indica;No Tiene;NO;5.29;4.733;8.664;9.317;1.088;0.630;6.521;0.742;0.263;0.308;8.924;0.271;220.1;1.502;3.765;< 1.0;0.062;ND;ND;ND;ND
34.054;6/01/2016;BOYACÁ;CHITARAQUE;Caña Panelera;Establecido;No indica;Pendiente;No indica;No Tiene;NO;4.309;8.603;12.57;11.65;3.054;2.189;1.489;0.608;0.378;0.329;5.861;0.667;391.3;1.444;1.957;1.145;0.194;ND;ND;ND;ND
34.056;6/01/2016;BOYACÁ;SAN JOSÉ DE PARE;Caña Panelera;Establecido;No indica;Plano;No indica;No Tiene;SI (18-18-18);4.67;5.707;<3.87;3.991;3.652;2.714;1.778;0.519;0.293;0.367;6.611;0.206;501.1;1.096;1.476;< 1.0;0.084;ND;ND;ND;ND
34.057;6/01/2016;BOYACÁ;SAN JOSÉ DE PARE;Caña Panelera;Establecido;No indica;Plano;No indica;No Tiene;SI (18-18-18);5.45;6.023;65.53;3.861;0.414;0.191;12.35;2.352;1.895;0.439;17.45;0.264;760.9;2.187;16.22;3.713;0.084;ND;ND;ND;ND
34.058;6/01/2016;BOYACÁ;SAN JOSÉ DE PARE;Caña Panelera;Establecido;No indica;Pendiente;No indica;No Tiene;SI (18-18-18);4.67;5.339;<3.87;3.602;5.155;4.033;4.861;1.273;0.540;0.392;12.22;0.245;910.8;1.593;5.009;1.637;0.062;ND;ND;ND;ND
34.059;6/01/2016;BOYACÁ;MONIQUIRÁ;Caña Panelera;Establecido;No indica;Plano;No indica;No Tiene;SI (18-18-18);4.92;3.917;7.390;4.381;3.093;2.332;6.681;1.451;0.556;0.310;12.09;0.218;624.2;1.827;11.17;2.048;0.128;ND;ND;ND;ND
34.354;25/01/2016;SANTANDER;VÉLEZ;Caña Panelera;Establecido;No indica;Ondulado;No indica;No Tiene;NO;7.37;7.076;26.07;14.92;ND;ND;35.83;0.761;0.351;0.180;37.12;0.498;52.92;7.218;3.282;57.58;0.464;ND;ND;ND;ND
34.355;25/01/2016;SANTANDER;VÉLEZ;Caña Panelera;Establecido;No indica;Ondulado;No indica;No Tiene;NO;5.39;5.660;11.89;5.165;0.188;0;19.00;0.582;0.283;0.110;20.16;0.207;558.4;9.862;8.068;39.22;0.314;ND;ND;ND;ND
34.358;25/01/2016;BOYACÁ;SAN JOSÉ DE PARE;Caña Panelera;Establecido;No indica;Plano;No indica;No Tiene;SI (15-15-15);4.88;4.637;10.29;6.985;4.507;4.097;3.388;0.421;0.199;0.191;8.709;0.216;715.8;1.758;10.80;3.115;0.250;ND;ND;ND;ND
34.360;25/01/2016;BOYACÁ;SAN JOSÉ DE PARE;Caña Panelera;Establecido;No indica;Ondulado;No indica;No Tiene;SI (18-18-18);4.360;3.904;15.31;4.338;6.166;5.783;1.090;0.223;0.118;0.080;7.679;0.426;1095.;1.722;9.587;3.408;0.165;ND;ND;ND;ND
34.361;25/01/2016;SANTANDER;VÉLEZ;Caña Panelera;Establecido;No indica;Ondulado;No indica;No Tiene;NO;6;6.881;10.46;17.24;ND;ND;33.60;0.757;0.295;0.235;34.89;0.313;94.75;5.777;6.848;128.3;0.293;ND;ND;ND;ND
34.447;25/01/2016;SANTANDER;VÉLEZ;Caña Panelera;Establecido;No indica;Plano;No indica;No Tiene;NO;6.95;6.826;16.03;20.71;ND;ND;8.895;2.432;0.382;0.237;11.94;0.480;68.79;1.390;3.068;2.008;0.529;ND;ND;ND;ND
34.448;25/01/2016;SANTANDER;VÉLEZ;Caña Panelera;Establecido;No indica;Ondulado;No indica;No Tiene;NO;5.41;4.243;34.41;6.819;0.258;0.106;15.91;0.515;0.231;0.133;17.05;0.719;565.7;19.04;6.017;122.2;0.122;ND;ND;ND;ND
34.449;25/01/2016;BOYACÁ;CHITARAQUE;Caña Panelera;Establecido;No indica;Ondulado;No indica;No Tiene;SI;5.24;3.660;10.74;3.841;0.556;0.330;5.179;0.467;0.174;0.229;6.606;0.250;100.7;1.615;30.66;2.702;0.314;ND;ND;ND;ND
34.450;25/01/2016;SANTANDER;VÉLEZ;Caña Panelera;Establecido;No indica;Ondulado;No indica;No Tiene;NO;4.21;7.027;9.919;8.639;6.851;6.231;3.994;1.355;0.387;0.150;12.73;0.209;2259.;3.804;10.68;5.140;0.293;ND;ND;ND;ND
34.451;21/01/2016;CUNDINAMARCA;VILLETA;Caña Panelera;Establecido;De 5 a 10 años;Pendiente;Buen drenaje;No Tiene;Ninguno;5.41;3.247;8.435;5.676;0.221;0.106;8.837;2.768;0.241;0.141;12.21;0.424;393.9;3.679;3.55;4.525;0.098;ND;ND;ND;ND
34.452;21/01/2016;CUNDINAMARCA;CAPARRAPÍ;Caña Panelera;Establecido;Mas de 10 años;Pendiente;Regular drenaje;No Tiene;NO;6.72;5.457;49.45;5.676;ND;ND;36.84;1.269;0.344;0.429;38.89;0.791;50.83;< 1.0;2.147;3.51;0.120;ND;ND;ND;ND
34.453;21/01/2016;CUNDINAMARCA;VILLETA;Caña Panelera;Establecido;De 5 a 10 años;Pendiente;Buen drenaje;No Tiene;Ninguno;5.46;2.959;5.064;3.207;0;0;10.34;0.306;0.147;0.140;10.93;0.152;384.7;10.90;5.269;25.63;0.054;ND;ND;ND;ND
34.454;21/01/2016;CUNDINAMARCA;CAPARRAPÍ;Caña Panelera;Establecido;No indica;Ondulado;Regular drenaje;No Tiene;NO;6.96;8.561;92.63;9.626;ND;ND;43.67;1.139;0.476;0.800;46.09;0.676;26.09;1.462;1.889;11.64;0.340;ND;ND;ND;ND
34.455;21/01/2016;CUNDINAMARCA;VILLETA;Caña Panelera;Establecido;De 5 a 10 años;Pendiente;Buen drenaje;No Tiene;Ninguno;6.77;4.232;19.75;21.72;ND;ND;21.75;1.256;0.097;0.292;23.40;0.706;59.95;3.225;2.084;4.338;0.120;ND;ND;ND;ND
34.456;21/01/2016;CUNDINAMARCA;VILLETA;Caña Panelera;Establecido;De 5 a 10 años;Pendiente;Buen drenaje;No Tiene;Ninguno;7.11;4.376;71.90;5.306;ND;ND;18.28;1.919;0.353;0.099;20.66;0.581;45.40;2.200;< 1.0;13.12;0.494;ND;ND;ND;ND
34.457;21/01/2016;CUNDINAMARCA;VILLETA;Caña Panelera;Establecido;Mas de 10 años;Ondulado;Buen drenaje;No indica;No indica;5.81;2.094;21.79;4.195;ND;ND;8.174;1.561;0.344;0.263;10.34;0.431;199.5;1.819;2.363;7.934;0.054;ND;ND;ND;ND
34.458;21/01/2016;CUNDINAMARCA;CAPARRAPÍ;Caña Panelera;Establecido;Mas de 10 años;Ondulado;Regular drenaje;No Tiene;NO;6.43;8.128;244.5;9.996;ND;ND;27.06;1.794;0.648;0.087;29.59;0.736;89.19;1.954;1.411;6.875;0.406;ND;ND;ND;ND
34.459;21/01/2016;CUNDINAMARCA;VILLETA;Caña Panelera;Establecido;De 1 a 5 años;Pendiente;Buen drenaje;No Tiene;Ninguno;6.17;2.671;8.700;3.330;ND;ND;8.255;1.197;0.163;0.145;9.762;0.364;252.9;3.758;5.198;< 1.0;0.054;ND;ND;ND;ND
34.460;21/01/2016;CUNDINAMARCA;CAPARRAPÍ;Caña Panelera;Establecido;Mas de 10 años;Ondulado;Regular drenaje;No Tiene;NO;7.79;5.121;168.3;3.824;ND;ND;49.10;1.155;0.366;0.164;50.79;0.574;24.35;1.905;1.549;6.070;0.098;ND;ND;ND;ND
34.461;21/01/2016;CUNDINAMARCA;VILLETA;Caña Panelera;Establecido;Mas de 10 años;Pendiente;Buen drenaje;No Tiene;Ninguno;4.93;2.887;9.050;6.663;3.314;2.885;5.364;0.903;0.246;0.217;10.04;0.243;688.7;2.958;3.266;4.934;0.076;ND;ND;ND;ND
34.462;21/01/2016;CUNDINAMARCA;LA PEÑA;Caña Panelera;Establecido;Mas de 10 años;Pendiente;Buen drenaje;No Tiene;NO;8.11;3.535;8.938;6.046;ND;ND;58.61;0.702;0.271;0.183;59.77;0.782;11.98;2.291;1.768;2.66;0.142;ND;ND;ND;ND
34.463;21/01/2016;CUNDINAMARCA;VILLETA;Caña Panelera;Establecido;De 5 a 10 años;Pendiente;Buen drenaje;No Tiene;Ninguno;7.25;5.337;110.0;12.71;ND;ND;20.71;1.067;0.199;0.153;22.13;0.626;62.18;5.634;1.522;28.86;0.208;ND;ND;ND;ND
34.464;21/01/2016;CUNDINAMARCA;CAPARRAPÍ;Caña Panelera;Establecido;Mas de 10 años;Ondulado;Buen drenaje;No indica;No indica;6.28;2.767;24.22;7.651;ND;ND;19.05;1.406;0.163;0.282;20.90;0.905;58.47;2.056;2.272;4.488;0.252;ND;ND;ND;ND
34.465;21/01/2016;CUNDINAMARCA;CAPARRAPÍ;Caña Panelera;Establecido;No indica;Pendiente;Mal drenaje;No Tiene;NO;8.119;5.866;11.48;7.404;ND;ND;42.42;0.819;0.251;0.054;43.54;0.916;29.07;1.592;1.447;4.219;0.186;ND;ND;ND;ND
34.466;21/01/2016;CUNDINAMARCA;VILLETA;Caña Panelera;Establecido;Mas de 10 años;Ondulado;Regular drenaje;No Tiene;NO;8;6.687;26.71;6.540;ND;ND;40.10;0.568;0.244;0.086;41.00;0.905;27.90;2.721;1.277;7.314;0.318;ND;ND;ND;ND
34.467;21/01/2016;CUNDINAMARCA;VILLETA;Caña Panelera;Establecido;De 5 a 10 años;Pendiente;Buen drenaje;No Tiene;Ninguno;5.28;3.103;9.400;8.391;0.674;0.505;9.128;0.940;0.237;0.175;11.15;0.429;629.9;5.258;7.396;12.62;0.164;ND;ND;ND;ND
34.468;21/01/2016;CUNDINAMARCA;CAPARRAPÍ;Caña Panelera;Establecido;Mas de 10 años;Ondulado;Mal drenaje;No Tiene;NO;5.13;2.551;6.407;8.515;0.896;0.689;5.259;2.683;0.336;0.070;9.245;0.320;420.2;1.762;9;3.179;0.296;ND;ND;ND;ND
34.469;21/01/2016;CUNDINAMARCA;VILLETA;Caña Panelera;Establecido;Mas de 10 años;Pendiente;Buen drenaje;No Tiene;Ninguno;5.37;4.045;135.7;6.170;0.221;0.087;14.26;1.876;0.507;0.148;17.02;0.323;687.3;6.316;4.097;11.78;0.230;ND;ND;ND;ND
34.470;21/01/2016;CUNDINAMARCA;VILLETA;Caña Panelera;Establecido;Mas de 10 años;Ondulado;Buen drenaje;No indica;No indica;5.79;4.424;10.43;4.195;ND;ND;10.05;2.854;0.399;0.064;13.37;0.602;362.2;2.585;9.044;11.42;0.054;ND;ND;ND;ND
34.471;21/01/2016;CUNDINAMARCA;VILLETA;Caña Panelera;Establecido;De 5 a 10 años;Pendiente;Buen drenaje;No Tiene;Ninguno;6.65;3.704;7.945;46.89;ND;ND;29.05;1.102;0.154;0.130;30.44;1.546;153.3;5.732;2.482;14.74;0.164;ND;ND;ND;ND
34.472;21/01/2016;CUNDINAMARCA;VILLETA;Caña Panelera;Establecido;Mas de 10 años;Plano;Buen drenaje;No indica;No indica;8.02;5.582;7.931;7.651;ND;ND;40.54;1.113;0.184;0.102;41.94;0.963;17.22;1.897;2.63;10.11;0.274;ND;ND;ND;ND
34.473;21/01/2016;CUNDINAMARCA;VILLETA;Caña Panelera;Establecido;Mas de 10 años;Plano;Buen drenaje;No indica;No indica;7.95;4.822;<3.87;35.17;ND;ND;41.73;1.318;0.131;0.225;43.40;1.833;10.46;2.762;1.260;7.315;0.230;ND;ND;ND;ND
34.474;21/01/2016;CUNDINAMARCA;CAPARRAPÍ;Caña Panelera;Establecido;Mas de 10 años;Ondulado;Regular drenaje;No Tiene;NO;5.51;3.343;99.20;3.701;ND;ND;6.973;0.853;0.189;0.113;8.129;0.516;831.7;2.238;5.288;5.460;0.076;ND;ND;ND;ND
34.475;21/01/2016;CUNDINAMARCA;VILLETA;Caña Panelera;Establecido;De 5 a 10 años;Pendiente;Buen drenaje;No Tiene;Ninguno;5.48;2.791;47.63;5.429;0;0;8.507;1.579;0.664;0.198;10.94;0.335;676.6;6.215;1.933;12.17;0.054;ND;ND;ND;ND
34.476;21/01/2016;CUNDINAMARCA;VILLETA;Caña Panelera;Establecido;De 5 a 10 años;Pendiente;Buen drenaje;No Tiene;Ninguno;6.06;2.238;56.68;6.170;ND;ND;10.68;1.678;0.153;0.099;12.61;0.281;253.4;4.903;1.214;11.93;0.076;ND;ND;ND;ND
34.477;21/01/2016;CUNDINAMARCA;VILLETA;Caña Panelera;Establecido;Mas de 10 años;Pendiente;Buen drenaje;No Tiene;Ninguno;8.16;6.111;5.567;3.824;ND;ND;50.63;1.147;0.441;0.732;52.95;0.807;15.87;2.173;1.426;6.982;0.208;ND;ND;ND;ND
34.478;21/01/2016;CUNDINAMARCA;VILLETA;Caña Panelera;Establecido;Mas de 10 años;Pendiente;Buen drenaje;No Tiene;Ninguno;5.88;2.046;45.66;4.565;ND;ND;10.07;1.455;0.144;0.097;11.77;0.260;420.0;4.272;1.736;11.16;0.054;ND;ND;ND;ND
34.479;21/01/2016;CUNDINAMARCA;CAPARRAPÍ;Caña Panelera;Establecido;De 5 a 10 años;Ondulado;Buen drenaje;No Tiene;NO;4.58;10.52;26.28;9.749;2.775;2.302;3.444;2.048;0.698;0.116;9.084;1.368;371.1;1.223;5.293;2.892;0.120;ND;ND;ND;ND
34.480;21/01/2016;CUNDINAMARCA;CAPARRAPÍ;Caña Panelera;Establecido;Mas de 10 años;Ondulado;Regular drenaje;No Tiene;NO;6.17;3.463;7.526;3.824;ND;ND;18.41;2.317;0.341;0.146;21.22;0.540;287.6;3.508;7.586;6.615;0.076;ND;ND;ND;ND
34.481;21/01/2016;CUNDINAMARCA;VILLETA;Caña Panelera;Establecido;De 1 a 5 años;Pendiente;Buen drenaje;No Tiene;Ninguno;5.78;2.430;5.344;4.195;ND;ND;10.62;0.993;0.144;0.102;11.86;0.257;257.1;4.226;3.648;1.552;0.076;ND;ND;ND;ND
34.482;21/01/2016;CUNDINAMARCA;CAPARRAPÍ;Caña Panelera;Establecido;Mas de 10 años;Ondulado;Regular drenaje;No Tiene;NO;6.96;4.064;51.38;8.145;ND;ND;34.81;1.662;0.438;0.133;37.05;0.655;43.35;2.359;2.036;12.38;0.186;ND;ND;ND;ND
34.483;21/01/2016;CUNDINAMARCA;VILLETA;Caña Panelera;Establecido;De 5 a 10 años;Pendiente;Buen drenaje;No Tiene;Ninguno;8.57;1.493;<3.87;13.94;ND;ND;52.69;2.229;0.125;0.360;55.41;0.651;5.354;6.716;3.125;13.76;0.208;ND;ND;ND;ND
34.484;21/01/2016;CUNDINAMARCA;VILLETA;Caña Panelera;Establecido;Mas de 10 años;Pendiente;Buen drenaje;No indica;No indica;7.57;1.902;48.54;8.391;ND;ND;24.87;1.524;0.320;0.826;27.54;0.570;66.04;2.415;1.547;4.062;0.164;ND;ND;ND;ND
34.485;21/01/2016;CUNDINAMARCA;VILLETA;Caña Panelera;Establecido;De 5 a 10 años;Pendiente;Buen drenaje;No Tiene;Ninguno;8.17;4.136;17.16;4.812;ND;ND;43.97;0.544;0.221;0.107;44.84;0.624;18.29;3.605;2.624;10.09;0.340;ND;ND;ND;ND
34.486;21/01/2016;CUNDINAMARCA;CAPARRAPÍ;Caña Panelera;Establecido;Mas de 10 años;Ondulado;Regular drenaje;No Tiene;NO;7.97;4.785;60.89;8.762;ND;ND;45.12;2.082;1.120;0.208;48.53;0.767;25.54;2.513;1.938;6.165;0.450;ND;ND;ND;ND
34.496;21/01/2016;CUNDINAMARCA;VILLETA;Caña Panelera;Establecido;Mas de 10 años;Pendiente;Mal drenaje;No indica;No indica;5.47;3.872;19.90;7.898;0;0;11.34;1.604;0.304;0.453;13.70;0.709;500.6;3.373;2.464;8.914;0.142;ND;ND;ND;ND
34.506;21/01/2016;CUNDINAMARCA;CAPARRAPÍ;Caña Panelera;Establecido;No indica;Ondulado;Regular drenaje;No Tiene;NO;8.09;4.544;7.777;8.391;ND;ND;49.32;0.873;0.281;0.130;50.60;0.665;31.38;2.551;2.338;5.192;0.186;ND;ND;ND;ND
34.507;21/01/2016;CUNDINAMARCA;CAPARRAPÍ;Caña Panelera;Establecido;Mas de 10 años;Pendiente;Regular drenaje;No Tiene;NO;6.42;4.184;586.0;6.416;ND;ND;15.41;1.445;0.627;0.080;17.57;0.399;590.5;6.696;3.179;28.03;0.142;ND;ND;ND;ND
34.508;21/01/2016;CUNDINAMARCA;VILLETA;Caña Panelera;Establecido;De 5 a 10 años;Pendiente;Buen drenaje;No Tiene;Ninguno;7.02;2.166;20.21;76.49;ND;ND;33.15;1.288;0.133;0.276;34.85;1.952;69.72;4.645;2.924;17.90;0.164;ND;ND;ND;ND
34.509;21/01/2016;CUNDINAMARCA;CAPARRAPÍ;Caña Panelera;Establecido;Mas de 10 años;Ondulado;Regular drenaje;No Tiene;NO;7.19;3.343;98.67;6.663;ND;ND;20.09;0.997;0.176;0.094;21.36;0.392;79.24;1.782;1.945;2.422;0.208;ND;ND;ND;ND
34.510;21/01/2016;CUNDINAMARCA;VILLETA;Caña Panelera;Establecido;Mas de 10 años;Ondulado;No indica;No indica;No indica;8.17;5.198;7.581;4.565;ND;ND;40.50;0.691;0.153;0.062;41.41;0.695;32.65;2.193;1.085;10.26;0.252;ND;ND;ND;ND
34.511;21/01/2016;CUNDINAMARCA;CAPARRAPÍ;Caña Panelera;Establecido;Mas de 10 años;Ondulado;Regular drenaje;No Tiene;NO;5.53;3.944;4.127;4.441;ND;ND;7.559;2.716;0.213;0.120;10.60;0.430;272.0;2.650;19.64;6.150;0.076;ND;ND;ND;ND
34.512;21/01/2016;CUNDINAMARCA;VILLETA;Caña Panelera;Establecido;De 5 a 10 años;Pendiente;Buen drenaje;No Tiene;Ninguno;7.38;1.998;153.3;3.577;ND;ND;34.54;0.537;0.155;0.061;35.29;0.303;218.9;8.167;< 1.0;14.09;0.054;ND;ND;ND;ND
34.514;21/01/2016;CUNDINAMARCA;VILLETA;Caña Panelera;Establecido;De 5 a 10 años;Pendiente;Buen drenaje;No Tiene;Ninguno;8.449;2.671;8.113;5.552;ND;ND;44.65;0.786;0.111;0.097;45.65;0.633;10.05;4.762;< 1.0;37.77;0.076;ND;ND;ND;ND
34.516;25/01/2016;BOYACÁ;SANTANA;Caña Panelera;Establecido;No indica;Pendiente;No indica;No Tiene;SI;4.87;3.220;23.22;4.503;1.648;1.589;6.749;0.884;0.193;0.095;9.570;0.277;872.8;1.588;14.86;1.904;0.272;ND;ND;ND;ND
34.517;25/01/2016;SANTANDER;CHIPATÁ;Caña Panelera;Establecido;No indica;Ondulado;No indica;No Tiene;NO;7.88;3.803;5.090;27.66;ND;ND;31.60;1.304;0.103;0.050;33.06;0.822;45.79;2.374;4.104;11.17;0.314;ND;ND;ND;ND
34.519;25/01/2016;SANTANDER;CHIPATÁ;Caña Panelera;Establecido;No indica;Ondulado;No indica;No Tiene;NO;4.53;3.465;40.30;5;3.673;3.265;2.277;0.404;0.175;0.080;6.612;0.227;1028.;1.248;6.995;1.244;0.165;ND;ND;ND;ND
34.520;25/01/2016;SANTANDER;GÜEPSA;Caña Panelera;Establecido;No indica;Pendiente;No indica;No Tiene;NO;5.04;4.808;11.37;5.165;2.214;1.856;8.734;1.258;0.738;0.031;12.97;0.321;958.1;3.285;2.942;10.58;0.229;ND;ND;ND;ND
34.523;25/01/2016;BOYACÁ;CHITARAQUE;Caña Panelera;Establecido;No indica;Ondulado;No indica;No Tiene;SI (15-15-15);4.71;7.809;8.223;5.330;3.465;3.243;1.329;0.308;0.173;0.030;5.307;0.479;780.3;1.49;4.351;1.159;0.250;ND;ND;ND;ND
34.527;25/01/2016;BOYACÁ;SANTANA;Caña Panelera;Establecido;No indica;Ondulado;No indica;No Tiene;NO;4.53;3.758;14.91;6.819;4.190;3.756;3.475;0.693;0.250;0.201;8.811;0.319;1477.;2.301;8.426;4.889;0.229;ND;ND;ND;ND
34.529;25/01/2016;VALLE DEL CAUCA;SAN PEDRO;Caña Panelera;Establecido;No indica;Plano;Buen drenaje;No indica;UREA-KCL-DAP-COSMO R;7.06;3.588;10.29;2.670;ND;ND;19.32;12.87;0.212;0.936;33.34;0.294;5.973;1.681;< 1.0;< 1.0;0.244;ND;ND;ND;ND
34.538;25/01/2016;SANTANDER;CHIPATÁ;Caña Panelera;Establecido;No indica;Ondulado;No indica;No Tiene;NO;7.4;8.395;32.51;14.92;ND;ND;21.02;1.645;0.397;0.200;23.27;0.275;36.54;3.628;2.844;3.679;0.379;ND;ND;ND;ND
34.539;25/01/2016;BOYACÁ;CHITARAQUE;Caña Panelera;Establecido;No indica;Pendiente;No indica;No Tiene;NO;6.01;5.708;20.01;5.992;ND;ND;14.20;0.947;0.175;0.073;15.40;0.356;87.07;1.179;11.87;1.625;0.143;ND;ND;ND;ND
34.540;25/01/2016;BOYACÁ;CHITARAQUE;Caña Panelera;Establecido;No indica;Ondulado;No indica;No Tiene;SI (15-15-15);4.690;6.151;8.345;6.488;2.581;2.336;2.855;0.806;0.224;0.254;6.722;0.951;< 5.0;1.927;17.36;2.126;0.165;ND;ND;ND;ND
34.542;25/01/2016;BOYACÁ;SANTANA;Caña Panelera;Establecido;No indica;Pendiente;No indica;No Tiene;NO;5.53;3.025;7.125;4.503;ND;ND;9.800;1.302;0.193;0.046;11.34;0.211;764.7;1.328;3.575;< 1.0;0.272;ND;ND;ND;ND
34.543;25/01/2016;SANTANDER;GÜEPSA;Caña Panelera;Establecido;No indica;Pendiente;No indica;No Tiene;NO;4.91;2.830;5.415;3.676;2.661;2.219;4.963;1.695;0.291;0.521;10.13;0.208;555.9;2.766;11.78;3.814;0.165;ND;ND;ND;ND
34.544;25/01/2016;SANTANDER;GÜEPSA;Caña Panelera;Establecido;No indica;Ondulado;No indica;No Tiene;NO;5.9;6.734;7.233;3.676;ND;ND;20.42;1.577;0.454;0.170;22.63;0.255;420.0;2.235;2.48;1.746;0.229;ND;ND;ND;ND
34.545;21/01/2016;CUNDINAMARCA;VILLETA;Caña Panelera;Establecido;No indica;Ondulado;Buen drenaje;No indica;No indica;8.369;4.184;9.959;5.923;ND;ND;42.79;1.216;0.196;0.087;44.29;0.711;14.37;1.774;< 1.0;3.017;0.362;ND;ND;ND;ND
34.546;21/01/2016;CUNDINAMARCA;VILLETA;Caña Panelera;Establecido;Mas de 10 años;Ondulado;Buen drenaje;No indica;No indica;6.01;2.406;10.99;5.799;ND;ND;11.25;2.419;0.269;0.084;14.02;0.324;400.0;4.560;4.577;14.10;0.054;ND;ND;ND;ND
34.547;21/01/2016;CUNDINAMARCA;CAPARRAPÍ;Caña Panelera;Establecido;Mas de 10 años;Ondulado;Buen drenaje;No Tiene;NO;5.37;18.27;8.770;6.416;0.597;0.485;8.968;1.837;0.504;0.143;12.05;0.728;104.8;< 1.0;1.911;1.456;0.296;ND;ND;ND;ND
34.550;25/01/2016;SANTANDER;GÜEPSA;Caña Panelera;Establecido;No indica;Ondulado;No indica;No Tiene;SI;8.050;3.489;6.758;4.338;ND;ND;39.32;0.609;0.275;0.209;40.42;0.614;23.60;< 1.0;2.485;< 1.0;0.272;ND;ND;ND;ND
34.551;25/01/2016;BOYACÁ;SANTANA;Caña Panelera;Establecido;No indica;Plano;No indica;No Tiene;NO;4.57;5.171;8.657;4.669;3.842;3.468;1.435;0.222;0.165;0.069;5.736;0.246;837.1;1.549;1.935;< 1.0;0.165;ND;ND;ND;ND
34.552;25/01/2016;BOYACÁ;SANTANA;Caña Panelera;Establecido;No indica;Pendiente;No indica;No Tiene;NO;4.34;3.489;7.830;4.834;7.586;6.743;4.724;0.416;0.193;0.184;13.10;0.330;1122.;1.726;9.355;2.843;0.186;ND;ND;ND;ND
34.553;25/01/2016;BOYACÁ;CHITARAQUE;Caña Panelera;Establecido;No indica;Plano;No indica;No Tiene;SI (15-15-15);4.7;3.660;12.32;4.834;2.392;1.995;5.312;1.184;0.173;0.328;9.392;0.289;1900.;2.726;13.05;6.538;0.229;ND;ND;ND;ND
34.554;25/01/2016;BOYACÁ;CHITARAQUE;Caña Panelera;Establecido;No indica;Ondulado;No indica;No Tiene;SI (18-18-18);4.480;9.616;6.351;7.150;6.374;5.826;1.039;0.442;0.240;0.094;8.191;0.274;624.7;1.378;2.387;1.244;0.229;ND;ND;ND;ND
34.555;25/01/2016;SANTANDER;CHIPATÁ;Caña Panelera;Establecido;No indica;Pendiente;No indica;No Tiene;NO;6.26;5.443;20.28;6.654;ND;ND;18.76;2.000;0.473;0.127;21.36;0.379;334.0;2.169;3.321;2.064;0.422;ND;ND;ND;ND
34.556;25/01/2016;SANTANDER;CHIPATÁ;Caña Panelera;Establecido;No indica;Pendiente;No indica;No Tiene;NO;8.119;3.929;10.38;4.338;ND;ND;33.53;0.552;0.329;0.180;34.59;0.609;23.59;1.389;1.947;< 1.0;0.250;ND;ND;ND;ND
34.557;25/01/2016;SANTANDER;CHIPATÁ;Caña Panelera;Establecido;No indica;Ondulado;No indica;No Tiene;NO;8.06;3.953;155.5;8.805;ND;ND;26.96;1.456;0.444;0.391;29.25;0.736;49.94;2.382;3.407;4.134;0.336;ND;ND;ND;ND
34.558;25/01/2016;SANTANDER;GÜEPSA;Caña Panelera;Establecido;No indica;Pendiente;No indica;No Tiene;NO;6.99;5.269;21.13;13.27;ND;ND;21.95;1.975;0.257;0.583;24.77;0.465;53.84;3.266;2.902;15.02;0.336;ND;ND;ND;ND
34.559;25/01/2016;SANTANDER;GÜEPSA;Caña Panelera;Establecido;No indica;Pendiente;No indica;No Tiene;SI;6.54;5.052;8.440;5.661;ND;ND;21.04;0.581;0.286;0.139;22.05;0.341;60.75;1.49;2.543;5.244;0.400;ND;ND;ND;ND
34.560;25/01/2016;BOYACÁ;SANTANA;Caña Panelera;Establecido;No indica;Pendiente;No indica;No Tiene;NO;4.97;3.611;26.11;4.669;1.479;1.269;5.709;0.234;0.165;0.093;7.682;0.197;791.7;1.097;7.37;1.375;0.122;ND;ND;ND;ND
34.562;25/01/2016;BOYACÁ;CHITARAQUE;Caña Panelera;Establecido;No indica;Pendiente;No indica;No Tiene;NO;4.76;7.998;11.07;5;2.641;2.347;0.704;0.216;0.104;0.030;3.698;0.224;835.3;< 1.0;1.141;1.544;0.186;ND;ND;ND;ND
34.564;25/01/2016;SANTANDER;CHIPATÁ;Caña Panelera;Establecido;No indica;Pendiente;No indica;No Tiene;NO;8.01;5.028;5.036;4.503;ND;ND;38.30;0.626;0.302;0.041;39.27;0.700;32.35;1.487;4.172;< 1.0;0.250;ND;ND;ND;ND
34.566;25/01/2016;SANTANDER;GÜEPSA;Caña Panelera;Establecido;No indica;Ondulado;No indica;No Tiene;NO;6.03;4.002;5.700;32.29;ND;ND;13.29;2.017;0.196;0.075;15.58;0.510;655.6;4.987;17.99;10.44;0.165;ND;ND;ND;ND
34.568;25/01/2016;BOYACÁ;SANTANA;Caña Panelera;Establecido;No indica;Ondulado;No indica;No Tiene;SI;4.66;6.881;33.15;5.330;4.795;4.172;3.223;0.359;0.447;0.111;8.937;0.286;2045.;< 1.0;1.33;< 1.0;0.186;ND;ND;ND;ND
34.570;25/01/2016;BOYACÁ;CHITARAQUE;Caña Panelera;Establecido;No indica;Pendiente;No indica;No Tiene;NO;4.8;3.953;12.55;4.503;4.200;3.574;10.30;0.577;0.277;0.185;15.54;0.298;1464.;6.772;9.634;15.45;0.186;ND;ND;ND;ND
34.571;25/01/2016;BOYACÁ;CHITARAQUE;Caña Panelera;Establecido;No indica;Pendiente;No indica;No Tiene;NO;4.37;8.975;28.19;4.007;4.170;3.628;0.583;0.187;0.198;0.014;5.154;0.486;447.3;1.081;2.705;2.333;0.143;ND;ND;ND;ND
34.572;25/01/2016;SANTANDER;GÜEPSA;Caña Panelera;Establecido;No indica;Plano;No indica;No Tiene;NO;6.19;4.585;130.3;9.466;ND;ND;15.55;1.094;0.291;< 0.0;ND;0.242;553.7;3.111;2.263;4.828;0.186;ND;ND;ND;ND
34.573;21/01/2016;CUNDINAMARCA;VILLETA;Caña Panelera;Establecido;Mas de 10 años;Pendiente;Buen drenaje;No Tiene;Ninguno;5.86;3.199;8.211;3.207;ND;ND;14.10;0.339;0.151;0.089;14.68;0.226;308.1;4.791;4.905;6.680;0.054;ND;ND;ND;ND
34.574;21/01/2016;CUNDINAMARCA;CAPARRAPÍ;Caña Panelera;Establecido;No indica;Ondulado;Regular drenaje;No Tiene;NO;6.31;5.938;45.21;9.379;ND;ND;37.54;1.027;0.320;0.119;39.01;0.539;56.44;2.343;3.594;12.05;0.450;ND;ND;ND;ND
34.693;2/02/2016;SANTANDER;SUAITA;Caña Panelera;Establecido;De 1 a 5 años;Plano;Buen drenaje;No Tiene;NPK;5.04;3.465;24.72;5.661;1.846;1.675;5.853;0.746;0.139;0.346;8.932;0.204;1018.;1.44;3.355;1.165;0.165;ND;ND;ND;ND
34.832;21/01/2016;CUNDINAMARCA;CAPARRAPÍ;Caña Panelera;Establecido;Mas de 10 años;Pendiente;Regular drenaje;No Tiene;NO;6.04;5.049;90.49;8.762;ND;ND;25.50;0.812;0.158;0.095;26.56;0.664;61.63;1.645;2.878;8.628;0.274;ND;ND;ND;ND
34.833;21/01/2016;CUNDINAMARCA;CAPARRAPÍ;Caña Panelera;Establecido;Mas de 10 años;Pendiente;Buen drenaje;No Tiene;NO;6.24;3.584;278.9;6.046;ND;ND;21.12;0.933;0.155;0.070;22.28;0.470;55.24;3.125;3.075;8.698;0.362;ND;ND;ND;ND
34.834;21/01/2016;CUNDINAMARCA;CAPARRAPÍ;Caña Panelera;Establecido;Mas de 10 años;Pendiente;Buen drenaje;No Tiene;Ninguno;8.19;4.429;82.34;4.935;ND;ND;65.06;1.018;0.358;0.205;66.64;0.462;24.07;3.865;1.052;14.28;0.516;ND;ND;ND;ND
34.835;21/01/2016;CUNDINAMARCA;CAPARRAPÍ;Caña Panelera;Establecido;Mas de 10 años;Pendiente;Buen drenaje;No Tiene;Ninguno;7.46;3.127;25.27;5.552;ND;ND;16.35;2.807;0.223;0.244;19.63;0.457;39.30;4.384;1.77;5.802;0.318;ND;ND;ND;ND
34.836;21/01/2016;CUNDINAMARCA;CAPARRAPÍ;Caña Panelera;Establecido;Mas de 10 años;Pendiente;Buen drenaje;No Tiene;Ninguno;7.86;2.839;74.33;4.318;ND;ND;58.97;0.636;0.266;0.189;60.07;0.649;< 5.0;1.694;1.305;1.59;0.186;ND;ND;ND;ND
34.838;21/01/2016;CUNDINAMARCA;CAPARRAPÍ;Caña Panelera;Establecido;Mas de 10 años;Ondulado;Buen drenaje;No Tiene;Ninguno;8.42;3.896;4.167;4.565;ND;ND;72.15;0.656;0.294;0.177;73.28;0.689;8.778;2.187;1.514;2.681;0.252;ND;ND;ND;ND
34.839;21/01/2016;CUNDINAMARCA;CAPARRAPÍ;Caña Panelera;Establecido;Mas de 10 años;Pendiente;Buen drenaje;No Tiene;Ninguno;8.26;6.207;19.76;4.071;ND;ND;82.50;0.531;0.280;0.182;83.50;0.558;11.15;2.633;< 1.0;4.421;0.340;ND;ND;ND;ND
34.840;21/01/2016;CUNDINAMARCA;CAPARRAPÍ;Caña Panelera;Establecido;Mas de 10 años;Pendiente;Buen drenaje;No Tiene;NO;8.01;5.577;26.53;5.429;ND;ND;53.62;0.448;0.222;0.147;54.44;0.670;23.87;2.641;1.855;7.488;0.208;ND;ND;ND;ND
34.841;21/01/2016;CUNDINAMARCA;CAPARRAPÍ;Caña Panelera;Establecido;Mas de 10 años;Pendiente;Buen drenaje;No Tiene;Ninguno;8.16;3.516;143.1;6.046;ND;ND;60.87;0.885;0.342;0.204;62.30;1.080;24.22;3.183;1.106;8.423;0.208;ND;ND;ND;ND
34.842;21/01/2016;CUNDINAMARCA;CAPARRAPÍ;Caña Panelera;Establecido;Mas de 10 años;Pendiente;Buen drenaje;No Tiene;Ninguno;6.07;2.070;34.39;4.318;ND;ND;17.43;0.821;0.154;0.244;18.65;0.246;249.7;2.333;4.583;< 1.0;0.208;ND;ND;ND;ND
34.843;21/01/2016;CUNDINAMARCA;CAPARRAPÍ;Caña Panelera;Establecido;Mas de 10 años;Pendiente;Buen drenaje;No Tiene;Ninguno;6.71;3.228;226.8;6.046;ND;ND;37.51;1.461;0.332;0.269;39.58;0.440;43.52;3.590;3.896;8.750;0.098;ND;ND;ND;ND
34.844;21/01/2016;CUNDINAMARCA;SASAIMA;Caña Panelera;Establecido;Mas de 10 años;Ondulado;Mal drenaje;No Tiene;Ninguno;5.64;6.178;21.99;16.04;ND;ND;6.909;1.126;0.501;0.421;8.958;0.196;91.08;4.416;1.314;1.552;0.054;ND;ND;ND;ND
34.845;21/01/2016;CUNDINAMARCA;SASAIMA;Caña Panelera;Establecido;Mas de 10 años;Ondulado;Regular drenaje;No Tiene;Ninguno;4.92;1.734;25.13;4.812;1.686;1.311;3.515;0.273;0.120;0.247;5.843;1.099;409.8;1.51;< 1.0;2.021;0.186;ND;ND;ND;ND
34.846;21/01/2016;CUNDINAMARCA;SASAIMA;Caña Panelera;Establecido;Mas de 10 años;Ondulado;Regular drenaje;No Tiene;Ninguno;5.01;4.544;6.501;14.19;0.414;0.145;7.781;1.066;0.291;0.377;9.930;0.369;640.1;2.810;1.839;2.664;0.230;ND;ND;ND;ND
34.847;21/01/2016;CUNDINAMARCA;CAPARRAPÍ;Caña Panelera;Establecido;De 5 a 10 años;Pendiente;Buen drenaje;No Tiene;Ninguno;6.37;3.132;351.5;3.577;ND;ND;13.67;1.668;0.151;0.228;15.72;0.662;81.67;2.846;3.733;8.478;0.054;ND;ND;ND;ND
34.848;21/01/2016;CUNDINAMARCA;CAPARRAPÍ;Caña Panelera;Establecido;Mas de 10 años;Pendiente;Buen drenaje;No Tiene;NO;6.32;2.526;8.956;3.577;ND;ND;25.07;2.018;0.230;0.112;27.44;0.185;61.32;2.551;4.272;13.61;0.164;ND;ND;ND;ND
34.849;21/01/2016;CUNDINAMARCA;SASAIMA;Caña Panelera;Establecido;De 5 a 10 años;Ondulado;Regular drenaje;No Tiene;Ninguno;6.24;1.950;86.33;5.306;ND;ND;10.81;2.435;0.743;0.243;14.23;0.487;342.7;6.328;1.164;9.953;0.142;ND;ND;ND;ND
34.850;21/01/2016;CUNDINAMARCA;SASAIMA;Caña Panelera;Establecido;Mas de 10 años;Ondulado;Buen drenaje;No Tiene;Ninguno;4.74;5.145;10.23;8.762;1.108;0.942;4.560;1.130;0.435;0.221;7.456;0.636;736.6;2.435;3.713;3.262;0.164;ND;ND;ND;ND
34.851;21/01/2016;CUNDINAMARCA;SASAIMA;Caña Panelera;Establecido;Mas de 10 años;Ondulado;Mal drenaje;No indica;Ninguno;4.8;5.217;26.52;11.23;1.426;1.068;4.166;1.148;0.444;0.187;7.372;0.691;585.1;3.492;2.457;7.953;0.296;ND;ND;ND;ND
34.852;21/01/2016;CUNDINAMARCA;SASAIMA;Caña Panelera;Establecido;De 1 a 5 años;Pendiente;Buen drenaje;No indica;Ninguno;4.17;4.593;16.10;9.009;2.910;2.234;2.419;0.599;0.261;0.184;6.374;0.763;781.3;6.297;5.834;19.40;0.428;ND;ND;ND;ND
34.853;21/01/2016;CUNDINAMARCA;CAPARRAPÍ;Caña Panelera;Establecido;Mas de 10 años;Pendiente;Buen drenaje;No Tiene;Ninguno;7.25;4.525;237.6;2.837;ND;ND;44.04;1.222;0.312;0.305;45.88;0.297;23.85;3.066;1.449;13.10;0.252;ND;ND;ND;ND
34.854;21/01/2016;CUNDINAMARCA;SASAIMA;Caña Panelera;Establecido;Mas de 10 años;Ondulado;Regular drenaje;No Tiene;Ninguno;4.480;3.199;6.419;5.182;3.016;2.438;2.244;0.496;0.182;0.192;6.132;0.218;674.4;2.871;< 1.0;3.879;0.120;ND;ND;ND;ND
34.855;21/01/2016;CUNDINAMARCA;SASAIMA;Caña Panelera;Establecido;Mas de 10 años;Ondulado;Buen drenaje;No Tiene;Ninguno;5.85;10.05;10.20;4.812;ND;ND;10.00;5.092;0.226;0.225;15.55;0.479;75.75;1.855;3.260;4.227;0.362;ND;ND;ND;ND
34.856;21/01/2016;CUNDINAMARCA;SASAIMA;Caña Panelera;Establecido;Mas de 10 años;Ondulado;Regular drenaje;No Tiene;Ninguno;4.730;3.151;7.437;5.059;2.399;1.904;2.787;0.442;0.150;0.315;6.095;0.238;453.6;3.492;1.250;3.296;0.450;ND;ND;ND;ND
34.857;21/01/2016;CUNDINAMARCA;SASAIMA;Caña Panelera;Establecido;De 5 a 10 años;Ondulado;Buen drenaje;No Tiene;Ninguno;5.86;4.833;26.75;7.527;ND;ND;9.162;1.116;0.267;0.188;10.73;0.296;95.69;3.155;1.27;3.045;0.274;ND;ND;ND;ND
34.858;21/01/2016;CUNDINAMARCA;SASAIMA;Caña Panelera;Establecido;De 5 a 10 años;Pendiente;Buen drenaje;No Tiene;Ninguno;4.38;5.169;89.19;10.49;3.497;2.749;5.215;1.675;0.579;0.224;11.19;0.914;708.6;4.713;5.461;14;0.252;ND;ND;ND;ND
34.859;21/01/2016;CUNDINAMARCA;SASAIMA;Caña Panelera;Establecido;De 1 a 5 años;Pendiente;Buen drenaje;No Tiene;Ninguno;5.09;9.229;12.32;8.885;2.312;1.826;5.276;1.065;0.537;0.344;9.537;0.894;82.89;1.171;3.336;1.409;0.230;ND;ND;ND;ND
34.860;21/01/2016;CUNDINAMARCA;SASAIMA;Caña Panelera;Establecido;Mas de 10 años;Pendiente;Buen drenaje;No Tiene;Ninguno;4.91;3.872;10.85;12.83;1.464;1.146;5.034;0.678;0.265;0.182;7.625;0.475;586.7;5.369;< 1.0;12.21;0.274;ND;ND;ND;ND
34.861;21/01/2016;CUNDINAMARCA;SASAIMA;Caña Panelera;Establecido;Mas de 10 años;Pendiente;Buen drenaje;No Tiene;Ninguno;4.95;0.965;16.89;6.910;2.486;2.117;4.852;0.448;0.124;0.192;8.103;0.212;78.55;6.944;1.119;5.851;0.208;ND;ND;ND;ND
34.862;21/01/2016;CUNDINAMARCA;VILLETA;Caña Panelera;Establecido;Mas de 10 años;Ondulado;Regular drenaje;No indica;No indica;6.64;5.918;101.1;32.70;ND;ND;20.59;2.142;0.604;0.451;23.79;1.665;63.63;2.589;5.019;14.03;0.384;ND;ND;ND;ND
34.863;21/01/2016;CUNDINAMARCA;CAPARRAPÍ;Caña Panelera;Establecido;Mas de 10 años;Pendiente;Buen drenaje;No Tiene;NO;8.210;3.560;13.55;5.182;ND;ND;69.89;0.536;0.250;0.168;70.85;0.672;10.90;2.427;1.927;4.123;0.164;ND;ND;ND;ND
34.864;21/01/2016;CUNDINAMARCA;CAPARRAPÍ;Caña Panelera;Establecido;Mas de 10 años;Pendiente;Buen drenaje;No Tiene;Ninguno;5.81;2.987;95.13;4.318;ND;ND;10.66;1.450;0.133;0.197;12.44;0.273;68.22;2.469;3.155;5.008;0.120;ND;ND;ND;ND
34.865;21/01/2016;CUNDINAMARCA;CAPARRAPÍ;Caña Panelera;Establecido;Mas de 10 años;Pendiente;Buen drenaje;No Tiene;Ninguno;6.99;3.900;54.67;4.441;ND;ND;47.46;1.444;0.288;0.293;49.48;1.025;14.95;1.655;1.198;4.431;0.318;ND;ND;ND;ND
34.873;21/01/2016;CUNDINAMARCA;SASAIMA;Caña Panelera;Establecido;Mas de 10 años;Pendiente;Regular drenaje;No Tiene;Ninguno;6.34;4.593;49.56;5.182;ND;ND;15.57;1.030;0.152;0.201;16.95;1.090;101.7;4.330;2.226;17.61;0.318;ND;ND;ND;ND
34.879;21/01/2016;CUNDINAMARCA;CAPARRAPÍ;Caña Panelera;Establecido;Mas de 10 años;Pendiente;Buen drenaje;No Tiene;Ninguno;7;3.756;86.53;5.676;ND;ND;22.41;0.925;0.201;0.208;23.74;0.325;13.20;1.854;2.092;4.794;0.208;ND;ND;ND;ND
34.895;21/01/2016;CUNDINAMARCA;QUEBRADANEGRA;Caña Panelera;Establecido;Mas de 10 años;Pendiente;Buen drenaje;No indica;NO;7.27;3.612;23.34;4.565;ND;ND;40.55;1.528;0.201;0.177;42.46;0.250;140.6;3.030;1.085;15.40;0.340;ND;ND;ND;ND
34.896;21/01/2016;CUNDINAMARCA;QUEBRADANEGRA;Caña Panelera;Establecido;Mas de 10 años;Pendiente;Buen drenaje;No indica;NO;8.23;3.319;651.5;4.441;ND;ND;46.93;2.715;0.507;0.193;50.35;0.650;45.16;2.892;2.218;7.634;0.494;ND;ND;ND;ND
34.897;21/01/2016;CUNDINAMARCA;NOCAIMA;Caña Panelera;Establecido;Mas de 10 años;Pendiente;Buen drenaje;No Tiene;NO;7.88;3.535;17.93;5.923;ND;ND;39.81;0.730;0.174;0.287;41.01;0.641;28.71;4.477;1.534;< 1.0;0.098;ND;ND;ND;ND
34.898;21/01/2016;CUNDINAMARCA;CAPARRAPÍ;Caña Panelera;Establecido;Mas de 10 años;Pendiente;Buen drenaje;No Tiene;NO;6.57;4.573;42.02;3.330;ND;ND;45.56;0.743;0.350;0.105;46.76;0.488;23.15;1.738;1.293;4.640;0.076;ND;ND;ND;ND
34.899;21/01/2016;CUNDINAMARCA;QUEBRADANEGRA;Caña Panelera;Establecido;Mas de 10 años;Pendiente;Buen drenaje;No indica;NO;8.029;3.584;9.743;24.80;ND;ND;49.88;0.662;0.120;0.454;51.12;0.992;35.12;4.245;1.925;9.923;0.384;ND;ND;ND;ND
34.901;21/01/2016;CUNDINAMARCA;CAPARRAPÍ;Caña Panelera;Establecido;Mas de 10 años;Pendiente;Buen drenaje;No Tiene;NO;7.3;3.343;11.65;3.084;ND;ND;31.13;0.452;0.205;0.125;31.91;0.331;18.56;2.581;2.190;13.94;0.120;ND;ND;ND;ND
34.902;21/01/2016;CUNDINAMARCA;CAPARRAPÍ;Caña Panelera;Establecido;Mas de 10 años;Ondulado;Buen drenaje;No Tiene;NO;6.85;4.280;18.91;5.182;ND;ND;26.91;1.485;0.271;0.118;28.78;0.357;68.87;2.774;2.713;21.47;0.780;ND;ND;ND;ND
34.903;21/01/2016;CUNDINAMARCA;CAPARRAPÍ;Caña Panelera;Establecido;Mas de 10 años;Pendiente;Buen drenaje;No Tiene;NO;8.27;3.276;<3.87;3.207;ND;ND;53.38;0.602;0.189;0.114;54.28;0.665;15.69;2.154;1.101;3.075;0.098;ND;ND;ND;ND
34.904;21/01/2016;CUNDINAMARCA;CAPARRAPÍ;Caña Panelera;Establecido;Mas de 10 años;Pendiente;Buen drenaje;No Tiene;NO;8.16;4.093;<3.87;5.182;ND;ND;58.44;0.409;0.163;0.085;59.10;0.739;16.32;2.577;2.27;4.073;0.142;ND;ND;ND;ND
34.905;21/01/2016;CUNDINAMARCA;SASAIMA;Caña Panelera;Establecido;Mas de 10 años;Ondulado;Regular drenaje;No Tiene;Ninguno;5.86;3.872;6.311;10.73;ND;ND;11.49;1.047;0.198;0.101;12.84;0.273;439.1;10.23;7.61;79.97;0.054;ND;ND;ND;ND
34.906;21/01/2016;CUNDINAMARCA;SASAIMA;Caña Panelera;Establecido;De 5 a 10 años;Pendiente;Buen drenaje;No Tiene;Ninguno;4.37;6.014;3.964;4.688;3.729;3.050;2.824;0.282;0.137;0.116;7.090;0.331;385.0;1.615;< 1.0;3.589;0.098;ND;ND;ND;ND
34.907;21/01/2016;CUNDINAMARCA;QUIPILE;Caña Panelera;Establecido;Mas de 10 años;Pendiente;Buen drenaje;No Tiene;Ninguno;7.86;4.520;352.8;24.67;ND;ND;38.73;1.675;1.165;0.143;41.71;1.106;11.93;3.63;1.403;48.45;0.780;ND;ND;ND;ND
34.908;21/01/2016;CUNDINAMARCA;VILLETA;Caña Panelera;Establecido;De 5 a 10 años;Pendiente;Buen drenaje;No Tiene;Ninguno;4.45;6.159;4.045;3.207;6.273;5.547;2.580;0.463;0.163;0.144;9.624;0.222;750.4;4.046;2.079;4.474;0.054;ND;ND;ND;ND
34.909;21/01/2016;CUNDINAMARCA;NOCAIMA;Caña Panelera;Establecido;Mas de 10 años;Pendiente;Buen drenaje;No Tiene;NO;5.27;8.417;19.25;6.416;0.520;0.262;5.549;1.241;0.436;0.184;7.933;0.761;61.37;2.194;2.356;2.269;0.054;ND;ND;ND;ND
42.082;1/12/2017;NARIÑO;EL PEÑOL;Caña Panelera;Establecido;De 0 a 1 año;Plano;No indica;No indica;No indica;6.38;1.908;5.974;3.2;ND;ND;6.624;4.104;0.390;< 0.1;11.25;0.133;143.2;3.420;6.072;< 1.0;0.255;ND;ND;ND;ND
34.910;21/01/2016;CUNDINAMARCA;SASAIMA;Caña Panelera;Establecido;De 5 a 10 años;Pendiente;Buen drenaje;No Tiene;Ninguno;8.039;4.184;10.76;4.318;ND;ND;43.24;0.514;<0.09;0.083;43.90;0.587;20.89;4.37;< 1.0;61.39;0.164;ND;ND;ND;ND
34.911;21/01/2016;CUNDINAMARCA;CAPARRAPÍ;Caña Panelera;Establecido;Mas de 10 años;Pendiente;Buen drenaje;No Tiene;Ninguno;8.550;2.406;4.439;3.577;ND;ND;61.93;0.329;0.100;0.160;62.52;0.629;11.56;1.638;< 1.0;2.715;0.208;ND;ND;ND;ND
34.912;21/01/2016;CUNDINAMARCA;SASAIMA;Caña Panelera;Establecido;Mas de 10 años;Ondulado;Buen drenaje;No Tiene;Ninguno;6.21;3.660;26.34;10.12;ND;ND;24.12;1.057;0.127;0.080;25.39;0.253;47.92;6.821;< 1.0;88.01;0.098;ND;ND;ND;ND
34.913;21/01/2016;CUNDINAMARCA;SASAIMA;Caña Panelera;Establecido;Mas de 10 años;Pendiente;Regular drenaje;No Tiene;Ninguno;4.46;2.815;13.18;8.885;3.131;2.535;3.741;0.568;0.174;0.090;7.707;0.438;304.4;3.544;1.857;2.463;0.054;ND;ND;ND;ND
34.914;21/01/2016;CUNDINAMARCA;SASAIMA;Caña Panelera;Establecido;Mas de 10 años;Pendiente;Regular drenaje;No Tiene;Ninguno;7.76;3.896;9.661;4.318;ND;ND;6.879;0.371;<0.09;0.153;7.452;0.449;16.04;7.117;< 1.0;14.49;0.296;ND;ND;ND;ND
34.915;21/01/2016;CUNDINAMARCA;NOCAIMA;Caña Panelera;Establecido;Mas de 10 años;Pendiente;Buen drenaje;No Tiene;NO;4.889;3.608;9.187;4.318;1.002;0.718;6.965;1.247;0.484;0.071;9.770;0.635;250.2;2.511;7.961;6.774;0.054;ND;ND;ND;ND
34.916;21/01/2016;CUNDINAMARCA;CAPARRAPÍ;Caña Panelera;Establecido;Mas de 10 años;Ondulado;Regular drenaje;No Tiene;NO;7.33;4.669;26.61;3.824;ND;ND;34.10;1.369;0.374;0.165;36.00;0.386;30.53;1.683;1.151;5.181;0.054;ND;ND;ND;ND
34.917;21/01/2016;CUNDINAMARCA;CAPARRAPÍ;Caña Panelera;Establecido;Mas de 10 años;Pendiente;Buen drenaje;No Tiene;NO;4.88;2.651;5.727;3.577;1.705;1.156;5.567;0.679;0.164;0.171;8.289;0.280;242.0;1.226;2.831;3.851;0.076;ND;ND;ND;ND
34.918;21/01/2016;CUNDINAMARCA;SASAIMA;Caña Panelera;Establecido;Mas de 10 años;Ondulado;Buen drenaje;No Tiene;Ninguno;5.3;3.948;32.83;6.170;0.202;0;9.862;1.259;0.333;0.108;11.76;0.751;520.4;9.874;1.816;13.11;0.076;ND;ND;ND;ND
34.919;21/01/2016;CUNDINAMARCA;SASAIMA;Caña Panelera;Establecido;Mas de 10 años;Pendiente;Buen drenaje;No Tiene;Ninguno;7.15;5.726;11.00;4.441;ND;ND;29.52;0.369;0.106;0.090;30.09;0.440;11.34;5.108;< 1.0;75.71;0.318;ND;ND;ND;ND
34.920;21/01/2016;CUNDINAMARCA;SASAIMA;Caña Panelera;Establecido;Mas de 10 años;Pendiente;Buen drenaje;No Tiene;Ninguno;5.84;1.998;44.19;6.663;ND;ND;11.85;0.790;0.288;0.119;13.05;0.438;315.0;4.730;3.677;11.58;0.120;ND;ND;ND;ND
34.921;21/01/2016;CUNDINAMARCA;NOCAIMA;Caña Panelera;Establecido;Mas de 10 años;Pendiente;Buen drenaje;No Tiene;NO;5.45;2.022;17.35;10.98;0;0;8.457;1.370;0.156;0.211;10.19;0.241;124.7;4.661;5.678;8.369;0.274;ND;ND;ND;ND
34.922;21/01/2016;CUNDINAMARCA;NOCAIMA;Caña Panelera;Establecido;Mas de 10 años;Ondulado;Buen drenaje;No Tiene;NO;4.91;18.93;17.66;9.873;0.799;0.573;9.370;1.936;1.313;0.125;13.54;1.809;77.81;1.635;13.67;8.734;0.076;ND;ND;ND;ND
34.923;21/01/2016;CUNDINAMARCA;NOCAIMA;Caña Panelera;Establecido;Mas de 10 años;Pendiente;Buen drenaje;No Tiene;NO;4.47;1.974;6.813;10.12;3.700;3.030;4.635;0.712;0.246;0.132;9.426;0.233;281.3;2.136;9.220;1.016;0.054;ND;ND;ND;ND
34.924;21/01/2016;CUNDINAMARCA;SASAIMA;Caña Panelera;Establecido;Mas de 10 años;Pendiente;Buen drenaje;No Tiene;Ninguno;4.87;7.600;21.77;6.046;1.551;1.175;6.423;0.609;0.189;0.095;8.869;0.618;149.9;2.972;4.546;13.12;0.076;ND;ND;ND;ND
34.925;21/01/2016;CUNDINAMARCA;CAPARRAPÍ;Caña Panelera;Establecido;Mas de 10 años;Plano;Regular drenaje;No Tiene;NO;5.76;7.456;19.21;3.207;ND;ND;16.76;4.017;0.472;0.106;21.36;0.473;179.4;1.267;13.11;6.575;0.076;ND;ND;ND;ND
34.927;21/01/2016;CUNDINAMARCA;NIMAIMA;Caña Panelera;Establecido;Mas de 10 años;Pendiente;Buen drenaje;No indica;NO;8.56;0.989;6.677;4.812;ND;ND;45.35;0.427;0.180;0.208;46.17;0.501;8.721;< 1.0;3.044;13.68;0.230;ND;ND;ND;ND
34.929;21/01/2016;CUNDINAMARCA;CAPARRAPÍ;Caña Panelera;Establecido;Mas de 10 años;Plano;Buen drenaje;No Tiene;NO;8.220;3.103;92.78;4.812;ND;ND;45.43;0.737;0.299;0.117;46.58;0.699;< 5.0;4.980;1.016;10.53;0.098;ND;ND;ND;ND
34.930;21/01/2016;CUNDINAMARCA;CAPARRAPÍ;Caña Panelera;Establecido;Mas de 10 años;Pendiente;Buen drenaje;No Tiene;NO;7.89;4.237;226.5;7.034;ND;ND;49.13;0.818;0.438;0.178;50.56;0.506;14.15;2.08;1.252;5.748;0.120;ND;ND;ND;ND
34.932;21/01/2016;CUNDINAMARCA;VILLETA;Caña Panelera;Establecido;De 5 a 10 años;Pendiente;Buen drenaje;No Tiene;Ninguno;6.04;5.193;56.65;8.021;ND;ND;21.47;2.076;0.325;0.251;24.12;0.587;253.1;7.387;4.477;300.9;0.274;ND;ND;ND;ND
34.933;21/01/2016;CUNDINAMARCA;CAPARRAPÍ;Caña Panelera;Establecido;Mas de 10 años;Ondulado;Regular drenaje;No Tiene;NO;7.51;7.456;44.57;7.404;ND;ND;48.60;1.062;0.320;0.214;50.20;0.901;22.94;1.268;1.855;7.724;0.098;ND;ND;ND;ND
34.934;21/01/2016;CUNDINAMARCA;NOCAIMA;Caña Panelera;Establecido;Mas de 10 años;Ondulado;Buen drenaje;No Tiene;NO;5.83;1.782;5.605;6.170;ND;ND;11.01;3.889;0.177;0.289;15.37;0.498;83.91;2.579;6.743;1.956;0.582;ND;ND;ND;ND
34.935;21/01/2016;CUNDINAMARCA;VERGARA;Caña Panelera;Establecido;Mas de 10 años;Plano;Regular drenaje;No indica;No indica;6.77;3.612;20.10;3.577;ND;ND;11.87;2.046;0.237;0.141;14.29;0.387;50.81;1.441;5.213;1.087;0.076;ND;ND;ND;ND
34.936;21/01/2016;CUNDINAMARCA;SASAIMA;Caña Panelera;Establecido;Mas de 10 años;Ondulado;Regular drenaje;No Tiene;Ninguno;5.059;4.785;186.5;9.996;1.185;0.777;14.94;2.566;0.361;0.286;19.34;1.083;620.8;12.06;13.90;25.05;0.428;ND;ND;ND;ND
34.937;21/01/2016;CUNDINAMARCA;NOCAIMA;Caña Panelera;Establecido;Mas de 10 años;Pendiente;Buen drenaje;No Tiene;NO;4.730;1.469;6.758;3.330;7.708;7.013;1.688;0.253;0.272;0.217;10.14;0.189;188.4;1.701;5.634;2.690;0.142;ND;ND;ND;ND
34.938;21/01/2016;CUNDINAMARCA;SASAIMA;Caña Panelera;Establecido;Mas de 10 años;Pendiente;Buen drenaje;No Tiene;Ninguno;5.75;7.716;13.81;5.059;ND;ND;8.855;0.826;0.116;0.229;10.02;0.328;180.2;2.347;2.677;11.53;0.098;ND;ND;ND;ND
34.941;21/01/2016;CUNDINAMARCA;LA PEÑA;Caña Panelera;Establecido;Mas de 10 años;Pendiente;Buen drenaje;No Tiene;NO;5.42;3.535;10.05;5.059;0.549;0.446;8.683;2.567;0.338;0.241;12.38;0.220;395.6;5.632;4.34;7.855;0.120;ND;ND;ND;ND
34.942;21/01/2016;CUNDINAMARCA;CAPARRAPÍ;Caña Panelera;Establecido;Mas de 10 años;Ondulado;Buen drenaje;No Tiene;NO;5.21;6.659;9.132;4.318;1.397;0.952;4.842;0.727;0.255;0.133;7.355;0.512;272.5;1.36;5.131;< 1.0;0.054;ND;ND;ND;ND
34.943;21/01/2016;CUNDINAMARCA;SASAIMA;Caña Panelera;Establecido;Mas de 10 años;Ondulado;Regular drenaje;No Tiene;Ninguno;7.4;4.641;60.23;3.330;ND;ND;50.05;1.130;0.124;0.195;51.50;1.182;39.45;6.659;1.234;144.3;0.318;ND;ND;ND;ND
34.944;21/01/2016;CUNDINAMARCA;VERGARA;Caña Panelera;Establecido;Mas de 10 años;Ondulado;Regular drenaje;No indica;No indica;4.57;2.695;15.41;5.676;2.023;1.408;3.062;0.671;0.156;0.232;6.146;0.276;641.4;2.000;2.336;3.017;0.120;ND;ND;ND;ND
34.945;21/01/2016;CUNDINAMARCA;CAPARRAPÍ;Caña Panelera;Establecido;Mas de 10 años;Ondulado;Buen drenaje;No Tiene;NO;8.01;4.208;34.40;6.046;ND;ND;11.71;1.061;0.291;0.223;13.28;0.752;20.90;2.074;1.43;11.46;0.098;ND;ND;ND;ND
34.946;21/01/2016;CUNDINAMARCA;CAPARRAPÍ;Caña Panelera;Establecido;De 5 a 10 años;Pendiente;Buen drenaje;No Tiene;NO;6.82;5.294;44.51;4.935;ND;ND;40.96;0.824;0.274;0.204;42.26;0.289;14.39;1.283;1.044;6.644;0.252;ND;ND;ND;ND
34.947;21/01/2016;CUNDINAMARCA;QUEBRADANEGRA;Caña Panelera;Establecido;Mas de 10 años;Pendiente;Buen drenaje;No indica;NO;5.32;2.959;18.98;4.441;0.231;0.116;7.391;0.740;0.217;0.177;8.759;0.745;363.9;1.458;< 1.0;6.282;0.340;ND;ND;ND;ND
34.948;21/01/2016;CUNDINAMARCA;NIMAIMA;Caña Panelera;Establecido;Mas de 10 años;Pendiente;Buen drenaje;No indica;NO;5.81;6.543;18.57;4.812;ND;ND;9.661;3.140;0.595;0.270;13.66;0.294;346.1;1.595;6.472;2.565;0.384;ND;ND;ND;ND
34.949;21/01/2016;CUNDINAMARCA;QUEBRADANEGRA;Caña Panelera;Establecido;Mas de 10 años;Pendiente;Buen drenaje;No indica;NO;8.23;3.948;19.41;4.318;ND;ND;47.11;1.792;0.243;0.191;49.34;0.286;18.38;2.652;1.018;11.26;0.560;ND;ND;ND;ND
34.950;21/01/2016;CUNDINAMARCA;NIMAIMA;Caña Panelera;Establecido;Mas de 10 años;Pendiente;Buen drenaje;No indica;NO;7.93;7.312;109.3;27.76;ND;ND;61.77;3.802;0.735;0.354;66.66;0.557;34.97;4.455;3.427;77.17;0.692;ND;ND;ND;ND
34.951;21/01/2016;CUNDINAMARCA;NIMAIMA;Caña Panelera;Establecido;Mas de 10 años;Pendiente;Buen drenaje;No indica;NO;5.47;4.717;8.522;4.688;0;0;6.052;2.136;0.199;0.196;8.584;1.548;146.0;< 1.0;20.68;< 1.0;0.252;ND;ND;ND;ND
34.952;21/01/2016;CUNDINAMARCA;NIMAIMA;Caña Panelera;Establecido;Mas de 10 años;Pendiente;Buen drenaje;No indica;NO;4.91;2.459;6.229;6.046;6.051;5.479;4.803;0.559;0.229;0.411;12.05;0.112;286.2;< 1.0;< 1.0;< 1.0;0.186;ND;ND;ND;ND
34.953;21/01/2016;CUNDINAMARCA;QUIPILE;Caña Panelera;Establecido;Mas de 10 años;Pendiente;Buen drenaje;No indica;Ninguno;6.36;2.551;45.62;6.910;ND;ND;21.47;1.070;0.161;0.193;22.90;0.402;67.48;4.631;1.062;14.90;0.054;ND;ND;ND;ND
34.954;21/01/2016;CUNDINAMARCA;NIMAIMA;Caña Panelera;Establecido;Mas de 10 años;Pendiente;Buen drenaje;No indica;NO;5.96;3.036;16.29;6.293;ND;ND;9.428;1.479;0.222;0.278;11.40;0.231;254.8;1.102;5.692;< 1.0;0.208;ND;ND;ND;ND
34.955;21/01/2016;CUNDINAMARCA;NIMAIMA;Caña Panelera;Establecido;Mas de 10 años;Pendiente;Buen drenaje;No indica;NO;8.4;2.214;7.206;8.021;ND;ND;54.56;0.409;0.105;0.261;55.33;0.622;19.92;2.841;1.816;12.24;0.164;ND;ND;ND;ND
34.956;21/01/2016;CUNDINAMARCA;QUEBRADANEGRA;Caña Panelera;Establecido;Mas de 10 años;Pendiente;Buen drenaje;No indica;NO;5.56;3.656;17.85;7.281;ND;ND;10.88;1.253;0.394;0.138;12.66;0.520;433.2;< 1.0;1.933;15.17;0.450;ND;ND;ND;ND
34.957;21/01/2016;CUNDINAMARCA;VILLETA;Caña Panelera;Establecido;Mas de 10 años;Pendiente;Buen drenaje;No indica;No indica;7.29;3.439;19.26;21.84;ND;ND;54.35;1.509;0.170;0.284;56.31;1.551;65.49;5.110;2.159;10.22;0.120;ND;ND;ND;ND
34.958;21/01/2016;CUNDINAMARCA;CAPARRAPÍ;Caña Panelera;Establecido;Mas de 10 años;Pendiente;Buen drenaje;No Tiene;NO;8.17;1.542;12.75;4.565;ND;ND;29.45;0.364;0.177;0.167;30.16;0.425;7.391;1.671;< 1.0;2.006;0.208;ND;ND;ND;ND
35.018;21/01/2016;CUNDINAMARCA;QUIPILE;Caña Panelera;Establecido;Mas de 10 años;Pendiente;Buen drenaje;No indica;Ninguno;5.41;2.046;32.31;4.195;0.077;0;16.13;1.466;0.480;0.069;18.23;0.208;386.1;3.174;6.202;11.44;0.076;ND;ND;ND;ND
35.020;21/01/2016;CUNDINAMARCA;SASAIMA;Caña Panelera;Establecido;Mas de 10 años;Ondulado;Regular drenaje;No Tiene;Ninguno;5.09;3.079;18.11;9.009;1.349;1.049;3.211;0.616;0.100;0.142;5.418;0.285;493.1;1.53;1.252;2.903;0.802;ND;ND;ND;ND
35.021;21/01/2016;CUNDINAMARCA;QUIPILE;Caña Panelera;Establecido;Mas de 10 años;Pendiente;Buen drenaje;No Tiene;Ninguno;8.07;2.526;17.31;3.207;ND;ND;46.38;0.656;0.127;0.187;47.36;0.636;10.11;3.35;< 1.0;20.68;0.428;ND;ND;ND;ND
35.022;21/01/2016;CUNDINAMARCA;NOCAIMA;Caña Panelera;Establecido;Mas de 10 años;Ondulado;Buen drenaje;No Tiene;NO;5.9;3.564;111.0;4.935;ND;ND;13.06;2.179;0.572;0.175;15.99;0.731;400.2;3.121;2.025;11.83;0.230;ND;ND;ND;ND
35.023;21/01/2016;CUNDINAMARCA;CAPARRAPÍ;Caña Panelera;Establecido;Mas de 10 años;Pendiente;Regular drenaje;No Tiene;NO;4.84;2.478;45.07;3.824;0.626;0.349;7.207;1.988;0.233;0.172;10.22;0.475;459.2;< 1.0;3.891;15.22;0.076;ND;ND;ND;ND
35.024;21/01/2016;CUNDINAMARCA;CAPARRAPÍ;Caña Panelera;Establecido;Mas de 10 años;Ondulado;Regular drenaje;No Tiene;NO;5.46;24.32;9.566;4.441;0;0;16.55;4.173;0.860;0.198;21.78;1.174;54.43;< 1.0;5.747;8.182;0.186;ND;ND;ND;ND
35.025;21/01/2016;CUNDINAMARCA;CAPARRAPÍ;Caña Panelera;Establecido;Mas de 10 años;Ondulado;Regular drenaje;No Tiene;NO;5.56;3.199;9.431;3.824;ND;ND;7.418;2.991;0.148;0.145;10.70;0.378;74.82;1.150;16.33;6.504;0.120;ND;ND;ND;ND
35.026;21/01/2016;CUNDINAMARCA;SASAIMA;Caña Panelera;Establecido;Mas de 10 años;Ondulado;Mal drenaje;No Tiene;Ninguno;5.19;2.286;13.22;6.416;0.231;0.097;3.825;0.929;0.120;0.212;5.319;0.323;364.9;2.581;1.267;7.043;0.340;ND;ND;ND;ND
35.027;21/01/2016;CUNDINAMARCA;CAPARRAPÍ;Caña Panelera;Establecido;Mas de 10 años;Ondulado;Regular drenaje;No Tiene;NO;5.67;4.765;53.40;4.071;ND;ND;9.892;1.823;0.214;0.180;12.11;0.510;352.5;1.385;4.626;13.56;0.208;ND;ND;ND;ND
35.029;21/01/2016;CUNDINAMARCA;SASAIMA;Caña Panelera;Establecido;Mas de 10 años;Pendiente;Buen drenaje;No Tiene;Ninguno;8.16;4.208;9.716;5.429;ND;ND;53.24;0.795;0.140;0.257;54.44;0.585;16.53;1.911;1.104;11.75;0.318;ND;ND;ND;ND
35.030;21/01/2016;CUNDINAMARCA;VILLETA;Caña Panelera;Establecido;Mas de 10 años;Ondulado;Buen drenaje;No indica;No indica;6.28;3.896;94.14;8.145;ND;ND;15.34;3.806;0.400;0.266;19.82;0.458;99.14;4.450;6.884;5.788;0.164;ND;ND;ND;ND
35.031;21/01/2016;CUNDINAMARCA;VERGARA;Caña Panelera;Establecido;Mas de 10 años;Plano;Regular drenaje;No indica;No indica;5.47;9.282;21.59;4.812;0;0;5.017;1.009;0.402;0.152;6.582;0.390;210.0;1.369;2.822;8.685;0.230;ND;ND;ND;ND
35.033;21/01/2016;CUNDINAMARCA;QUEBRADANEGRA;Caña Panelera;Establecido;Mas de 10 años;Ondulado;Regular drenaje;No Tiene;NO;5.2;9.618;10.12;3.577;0.356;0.097;10.96;2.518;0.328;0.264;14.42;0.610;213.3;< 1.0;7.256;2.532;0.164;ND;ND;ND;ND
35.034;21/01/2016;CUNDINAMARCA;NOCAIMA;Caña Panelera;Establecido;Mas de 10 años;Pendiente;Buen drenaje;No Tiene;NO;5.49;3.103;57.16;5.676;0;0;7.463;1.952;0.777;0.198;10.39;0.386;474.2;4.504;2.9;4.601;0.164;ND;ND;ND;ND
35.035;21/01/2016;CUNDINAMARCA;NOCAIMA;Caña Panelera;Establecido;Mas de 10 años;Pendiente;Buen drenaje;No Tiene;NO;5.73;4.285;9.105;4.812;ND;ND;14.14;2.251;0.222;0.169;16.78;0.590;299.3;2.726;4.038;14.61;0.120;ND;ND;ND;ND
35.037;21/01/2016;CUNDINAMARCA;CAPARRAPÍ;Caña Panelera;Establecido;Mas de 10 años;Ondulado;Regular drenaje;No Tiene;NO;7.68;5.678;191.8;3.330;ND;ND;51.03;0.624;0.465;0.226;52.35;0.580;9.911;1.413;1.223;3.773;0.230;ND;ND;ND;ND
35.038;21/01/2016;CUNDINAMARCA;CAPARRAPÍ;Caña Panelera;Establecido;Mas de 10 años;Pendiente;Regular drenaje;No Tiene;NO;6.23;5.529;46.24;7.281;ND;ND;15.94;2.861;0.470;0.145;19.42;1.259;72.88;3.296;3.292;39.02;0.362;ND;ND;ND;ND
35.039;21/01/2016;CUNDINAMARCA;CAPARRAPÍ;Caña Panelera;Establecido;Mas de 10 años;Pendiente;Buen drenaje;No Tiene;NO;8.26;2.743;4.371;3.330;ND;ND;51.50;0.837;0.227;0.198;52.77;0.610;10.83;< 1.0;< 1.0;1.259;0.296;ND;ND;ND;ND
35.040;21/01/2016;CUNDINAMARCA;SASAIMA;Caña Panelera;Establecido;Mas de 10 años;Ondulado;Regular drenaje;No Tiene;Ninguno;7.63;4.713;51.50;11.60;ND;ND;56.92;1.240;0.175;0.210;58.55;1.054;27.93;5.038;< 1.0;114.2;0.384;ND;ND;ND;ND
35.049;21/01/2016;CUNDINAMARCA;LA PEÑA;Caña Panelera;Establecido;Mas de 10 años;Pendiente;Buen drenaje;No Tiene;NO;4.72;1.638;6.026;3.207;7.015;6.188;1.274;0.264;0.193;0.159;8.907;0.171;94.89;1.305;< 1.0;< 1.0;0.274;ND;ND;ND;ND
35.050;21/01/2016;CUNDINAMARCA;SASAIMA;Caña Panelera;Establecido;Mas de 10 años;Ondulado;Regular drenaje;No Tiene;Ninguno;5.31;10.29;15.72;6.663;1.339;1.049;9.545;0.776;0.161;0.195;12.01;0.314;315.3;3.511;3.401;13.24;0.098;ND;ND;ND;ND
35.051;21/01/2016;CUNDINAMARCA;SASAIMA;Caña Panelera;Establecido;Mas de 10 años;Ondulado;Regular drenaje;No Tiene;Ninguno;4.650;3.800;8.603;4.812;3.305;2.554;2.013;0.398;0.225;0.193;6.136;0.237;460.3;2.932;1.59;11.19;0.340;ND;ND;ND;ND
35.071;21/01/2016;CUNDINAMARCA;SASAIMA;Caña Panelera;Establecido;Mas de 10 años;Ondulado;Mal drenaje;No Tiene;Ninguno;6.2;2.238;17.29;3.084;ND;ND;26.64;0.695;<0.09;0.250;27.66;0.338;32.43;5.626;1.986;56.11;0.054;ND;ND;ND;ND
35.072;21/01/2016;CUNDINAMARCA;LA PEÑA;Caña Panelera;Establecido;Mas de 10 años;Pendiente;Buen drenaje;No Tiene;NO;5.38;3.367;12.33;2.837;1.416;1.185;8.680;2.316;0.316;0.330;13.06;0.198;481.3;6.535;4.352;8.823;0.054;ND;ND;ND;ND
35.073;21/01/2016;CUNDINAMARCA;CAPARRAPÍ;Caña Panelera;Establecido;Mas de 10 años;Ondulado;Regular drenaje;No Tiene;NO;7.49;10.14;63.41;4.565;ND;ND;74.35;1.043;0.428;2.758;78.58;0.927;22.45;1.564;1.983;6.663;0.296;ND;ND;ND;ND
35.074;21/01/2016;CUNDINAMARCA;LA PEÑA;Caña Panelera;Establecido;Mas de 10 años;Pendiente;Buen drenaje;No Tiene;NO;4.76;1.950;18.83;4.688;1.695;1.194;6.053;1.741;0.325;0.268;10.08;0.405;589.3;3.226;4.764;10.30;0.054;ND;ND;ND;ND
35.075;21/01/2016;CUNDINAMARCA;LA PEÑA;Caña Panelera;Establecido;Mas de 10 años;Ondulado;Buen drenaje;No Tiene;NO;5;11.31;17.12;6.787;0.597;0.427;7.135;1.524;0.530;0.237;10.02;1.564;165.5;1.605;6.545;11.36;0.164;ND;ND;ND;ND
35.077;21/01/2016;CUNDINAMARCA;NOCAIMA;Caña Panelera;Establecido;Mas de 10 años;Pendiente;Buen drenaje;No Tiene;NO;5.24;1.566;4.886;9.749;0.404;0.145;9.197;5.452;0.144;0.132;15.33;0.375;81.41;3.341;9.981;1.571;0.648;ND;ND;ND;ND
35.078;21/01/2016;CUNDINAMARCA;CAPARRAPÍ;Caña Panelera;Establecido;Mas de 10 años;Ondulado;Regular drenaje;No Tiene;NO;5.5;3.007;8.407;5.552;ND;ND;10.11;1.763;0.142;0.132;12.15;0.414;270.9;3.753;8.355;8.583;0.142;ND;ND;ND;ND
35.079;21/01/2016;CUNDINAMARCA;QUIPILE;Caña Panelera;Establecido;De 1 a 5 años;Plano;Regular drenaje;No indica;Ninguno;8.02;3.992;40.76;10.98;ND;ND;41.62;2.123;0.257;0.090;44.09;0.721;18.42;6.423;< 1.0;29.93;0.494;ND;ND;ND;ND
35.080;21/01/2016;CUNDINAMARCA;CAPARRAPÍ;Caña Panelera;Establecido;Mas de 10 años;Pendiente;Buen drenaje;No Tiene;NO;6.04;3.228;95.20;3.454;ND;ND;22.74;1.166;0.254;0.118;24.28;0.341;174.3;3.141;5.479;7.598;0.076;ND;ND;ND;ND
35.081;21/01/2016;CUNDINAMARCA;VILLETA;Caña Panelera;Establecido;Mas de 10 años;Ondulado;Buen drenaje;No indica;No indica;5.87;3.896;14.42;5.429;ND;ND;29.65;0.623;0.210;0.234;30.72;0.267;37.25;3.163;2.770;18.28;0.472;ND;ND;ND;ND
35.082;21/01/2016;CUNDINAMARCA;CAPARRAPÍ;Caña Panelera;Establecido;Mas de 10 años;Ondulado;Regular drenaje;No Tiene;NO;5.08;3.247;<3.87;5.182;1.551;1.146;6.364;4.767;0.394;0.183;13.26;0.302;250.6;3.275;17.23;4.727;0.054;ND;ND;ND;ND
35.083;21/01/2016;CUNDINAMARCA;VILLETA;Caña Panelera;Establecido;Mas de 10 años;Ondulado;Buen drenaje;No indica;No indica;6.11;5.842;10.81;85.11;ND;ND;15.12;2.643;0.353;0.306;18.42;2.230;335.0;2.09;3.693;8.544;0.296;ND;ND;ND;ND
35.084;21/01/2016;CUNDINAMARCA;VILLETA;Caña Panelera;Establecido;Mas de 10 años;Pendiente;Buen drenaje;No Tiene;Ninguno;6.89;4.400;23.72;23.82;ND;ND;56.68;1.466;0.232;0.179;58.56;1.202;92.96;2.415;3.320;9.996;0.340;ND;ND;ND;ND
35.085;21/01/2016;CUNDINAMARCA;VILLETA;Caña Panelera;Establecido;Mas de 10 años;Ondulado;Regular drenaje;No indica;No indica;7.8;1.493;5.972;71.55;ND;ND;48.45;1.175;0.177;0.202;50.00;2.803;7.285;2.156;1.153;9.457;0.186;ND;ND;ND;ND
35.086;21/01/2016;CUNDINAMARCA;VILLETA;Caña Panelera;Establecido;Mas de 10 años;Plano;Regular drenaje;No indica;No indica;7.03;2.983;28.48;59.21;ND;ND;51.37;2.053;0.236;0.268;53.93;2.796;614.9;1.744;2.220;9.498;0.208;ND;ND;ND;ND
35.087;21/01/2016;CUNDINAMARCA;CAPARRAPÍ;Caña Panelera;Establecido;Mas de 10 años;Pendiente;Regular drenaje;No Tiene;NO;6;3.127;91.75;5.182;ND;ND;7.967;2.350;0.966;0.177;11.46;0.479;759.3;2.44;4.993;5.581;0.098;ND;ND;ND;ND
35.088;21/01/2016;CUNDINAMARCA;CAPARRAPÍ;Caña Panelera;Establecido;Mas de 10 años;Pendiente;Mal drenaje;No Tiene;NO;7.26;5.582;272.3;5.306;ND;ND;49.15;1.096;0.389;0.120;50.75;0.625;19.28;2.625;1.536;12.47;0.208;ND;ND;ND;ND
35.089;21/01/2016;CUNDINAMARCA;VILLETA;Caña Panelera;Establecido;De 5 a 10 años;Pendiente;Buen drenaje;No Tiene;Ninguno;8.029;1.493;18.74;91.30;ND;ND;41.85;0.601;<0.09;0.107;42.59;2.071;11.41;3.87;2.122;19.64;0.054;ND;ND;ND;ND
35.090;21/01/2016;CUNDINAMARCA;SASAIMA;Caña Panelera;Establecido;Mas de 10 años;Ondulado;Regular drenaje;No Tiene;Ninguno;5.72;6.562;20.00;5.552;ND;ND;8.632;1.633;0.142;0.129;10.53;0.382;384.8;2.702;2.806;11.64;0.054;ND;ND;ND;ND
35.091;21/01/2016;CUNDINAMARCA;CAPARRAPÍ;Caña Panelera;Establecido;Mas de 10 años;Pendiente;Regular drenaje;No Tiene;NO;8.07;5.481;19.91;5.182;ND;ND;62.82;0.376;0.262;0.150;63.61;0.667;15.92;1.472;1.388;3.109;0.208;ND;ND;ND;ND
35.092;21/01/2016;CUNDINAMARCA;CAPARRAPÍ;Caña Panelera;Establecido;Mas de 10 años;Ondulado;Regular drenaje;No Tiene;NO;7.35;6.831;66.92;6.170;ND;ND;5.769;0.723;0.286;0.155;6.934;0.643;29.44;1.481;1.542;6.200;0.362;ND;ND;ND;ND
35.093;21/01/2016;CUNDINAMARCA;CAPARRAPÍ;Caña Panelera;Establecido;Mas de 10 años;Ondulado;Regular drenaje;No Tiene;NO;5.31;23.65;11.84;5.676;0.876;0.854;7.271;0.902;0.329;0.164;9.545;0.904;22.65;0.474;1.425;2.483;0.076;ND;ND;ND;ND
35.094;21/01/2016;CUNDINAMARCA;CAPARRAPÍ;Caña Panelera;Establecido;Mas de 10 años;Pendiente;Regular drenaje;No Tiene;NO;6.33;2.719;11.65;8.268;ND;ND;13.88;1.383;0.208;0.137;15.61;0.402;95.45;1.933;2.595;13.58;0.252;ND;ND;ND;ND
35.095;21/01/2016;CUNDINAMARCA;CAPARRAPÍ;Caña Panelera;Establecido;Mas de 10 años;Pendiente;Buen drenaje;No Tiene;NO;4.940;2.166;17.35;6.170;2.833;2.244;3.541;1.420;0.252;0.141;8.188;0.256;274.7;< 1.0;4.293;2.596;0.120;ND;ND;ND;ND
35.096;21/01/2016;CUNDINAMARCA;VILLETA;Caña Panelera;Establecido;Mas de 10 años;Ondulado;Buen drenaje;No indica;No indica;7.23;3.848;26.23;8.021;ND;ND;5.213;2.204;0.357;0.213;7.988;1.132;53.37;1.983;2.290;12.48;0.252;ND;ND;ND;ND
35.097;21/01/2016;CUNDINAMARCA;CAPARRAPÍ;Caña Panelera;Establecido;Mas de 10 años;Pendiente;Regular drenaje;No Tiene;SE FUMIGO CON PANSER;6.36;5.241;57.49;10.86;ND;ND;33.32;1.357;0.255;0.207;35.14;0.797;32.55;1.373;1.648;6.968;0.142;ND;ND;ND;ND
35.098;21/01/2016;CUNDINAMARCA;VILLETA;Caña Panelera;Establecido;Mas de 10 años;Pendiente;Buen drenaje;No Tiene;Ninguno;8.119;5.337;<3.87;30.11;ND;ND;6.826;0.966;0.117;0.180;8.090;0.916;23.20;2.194;2.817;11.71;0.648;ND;ND;ND;ND
35.099;21/01/2016;CUNDINAMARCA;VILLETA;Caña Panelera;Establecido;Mas de 10 años;Plano;Buen drenaje;No indica;No indica;6.3;4.761;5.903;6.170;ND;ND;12.72;3.697;0.371;0.132;16.92;0.742;82.16;2.260;11.21;5.189;0.164;ND;ND;ND;ND
35.100;21/01/2016;CUNDINAMARCA;VILLETA;Caña Panelera;Establecido;Mas de 10 años;Pendiente;Buen drenaje;No indica;No indica;7.18;9.181;429.1;16.04;ND;ND;20.19;3.228;2.230;0.144;25.79;0.969;49.10;3.425;1.691;49.37;0.384;ND;ND;ND;ND
35.101;21/01/2016;CUNDINAMARCA;VILLETA;Caña Panelera;Establecido;De 5 a 10 años;Pendiente;Buen drenaje;No Tiene;Ninguno;4.690;3.343;8.225;4.441;3.700;3.030;4.353;1.723;0.449;0.199;10.42;0.288;643.3;2.331;2.504;5.379;0.054;ND;ND;ND;ND
35.102;21/01/2016;CUNDINAMARCA;VILLETA;Caña Panelera;Establecido;Mas de 10 años;Ondulado;Buen drenaje;No indica;No indica;7.77;4.765;9.372;8.762;ND;ND;58.52;1.589;0.249;0.147;60.51;0.797;17.54;1.262;< 1.0;2.614;0.186;ND;ND;ND;ND
35.103;21/01/2016;CUNDINAMARCA;CAPARRAPÍ;Caña Panelera;Establecido;Mas de 10 años;Pendiente;Regular drenaje;No Tiene;NO;6.79;6.082;113.0;5.182;ND;ND;49.41;0.834;0.296;0.132;50.68;0.997;58.66;1.863;2.466;6.564;0.054;ND;ND;ND;ND
35.104;21/01/2016;CUNDINAMARCA;VILLETA;Caña Panelera;Establecido;De 1 a 5 años;Pendiente;Buen drenaje;No Tiene;Ninguno;7.85;4.381;59.37;5.676;ND;ND;42.91;0.568;0.197;0.193;43.87;0.543;13.09;2.662;1.022;13.15;0.054;ND;ND;ND;ND
35.105;21/01/2016;CUNDINAMARCA;VILLETA;Caña Panelera;Establecido;Mas de 10 años;Ondulado;Buen drenaje;No indica;No indica;4.84;4.496;6.253;6.416;2.890;2.467;5.378;1.629;0.233;0.186;10.31;0.300;842.1;3.075;1.078;1.519;0.054;ND;ND;ND;ND
35.106;21/01/2016;CUNDINAMARCA;VILLETA;Caña Panelera;Establecido;De 5 a 10 años;Pendiente;Buen drenaje;No Tiene;Ninguno;6.56;2.334;7.456;6.293;ND;ND;11.00;0.512;0.125;0.202;11.84;0.232;69.98;2.278;2.046;< 1.0;0.076;ND;ND;ND;ND
35.107;21/01/2016;CUNDINAMARCA;VILLETA;Caña Panelera;Establecido;Mas de 10 años;Pendiente;Buen drenaje;No Tiene;NO;7.79;5.818;33.87;6.663;ND;ND;47.63;0.956;0.317;0.270;49.17;0.625;23.17;3.371;2.403;1.956;0.076;ND;ND;ND;ND
35.108;21/01/2016;CUNDINAMARCA;VILLETA;Caña Panelera;Establecido;Mas de 10 años;Ondulado;Buen drenaje;No indica;No indica;6.21;3.992;14.14;11.10;ND;ND;11.73;2.475;0.265;0.130;14.60;0.513;173.4;4.008;6.419;8.873;0.054;ND;ND;ND;ND
35.109;21/01/2016;CUNDINAMARCA;CAPARRAPÍ;Caña Panelera;Establecido;Mas de 10 años;Ondulado;Regular drenaje;No Tiene;NO;6.12;7.067;60.05;9.996;ND;ND;21.23;1.061;0.291;0.170;22.76;0.844;57.55;1.064;3.365;5.008;0.164;ND;ND;ND;ND
35.110;21/01/2016;CUNDINAMARCA;SASAIMA;Caña Panelera;Establecido;Mas de 10 años;Pendiente;Buen drenaje;No Tiene;Ninguno;5.110;17.69;9.428;4.071;1.426;1.107;3.088;0.592;0.186;0.128;5.422;0.339;100.5;1.016;4.572;2.732;0.054;ND;ND;ND;ND
35.111;21/01/2016;CUNDINAMARCA;CAPARRAPÍ;Caña Panelera;Establecido;Mas de 10 años;Ondulado;Regular drenaje;No Tiene;NO;6.59;6.490;97.19;6.540;ND;ND;43.89;2.261;0.624;0.474;47.26;0.683;46.39;1.738;4.432;10.36;0.076;ND;ND;ND;ND
35.112;21/01/2016;CUNDINAMARCA;VILLETA;Caña Panelera;Establecido;Mas de 10 años;Plano;Buen drenaje;No indica;No indica;6.94;14.43;46.26;27.40;ND;ND;46.32;3.740;0.545;0.248;50.85;1.691;15.92;1.08;1.226;46.16;0.934;ND;ND;ND;ND
35.115;21/01/2016;CUNDINAMARCA;NOCAIMA;Caña Panelera;Establecido;Mas de 10 años;Pendiente;Buen drenaje;No Tiene;NO;8.14;1.133;15.10;3.207;ND;ND;18.63;0.342;<0.09;0.096;19.12;0.664;42.11;2.898;< 1.0;< 1.0;0.186;ND;ND;ND;ND
35.116;21/01/2016;CUNDINAMARCA;CAPARRAPÍ;Caña Panelera;Establecido;Mas de 10 años;Pendiente;Regular drenaje;No Tiene;NO;6.38;4.304;165.7;6.046;ND;ND;42.97;1.354;0.361;0.266;44.95;0.500;79.53;3.917;7.966;8.349;0.472;ND;ND;ND;ND
35.117;21/01/2016;CUNDINAMARCA;CAPARRAPÍ;Caña Panelera;Establecido;Mas de 10 años;Pendiente;Buen drenaje;No Tiene;NO;6.18;4.189;54.12;4.195;ND;ND;12.57;1.184;0.210;0.117;14.08;0.727;74.48;3.492;14.94;15.32;0.340;ND;ND;ND;ND
35.118;21/01/2016;CUNDINAMARCA;QUIPILE;Caña Panelera;Establecido;De 5 a 10 años;Pendiente;Buen drenaje;No indica;Ninguno;7.61;2.695;35.02;11.72;ND;ND;46.63;1.891;0.177;0.178;48.87;0.740;19.56;3.524;1.120;7.535;0.780;ND;ND;ND;ND
35.119;21/01/2016;CUNDINAMARCA;QUIPILE;Caña Panelera;Establecido;Mas de 10 años;Plano;Buen drenaje;No indica;Ninguno;7.83;3.896;397.6;7.898;ND;ND;46.86;2.633;1.494;0.380;51.37;0.923;17.03;6.524;< 1.0;17.74;0.670;ND;ND;ND;ND
35.120;21/01/2016;CUNDINAMARCA;QUIPILE;Caña Panelera;Establecido;Mas de 10 años;Pendiente;Buen drenaje;No Tiene;Ninguno;7.79;3.564;160.2;5.676;ND;ND;48.99;2.117;0.578;0.155;51.84;1.078;19.44;10.68;< 1.0;44.61;0.824;ND;ND;ND;ND
35.121;21/01/2016;CUNDINAMARCA;SASAIMA;Caña Panelera;Establecido;Mas de 10 años;Pendiente;Regular drenaje;No Tiene;Ninguno;4.34;2.743;8.657;5.552;4.895;4.274;2.674;0.408;0.221;0.180;8.379;0.757;366.5;3.010;< 1.0;2.867;0.560;ND;ND;ND;ND
35.122;21/01/2016;CUNDINAMARCA;QUIPILE;Caña Panelera;Establecido;Mas de 10 años;Pendiente;Buen drenaje;No indica;Ninguno;8.08;2.987;48.22;8.515;ND;ND;45.51;0.902;0.246;0.157;46.82;0.400;26.89;5.72;< 1.0;13.34;0.516;ND;ND;ND;ND
35.123;21/01/2016;CUNDINAMARCA;CAPARRAPÍ;Caña Panelera;Establecido;Mas de 10 años;Pendiente;Buen drenaje;No Tiene;NO;6.84;3.420;14.51;4.565;ND;ND;27.84;1.163;0.218;0.174;29.40;0.612;33.35;5.516;1.053;17.54;0.494;ND;ND;ND;ND
35.124;21/01/2016;CUNDINAMARCA;CAPARRAPÍ;Caña Panelera;Establecido;Mas de 10 años;Pendiente;Buen drenaje;No Tiene;NO;6.86;4.957;27.48;5.059;ND;ND;29.54;1.719;0.327;0.152;31.74;0.341;43.52;3.019;1.764;35.20;0.912;ND;ND;ND;ND
35.125;21/01/2016;CUNDINAMARCA;VILLETA;Caña Panelera;Establecido;Mas de 10 años;Ondulado;Buen drenaje;No indica;No indica;8.07;5.582;12.89;7.034;ND;ND;55.98;0.772;0.203;0.139;57.09;0.728;18.72;2.654;1.283;12.36;0.230;ND;ND;ND;ND
35.127;21/01/2016;CUNDINAMARCA;CAPARRAPÍ;Caña Panelera;Establecido;Mas de 10 años;Ondulado;Regular drenaje;No Tiene;NO;6.16;4.761;38.52;9.256;ND;ND;19.52;0.751;0.199;0.345;20.82;0.387;69.99;1.986;8.955;3.552;0.120;ND;ND;ND;ND
35.128;21/01/2016;CUNDINAMARCA;VILLETA;Caña Panelera;Establecido;De 5 a 10 años;Pendiente;Buen drenaje;No Tiene;Ninguno;6.69;3.752;41.21;8.021;ND;ND;15.66;1.472;0.158;0.200;17.49;0.413;211.8;6.519;1.77;23.81;0.120;ND;ND;ND;ND
35.129;21/01/2016;CUNDINAMARCA;VILLETA;Caña Panelera;Establecido;Mas de 10 años;Ondulado;Buen drenaje;No indica;No indica;5.88;1.974;4.276;4.071;ND;ND;12.33;1.245;0.158;0.204;13.94;0.242;91.74;2.795;3.343;1.842;0.142;ND;ND;ND;ND
35.130;21/01/2016;CUNDINAMARCA;CAPARRAPÍ;Caña Panelera;Establecido;Mas de 10 años;Ondulado;Mal drenaje;No Tiene;NO;6.56;7.696;22.60;7.034;ND;ND;41.11;1.070;0.307;0.147;42.63;0.904;46.87;1.173;3.721;7.946;0.120;ND;ND;ND;ND
35.131;21/01/2016;CUNDINAMARCA;VILLETA;Caña Panelera;Establecido;De 5 a 10 años;Pendiente;Buen drenaje;No Tiene;Ninguno;7.95;3.132;174.6;4.688;ND;ND;44.68;0.403;0.148;0.118;45.35;0.413;11.27;2.776;< 1.0;18.43;0.252;ND;ND;ND;ND
35.132;21/01/2016;CUNDINAMARCA;CAPARRAPÍ;Caña Panelera;Establecido;Mas de 10 años;Ondulado;Regular drenaje;No Tiene;NO;6.83;8.436;146.7;8.515;ND;ND;47.26;1.189;0.472;0.385;49.31;0.856;31.43;1.267;2.166;7.054;0.208;ND;ND;ND;ND
35.133;21/01/2016;CUNDINAMARCA;CAPARRAPÍ;Caña Panelera;Establecido;Mas de 10 años;Pendiente;Regular drenaje;No Tiene;NO;8;4.713;11.20;15.42;ND;ND;51.31;1.839;0.263;0.204;53.62;1.105;31.95;1.854;1.326;9.055;0.120;ND;ND;ND;ND
35.134;21/01/2016;CUNDINAMARCA;VILLETA;Caña Panelera;Establecido;Mas de 10 años;Plano;Buen drenaje;No indica;No indica;5.64;5.674;20.64;11.60;ND;ND;13.87;2.943;0.587;0.465;17.87;0.906;919.1;4.013;4.621;5.386;0.098;ND;ND;ND;ND
35.135;21/01/2016;CUNDINAMARCA;CAPARRAPÍ;Caña Panelera;Establecido;Mas de 10 años;Pendiente;Regular drenaje;No Tiene;NO;4.25;4.809;7.491;7.898;3.536;2.933;2.313;0.804;0.243;0.240;7.137;1.126;606.4;1.342;6.463;2.625;0.098;ND;ND;ND;ND
35.136;21/01/2016;CUNDINAMARCA;CAPARRAPÍ;Caña Panelera;Establecido;Mas de 10 años;Ondulado;Regular drenaje;No Tiene;NO;5.92;4.833;7.070;7.034;ND;ND;9.513;0.743;0.282;0.579;11.12;0.702;212.6;2.968;22.15;4.610;0.296;ND;ND;ND;ND
35.137;21/01/2016;CUNDINAMARCA;VILLETA;Caña Panelera;Establecido;Mas de 10 años;Plano;Buen drenaje;No indica;No indica;6.73;5.794;215.3;18.76;ND;ND;12.87;2.771;1.141;0.270;17.05;1.964;292.1;1.603;4.282;14.96;0.230;ND;ND;ND;ND
35.138;21/01/2016;CUNDINAMARCA;VILLETA;Caña Panelera;Establecido;Mas de 10 años;Ondulado;Buen drenaje;No indica;No indica;7.41;6.591;18.31;9.379;ND;ND;39.96;3.034;0.507;0.335;43.84;0.591;19.53;4.136;2.639;13.13;0.186;ND;ND;ND;ND
35.139;21/01/2016;CUNDINAMARCA;CAPARRAPÍ;Caña Panelera;Establecido;Mas de 10 años;Pendiente;Regular drenaje;No Tiene;NO;7.94;5.241;180.9;4.812;ND;ND;59.47;0.797;0.325;0.161;60.75;0.739;21.63;1.713;< 1.0;5.455;0.076;ND;ND;ND;ND
35.140;21/01/2016;CUNDINAMARCA;VILLETA;Caña Panelera;Establecido;Mas de 10 años;Ondulado;Regular drenaje;No indica;No indica;5.51;4.016;15.16;6.293;ND;ND;13.45;0.927;0.148;0.456;14.98;0.555;351.9;8.910;2.911;86.40;0.296;ND;ND;ND;ND
35.141;21/01/2016;CUNDINAMARCA;VILLETA;Caña Panelera;Establecido;De 1 a 5 años;Pendiente;Buen drenaje;No Tiene;Ninguno;6.52;2.935;6.216;5.552;ND;ND;11.33;0.837;0.156;0.197;12.52;0.365;86.56;2.841;2.823;2.074;0.648;ND;ND;ND;ND
35.142;21/01/2016;CUNDINAMARCA;LA PEÑA;Caña Panelera;Establecido;Mas de 10 años;Pendiente;Buen drenaje;No Tiene;NO;8.06;3.271;13.32;22.82;ND;ND;43.46;0.727;0.101;0.194;44.48;1.125;30.96;8.013;2.322;35.27;0.318;ND;ND;ND;ND
35.144;21/01/2016;CUNDINAMARCA;LA PEÑA;Caña Panelera;Establecido;Mas de 10 años;Pendiente;Buen drenaje;No Tiene;NO;6.15;7.023;4.927;10.86;ND;ND;20.00;1.086;0.264;0.509;21.86;0.435;67.79;3.023;5.125;37.10;0.076;ND;ND;ND;ND
35.145;21/01/2016;CUNDINAMARCA;LA PEÑA;Caña Panelera;Establecido;Mas de 10 años;Ondulado;Buen drenaje;No Tiene;NO;5.16;8.220;7.803;23.57;0.934;0.388;9.721;3.511;0.454;0.263;14.88;1.200;533.5;2.751;8.544;21.71;0.054;ND;ND;ND;ND
35.146;21/01/2016;CUNDINAMARCA;LA PEÑA;Caña Panelera;Establecido;Mas de 10 años;Pendiente;Buen drenaje;No Tiene;NO;7.72;3.560;32.73;12.58;ND;ND;19.62;1.522;0.463;0.317;21.92;1.027;29.31;7.488;2.165;44.91;0.252;ND;ND;ND;ND
35.147;21/01/2016;CUNDINAMARCA;LA PEÑA;Caña Panelera;Establecido;Mas de 10 años;Pendiente;Buen drenaje;No Tiene;NO;8.52;1.397;<3.87;5.799;ND;ND;48.53;0.379;0.112;0.198;49.22;0.500;6.029;3.832;1.887;12.93;0.032;ND;ND;ND;ND
35.148;21/01/2016;CUNDINAMARCA;NOCAIMA;Caña Panelera;Establecido;Mas de 10 años;Pendiente;Buen drenaje;No Tiene;NO;4.809;4.641;8.006;18.26;0.520;0.194;8.469;1.675;0.200;0.321;11.18;1.032;492.5;6.75;15.45;20.26;0.076;ND;ND;ND;ND
35.153;21/01/2016;CUNDINAMARCA;LA PEÑA;Caña Panelera;Establecido;Mas de 10 años;Pendiente;Buen drenaje;No Tiene;NO;5.51;2.815;5.049;6.046;ND;ND;9.874;1.628;0.230;0.304;12.03;0.306;215.8;5.113;2.254;4.452;0.098;ND;ND;ND;ND
35.154;21/01/2016;CUNDINAMARCA;VILLETA;Caña Panelera;Establecido;De 1 a 5 años;Pendiente;Buen drenaje;No Tiene;Ninguno;7.79;4.136;49.70;9.502;ND;ND;21.73;1.059;0.170;0.159;23.12;0.849;15.91;2.594;< 1.0;13.89;0.098;ND;ND;ND;ND
35.155;21/01/2016;CUNDINAMARCA;VILLETA;Caña Panelera;Establecido;De 5 a 10 años;Pendiente;Buen drenaje;No Tiene;Ninguno;6.39;3.680;37.51;5.676;ND;ND;12.25;1.489;0.138;0.108;13.99;0.315;220.1;3.988;2.528;18.29;0.076;ND;ND;ND;ND
35.156;21/01/2016;CUNDINAMARCA;CAPARRAPÍ;Caña Panelera;Establecido;Mas de 10 años;Plano;Regular drenaje;No Tiene;NO;6.25;4.112;58.89;5.059;ND;ND;8.046;2.491;0.727;0.131;11.39;0.553;539.3;1.708;3.51;3.315;0.054;ND;ND;ND;ND
35.157;21/01/2016;CUNDINAMARCA;LA PEÑA;Caña Panelera;Establecido;Mas de 10 años;Pendiente;Buen drenaje;No Tiene;NO;5.85;4.857;10.59;5.552;ND;ND;15.65;1.950;0.334;0.237;18.17;0.439;347.1;3.047;3.194;30.65;0.054;ND;ND;ND;ND
35.158;21/01/2016;CUNDINAMARCA;CAPARRAPÍ;Caña Panelera;Establecido;Mas de 10 años;Pendiente;Regular drenaje;No Tiene;NO;6.07;4.472;9.749;6.416;ND;ND;13.75;1.048;0.117;0.040;14.96;0.554;104.4;2.084;9.868;4.525;0.120;ND;ND;ND;ND
35.159;21/01/2016;CUNDINAMARCA;VILLETA;Caña Panelera;Establecido;De 5 a 10 años;Pendiente;Buen drenaje;No Tiene;Ninguno;4.58;2.358;6.141;4.441;5.598;4.760;1.555;0.559;0.149;0.090;7.953;0.226;436.1;2.199;1.002;1.517;0.120;ND;ND;ND;ND
35.160;21/01/2016;CUNDINAMARCA;VILLETA;Caña Panelera;Establecido;De 1 a 5 años;Pendiente;Buen drenaje;No Tiene;Ninguno;7.02;5.001;17.97;23.20;ND;ND;26.05;1.203;0.219;0.228;27.70;0.703;60.20;4.583;2.495;4.275;0.098;ND;ND;ND;ND
35.161;21/01/2016;CUNDINAMARCA;SASAIMA;Caña Panelera;Establecido;Mas de 10 años;Pendiente;Buen drenaje;No Tiene;Ninguno;5.77;4.016;11.97;6.416;ND;ND;8.704;0.521;0.113;0.139;9.480;0.428;684.9;3.351;1.023;3.425;0.054;ND;ND;ND;ND
35.162;21/01/2016;CUNDINAMARCA;VILLETA;Caña Panelera;Establecido;Mas de 10 años;Ondulado;Buen drenaje;No indica;No indica;4.62;3.511;3.721;7.898;4.779;4.196;4.999;1.024;0.218;0.122;11.14;0.309;1116.;3.536;1.453;1.756;0.098;ND;ND;ND;ND
35.163;21/01/2016;CUNDINAMARCA;CAPARRAPÍ;Caña Panelera;Establecido;Mas de 10 años;Ondulado;Regular drenaje;No Tiene;NO;7.59;6.490;104.2;8.145;ND;ND;39.69;0.898;0.308;0.100;41.00;0.856;20.98;2.546;2.355;5.205;0.340;ND;ND;ND;ND
35.164;21/01/2016;CUNDINAMARCA;VILLETA;Caña Panelera;Establecido;Mas de 10 años;Plano;Buen drenaje;No indica;No indica;8.16;3.804;189.0;17.03;ND;ND;33.04;1.419;0.326;0.267;35.05;0.894;26.23;5.653;2.570;17.05;0.384;ND;ND;ND;ND
35.165;21/01/2016;CUNDINAMARCA;VILLETA;Caña Panelera;Establecido;Mas de 10 años;Pendiente;Regular drenaje;No indica;No indica;6.53;5.049;106.2;10.12;ND;ND;19.13;1.735;0.306;0.159;21.33;0.739;101.9;2.195;3.483;13.00;0.076;ND;ND;ND;ND
35.166;21/01/2016;CUNDINAMARCA;VILLETA;Caña Panelera;Establecido;Mas de 10 años;Pendiente;Buen drenaje;No Tiene;Ninguno;8.18;4.909;12.99;7.404;ND;ND;44.82;1.231;0.206;0.079;46.33;0.678;13.40;4.980;< 1.0;17.68;0.054;ND;ND;ND;ND
35.167;21/01/2016;CUNDINAMARCA;VILLETA;Caña Panelera;Establecido;Mas de 10 años;Ondulado;Buen drenaje;No indica;No indica;7.66;1.974;<3.87;114.7;ND;ND;44.80;0.788;<0.09;0.174;45.83;4.490;5.733;1.839;1.454;8.931;0.120;ND;ND;ND;ND
35.168;21/01/2016;CUNDINAMARCA;CAPARRAPÍ;Caña Panelera;Establecido;Mas de 10 años;Ondulado;Buen drenaje;No Tiene;NO;5.17;15.96;6.029;9.009;0.385;0.184;5.034;1.149;0.164;0.024;6.757;1.171;58.91;< 1.0;4.945;4.351;0.076;ND;ND;ND;ND
35.169;21/01/2016;CUNDINAMARCA;VILLETA;Caña Panelera;Establecido;De 5 a 10 años;Pendiente;Buen drenaje;No Tiene;Ninguno;4.84;3.271;4.882;5.923;1.185;0.903;7.454;0.521;0.188;0.157;9.507;0.413;747.7;5.697;9.749;13.76;0.186;ND;ND;ND;ND
35.170;21/01/2016;CUNDINAMARCA;LA PEÑA;Caña Panelera;Establecido;Mas de 10 años;Pendiente;Buen drenaje;No Tiene;NO;8.4;1.878;6.281;13.94;ND;ND;32.59;0.930;0.166;0.117;33.81;0.583;10.28;2.293;1.673;30.97;0.164;ND;ND;ND;ND
35.171;21/01/2016;CUNDINAMARCA;VILLETA;Caña Panelera;Establecido;De 5 a 10 años;Pendiente;Buen drenaje;No Tiene;Ninguno;5.23;3.584;5.330;13.69;3.767;2.078;7.629;0.956;0.181;0.114;12.64;0.179;976.8;1.834;1.628;2.918;0.186;ND;ND;ND;ND
35.172;21/01/2016;CUNDINAMARCA;VILLETA;Caña Panelera;Establecido;Mas de 10 años;Ondulado;Buen drenaje;No indica;No indica;5;2.238;15.47;8.021;1.368;0.971;8.040;1.857;0.199;0.098;11.56;0.410;601.5;5.239;8.642;6.346;0.054;ND;ND;ND;ND
35.173;21/01/2016;CUNDINAMARCA;CAPARRAPÍ;Caña Panelera;Establecido;Mas de 10 años;Ondulado;Regular drenaje;No Tiene;NO;7.84;12.26;20.25;59.21;ND;ND;59.28;2.498;0.262;0.345;62.39;2.470;31.70;1.917;1.454;19.02;0.362;ND;ND;ND;ND
35.174;21/01/2016;CUNDINAMARCA;LA PEÑA;Caña Panelera;Establecido;Mas de 10 años;Pendiente;Buen drenaje;No Tiene;NO;5.66;10.57;27.97;11.97;ND;ND;9.575;2.822;2.660;0.183;15.24;1.506;50.11;1.130;3.083;5.973;0.164;ND;ND;ND;ND
35.175;21/01/2016;CUNDINAMARCA;LA PEÑA;Caña Panelera;Establecido;Mas de 10 años;Pendiente;Buen drenaje;No Tiene;NO;4.809;3.992;14.72;5.676;4.172;3.458;5.428;1.718;0.234;0.246;11.80;0.449;376.3;2.152;3.996;12.55;0.054;ND;ND;ND;ND
35.182;21/01/2016;CUNDINAMARCA;CAPARRAPÍ;Caña Panelera;Establecido;Mas de 10 años;Pendiente;Buen drenaje;No Tiene;NO;7.88;6.779;20.37;6.046;ND;ND;70.08;1.138;0.383;0.313;71.92;0.974;22.02;2.141;2.328;11.55;0.252;ND;ND;ND;ND
35.183;21/01/2016;CUNDINAMARCA;VILLETA;Caña Panelera;Establecido;Mas de 10 años;Pendiente;Regular drenaje;No indica;No indica;6.73;6.255;31.05;8.268;ND;ND;21.10;1.695;0.280;0.229;23.31;0.856;68.50;2.105;3.239;13.42;0.274;ND;ND;ND;ND
35.184;21/01/2016;CUNDINAMARCA;VILLETA;Caña Panelera;Establecido;Mas de 10 años;Pendiente;Regular drenaje;No indica;No indica;6.44;3.656;22.53;7.034;ND;ND;17.89;0.862;0.157;0.184;19.09;0.615;131.5;5.573;2.736;23.63;0.318;ND;ND;ND;ND
35.185;21/01/2016;CUNDINAMARCA;VILLETA;Caña Panelera;Establecido;Mas de 10 años;Ondulado;Regular drenaje;No indica;No indica;4.769;4.857;12.89;7.898;1.281;0.835;7.698;1.344;0.272;0.197;10.79;0.572;701.5;4.250;4.28;11.39;0.230;ND;ND;ND;ND
35.186;21/01/2016;CUNDINAMARCA;VILLETA;Caña Panelera;Establecido;Mas de 10 años;Plano;Mal drenaje;No indica;No indica;8;3.632;12.49;23.43;ND;ND;52.61;2.140;0.185;0.275;55.21;1.136;17.93;9.214;1.653;87.85;0.274;ND;ND;ND;ND
35.187;21/01/2016;CUNDINAMARCA;VILLETA;Caña Panelera;Establecido;Mas de 10 años;Ondulado;Regular drenaje;No indica;No indica;4.92;2.767;4.086;6.046;1.512;1.156;7.918;0.963;0.156;0.346;10.89;0.398;413.5;5.096;4.022;9.698;0.054;ND;ND;ND;ND
35.188;21/01/2016;CUNDINAMARCA;VILLETA;Caña Panelera;Establecido;Mas de 10 años;Ondulado;Regular drenaje;No indica;No indica;5.13;1.493;10.34;5.923;2.746;2.117;4.850;0.674;0.207;0.151;8.629;0.207;241.7;2.955;< 1.0;5.181;0.054;ND;ND;ND;ND
35.189;21/01/2016;CUNDINAMARCA;VILLETA;Caña Panelera;Establecido;Mas de 10 años;Pendiente;Regular drenaje;No indica;No indica;6.35;5.842;17.43;7.157;ND;ND;16.49;1.656;0.198;0.223;18.57;0.497;52.44;11.64;6.692;125.2;0.164;ND;ND;ND;ND
35.190;21/01/2016;CUNDINAMARCA;VILLETA;Caña Panelera;Establecido;Mas de 10 años;Ondulado;Regular drenaje;No indica;No indica;6.26;11.34;52.67;7.527;ND;ND;20.13;1.864;0.323;0.403;22.73;0.569;68.31;1.995;4.26;6.555;0.208;ND;ND;ND;ND
35.191;21/01/2016;CUNDINAMARCA;VILLETA;Caña Panelera;Establecido;Mas de 10 años;Ondulado;Regular drenaje;No indica;No indica;5.03;2.719;10.02;6.293;1.069;0.689;7.510;0.856;0.136;0.187;9.760;0.395;479.9;5.897;4.615;10.87;0.054;ND;ND;ND;ND
35.192;21/01/2016;CUNDINAMARCA;VILLETA;Caña Panelera;Establecido;Mas de 10 años;Ondulado;Mal drenaje;No indica;No indica;8.65;1.518;<3.87;6.910;ND;ND;53.66;0.652;<0.09;0.422;54.78;0.581;5.270;2.277;< 1.0;10.65;0.054;ND;ND;ND;ND
35.193;21/01/2016;CUNDINAMARCA;VILLETA;Caña Panelera;Establecido;Mas de 10 años;Ondulado;Regular drenaje;No indica;No indica;6.72;3.247;8.888;5.429;ND;ND;21.19;0.606;0.136;0.210;22.14;0.310;14.44;2.824;1.903;14.74;0.098;ND;ND;ND;ND
35.198;21/01/2016;CUNDINAMARCA;LA PEÑA;Caña Panelera;Establecido;Mas de 10 años;Pendiente;Buen drenaje;No Tiene;NO;5.35;2.070;7.477;5.552;0;0;6.965;2.080;0.248;0.229;9.523;0.201;723.7;2.75;< 1.0;2.916;0.054;ND;ND;ND;ND
35.199;21/01/2016;CUNDINAMARCA;LA PEÑA;Caña Panelera;Establecido;Mas de 10 años;Plano;Buen drenaje;No Tiene;NO;4.95;3.463;12.51;8.638;3.488;2.739;5.859;1.523;0.233;0.243;11.34;0.248;668.3;2.544;3.759;2.838;0.076;ND;ND;ND;ND
35.200;21/01/2016;CUNDINAMARCA;LA PEÑA;Caña Panelera;Establecido;Mas de 10 años;Ondulado;Buen drenaje;No Tiene;NO;4.769;2.815;11.46;7.651;5.001;4.235;4.183;1.698;0.221;0.174;11.28;0.358;290.0;2.732;2.862;10.34;0.098;ND;ND;ND;ND
35.201;21/01/2016;CUNDINAMARCA;LA PEÑA;Caña Panelera;Establecido;Mas de 10 años;Pendiente;Buen drenaje;No Tiene;NO;7.75;0.725;<3.87;233.2;ND;ND;104.7;0.514;<0.09;0.319;105.6;11.85;< 5.0;< 1.0;< 1.0;1.102;0.230;ND;ND;ND;ND
35.202;21/01/2016;CUNDINAMARCA;LA PEÑA;Caña Panelera;Establecido;Mas de 10 años;Pendiente;Buen drenaje;No Tiene;NO;6.8;2.190;162.2;12.71;ND;ND;6.475;5.484;2.001;0.179;14.14;0.367;83.61;6.634;1.461;8.984;0.098;ND;ND;ND;ND
35.203;21/01/2016;CUNDINAMARCA;CAPARRAPÍ;Caña Panelera;Establecido;Mas de 10 años;Pendiente;Buen drenaje;No Tiene;NO;6.96;4.333;202.6;4.565;ND;ND;42.04;1.334;0.306;0.286;43.97;0.384;26.44;2.000;1.448;9.544;0.164;ND;ND;ND;ND
35.204;21/01/2016;CUNDINAMARCA;LA PEÑA;Caña Panelera;Establecido;Mas de 10 años;Ondulado;Buen drenaje;No Tiene;NO;6.5;4.088;5.931;24.43;ND;ND;13.22;1.412;0.169;0.213;15.01;0.559;178.7;3.847;1.494;8.561;0.208;ND;ND;ND;ND
35.205;21/01/2016;CUNDINAMARCA;QUEBRADANEGRA;Caña Panelera;Establecido;Mas de 10 años;Pendiente;Buen drenaje;No Tiene;NO;6.28;3.036;7.084;4.071;ND;ND;4.742;0.756;<0.09;0.139;5.720;0.253;99.29;2.073;21.24;1.259;0.516;ND;ND;ND;ND
35.206;21/01/2016;CUNDINAMARCA;QUEBRADANEGRA;Caña Panelera;Establecido;Mas de 10 años;Pendiente;Buen drenaje;No Tiene;NO;7.44;3.276;10.24;5.059;ND;ND;4.121;1.432;0.524;0.270;6.348;0.585;31.22;< 1.0;3.493;< 1.0;0.318;ND;ND;ND;ND
35.207;21/01/2016;CUNDINAMARCA;QUEBRADANEGRA;Caña Panelera;Establecido;Mas de 10 años;Pendiente;Buen drenaje;No Tiene;NO;6.16;3.708;10.71;5.552;ND;ND;14.90;1.760;0.224;0.153;17.04;0.317;123.2;1.517;12.15;2.849;0.384;ND;ND;ND;ND
35.209;21/01/2016;CUNDINAMARCA;NOCAIMA;Caña Panelera;Establecido;Mas de 10 años;Pendiente;Buen drenaje;No Tiene;NO;7.82;4.088;197.6;14.81;ND;ND;16.58;1.544;0.239;0.095;18.46;0.610;32.60;8.661;1.845;6.884;0.560;ND;ND;ND;ND
35.210;21/01/2016;CUNDINAMARCA;QUIPILE;Caña Panelera;Establecido;Mas de 10 años;Pendiente;Buen drenaje;No Tiene;Ninguno;7.25;7.071;132.9;5.306;ND;ND;32.55;2.277;0.294;0.124;35.25;0.493;19.15;2.437;1.04;11.78;0.494;ND;ND;ND;ND
35.211;21/01/2016;CUNDINAMARCA;QUIPILE;Caña Panelera;Establecido;Mas de 10 años;Pendiente;Buen drenaje;No Tiene;Ninguno;7.66;6.303;49.36;4.441;ND;ND;45.38;1.723;0.654;0.156;47.92;0.735;22.86;1.191;1.24;1.778;0.230;ND;ND;ND;ND
35.212;21/01/2016;CUNDINAMARCA;NOCAIMA;Caña Panelera;Establecido;Mas de 10 años;Pendiente;Buen drenaje;No Tiene;NO;4.91;4.112;30.90;6.540;0.780;0.485;6.646;1.361;0.261;0.096;9.146;0.722;475.4;2.964;3.639;6.524;0.164;ND;ND;ND;ND
35.213;21/01/2016;CUNDINAMARCA;CAPARRAPÍ;Caña Panelera;Establecido;Mas de 10 años;Plano;Buen drenaje;No Tiene;NO;7.01;2.046;243.7;3.084;ND;ND;17.63;2.119;0.333;0.128;20.22;0.215;137.4;4.323;< 1.0;8.726;0.142;ND;ND;ND;ND
35.214;21/01/2016;CUNDINAMARCA;CAPARRAPÍ;Caña Panelera;Establecido;Mas de 10 años;Pendiente;Buen drenaje;No Tiene;NO;5.91;3.468;101.7;3.701;ND;ND;14.21;0.633;0.107;0.126;15.08;0.253;435.4;2.333;6.06;6.649;0.076;ND;ND;ND;ND
35.215;21/01/2016;CUNDINAMARCA;SASAIMA;Caña Panelera;Establecido;Mas de 10 años;Pendiente;Buen drenaje;No Tiene;Ninguno;7.25;6.111;4.208;5.306;ND;ND;32.38;0.498;0.117;0.161;33.16;0.518;16.69;3.629;< 1.0;53.98;0.274;ND;ND;ND;ND
35.216;21/01/2016;CUNDINAMARCA;VERGARA;Caña Panelera;Establecido;No indica;Plano;Regular drenaje;No Tiene;Ninguno;4.730;2.166;7.409;5.182;4.297;3.604;2.501;0.471;0.111;0.094;7.475;0.146;303.3;1.645;2.145;3.163;0.054;ND;ND;ND;ND
35.217;21/01/2016;CUNDINAMARCA;CAPARRAPÍ;Caña Panelera;Establecido;Mas de 10 años;Pendiente;Buen drenaje;No Tiene;NO;6.68;3.612;208.2;11.47;ND;ND;6.302;2.080;0.242;0.120;8.745;0.410;24.70;2.475;2.558;7.385;0.186;ND;ND;ND;ND
35.219;21/01/2016;CUNDINAMARCA;QUIPILE;Caña Panelera;Establecido;Mas de 10 años;Pendiente;Buen drenaje;No indica;Ninguno;7.62;3.516;50.13;6.787;ND;ND;37.29;0.797;0.242;0.073;38.40;0.665;33.38;2.109;1.534;13.43;0.274;ND;ND;ND;ND
35.220;21/01/2016;CUNDINAMARCA;NOCAIMA;Caña Panelera;Establecido;Mas de 10 años;Pendiente;Buen drenaje;No Tiene;NO;4.51;3.031;27.78;5.306;5.020;4.187;4.398;1.235;0.309;0.034;10.99;0.432;356.8;5.237;2.44;21.39;0.098;ND;ND;ND;ND
35.222;21/01/2016;CUNDINAMARCA;CAPARRAPÍ;Caña Panelera;Establecido;Mas de 10 años;Pendiente;Buen drenaje;No Tiene;NO;8.39;5.294;8.630;4.071;ND;ND;57.19;0.461;0.182;0.139;57.97;0.610;10.22;1.637;1.107;2.564;0.142;ND;ND;ND;ND
35.223;21/01/2016;CUNDINAMARCA;CAPARRAPÍ;Caña Panelera;Establecido;Mas de 10 años;Ondulado;Buen drenaje;No Tiene;NO;8.14;3.708;16.25;6.293;ND;ND;58.62;0.762;0.237;0.158;59.78;0.723;9.458;1.522;< 1.0;4.934;0.692;ND;ND;ND;ND
35.224;21/01/2016;CUNDINAMARCA;VERGARA;Caña Panelera;Establecido;Mas de 10 años;Pendiente;Regular drenaje;No indica;No indica;5.49;14.52;9.892;4.071;0;0;2.992;0.459;0.178;0.139;3.770;0.144;67.56;1.431;2.024;1.960;0.054;ND;ND;ND;ND
35.225;21/01/2016;CUNDINAMARCA;SASAIMA;Caña Panelera;Establecido;Mas de 10 años;Ondulado;Regular drenaje;No Tiene;Ninguno;4.309;5.438;5.619;6.416;3.729;2.962;2.415;0.361;0.161;0.071;6.738;0.407;402.6;1.298;< 1.0;4.924;0.098;ND;ND;ND;ND
35.227;21/01/2016;CUNDINAMARCA;SASAIMA;Caña Panelera;Establecido;Mas de 10 años;Ondulado;Mal drenaje;No Tiene;Ninguno;7.01;3.420;461.9;25.91;ND;ND;20.69;2.335;0.631;0.160;23.82;0.830;184.5;14.14;1.860;< 1.0;0.252;ND;ND;ND;ND
35.228;21/01/2016;CUNDINAMARCA;SASAIMA;Caña Panelera;Establecido;Mas de 10 años;Pendiente;Regular drenaje;No Tiene;Ninguno;4.75;1.734;9.241;3.084;4.856;4.012;3.270;0.343;0.164;0.086;8.722;0.159;262.1;3.573;< 1.0;2.302;0.054;ND;ND;ND;ND
35.229;21/01/2016;CUNDINAMARCA;QUIPILE;Caña Panelera;Establecido;De 1 a 5 años;Plano;Regular drenaje;No indica;Ninguno;8.130;2.363;30.17;9.996;ND;ND;52.32;2.964;0.292;0.135;55.72;0.841;16.86;4.074;1.000;28.02;0.472;ND;ND;ND;ND
35.230;21/01/2016;CUNDINAMARCA;CAPARRAPÍ;Caña Panelera;Establecido;Mas de 10 años;Pendiente;Buen drenaje;No Tiene;NO;7.93;7.504;128.2;4.812;ND;ND;71.89;0.693;0.307;0.188;73.08;0.965;25.48;2.488;1.635;7.411;0.450;ND;ND;ND;ND
35.231;21/01/2016;CUNDINAMARCA;NOCAIMA;Caña Panelera;Establecido;Mas de 10 años;Pendiente;Buen drenaje;No Tiene;NO;6.09;6.927;17.21;9.626;ND;ND;21.03;13.51;0.306;0.153;35.00;0.458;131.8;4.064;12.07;162.6;0.098;ND;ND;ND;ND
35.233;21/01/2016;CUNDINAMARCA;SASAIMA;Caña Panelera;Establecido;Mas de 10 años;Ondulado;Mal drenaje;No Tiene;Ninguno;6.07;2.863;80.10;5.059;ND;ND;9.695;1.398;0.856;0.127;12.07;0.540;237.6;4.088;3.872;14.79;0.252;ND;ND;ND;ND
35.234;21/01/2016;CUNDINAMARCA;NIMAIMA;Caña Panelera;Establecido;Mas de 10 años;Pendiente;Buen drenaje;No indica;NO;4.809;4.765;4.534;3.330;5.704;5.265;2.696;0.450;0.151;0.192;9.195;0.126;853.9;5.051;< 1.0;2.857;0.098;ND;ND;ND;ND
35.235;21/01/2016;CUNDINAMARCA;NIMAIMA;Caña Panelera;Establecido;Mas de 10 años;Pendiente;Buen drenaje;No indica;NO;6.22;3.084;8.481;6.663;ND;ND;13.47;1.144;0.113;0.270;15.00;0.285;155.7;3.75;2.758;9.599;0.428;ND;ND;ND;ND
35.236;21/01/2016;CUNDINAMARCA;NOCAIMA;Caña Panelera;Establecido;Mas de 10 años;Pendiente;Buen drenaje;No Tiene;NO;5.56;3.996;11.68;5.182;ND;ND;16.97;0.939;0.138;0.113;18.16;0.390;295.9;7.488;2.972;108.5;0.076;ND;ND;ND;ND
35.237;21/01/2016;CUNDINAMARCA;NOCAIMA;Caña Panelera;Establecido;Mas de 10 años;Pendiente;Buen drenaje;No Tiene;NO;6.93;8.773;41.48;9.379;ND;ND;40.20;1.984;0.300;0.165;42.65;1.082;40.22;3.309;3.310;81.31;0.274;ND;ND;ND;ND
35.238;21/01/2016;CUNDINAMARCA;SASAIMA;Caña Panelera;Establecido;Mas de 10 años;Pendiente;Buen drenaje;No Tiene;Ninguno;4.599;2.795;8.006;2.960;5.820;4.993;2.155;0.259;0.211;0.080;8.526;0.174;520.6;6.211;1.554;7.469;0.120;ND;ND;ND;ND
35.239;21/01/2016;CUNDINAMARCA;CAPARRAPÍ;Caña Panelera;Establecido;De 5 a 10 años;Pendiente;Buen drenaje;No Tiene;NO;5.23;2.454;6.284;3.207;2.813;2.253;5.133;3.275;0.181;0.165;11.56;0.197;273.7;3.462;24.94;5.325;0.054;ND;ND;ND;ND
35.240;21/01/2016;CUNDINAMARCA;CAPARRAPÍ;Caña Panelera;Establecido;De 5 a 10 años;Pendiente;Buen drenaje;No Tiene;NO;8;7.744;175.1;7.034;ND;ND;49.62;1.266;0.341;0.155;51.38;0.531;16.11;2.159;1.002;5.221;0.120;ND;ND;ND;ND
35.241;21/01/2016;CUNDINAMARCA;VERGARA;Caña Panelera;Establecido;Mas de 10 años;Plano;Regular drenaje;No indica;No indica;4.49;5.674;9.390;5.552;4.076;3.370;3.948;0.645;0.559;0.057;9.287;0.499;231.9;3.214;5.786;6.758;0.054;ND;ND;ND;ND
35.242;21/01/2016;CUNDINAMARCA;CAPARRAPÍ;Caña Panelera;Establecido;Mas de 10 años;Pendiente;Buen drenaje;No Tiene;NO;8.119;5.486;25.79;4.071;ND;ND;55.13;0.450;0.273;0.133;55.99;0.745;18.26;2.198;1.638;4.293;0.230;ND;ND;ND;ND
35.243;21/01/2016;CUNDINAMARCA;CAPARRAPÍ;Caña Panelera;Establecido;Mas de 10 años;Pendiente;Buen drenaje;No Tiene;NO;6.58;4.184;92.99;4.565;ND;ND;24.02;1.303;0.150;0.100;25.57;0.387;39.13;1.950;3.357;11.09;0.186;ND;ND;ND;ND
35.244;21/01/2016;CUNDINAMARCA;SASAIMA;Caña Panelera;Establecido;Mas de 10 años;Ondulado;Buen drenaje;No Tiene;Ninguno;4.940;7.312;10.67;5.182;2.235;1.593;7.729;0.803;0.249;0.040;11.05;0.605;265.6;2.496;5.380;8.083;0.164;ND;ND;ND;ND
35.245;21/01/2016;CUNDINAMARCA;VERGARA;Caña Panelera;Establecido;Mas de 10 años;Ondulado;Regular drenaje;No indica;No indica;5.98;11.84;18.81;4.688;ND;ND;12.75;1.800;0.282;0.087;14.92;0.330;91.26;2.386;3.477;8.474;0.076;ND;ND;ND;ND
35.246;21/01/2016;CUNDINAMARCA;CAPARRAPÍ;Caña Panelera;Establecido;Mas de 10 años;Pendiente;Buen drenaje;No Tiene;NO;7.13;4.905;187.1;3.824;ND;ND;41.88;1.371;0.245;0.138;43.63;0.666;28.62;2.347;1.371;12.07;0.120;ND;ND;ND;ND
35.248;21/01/2016;CUNDINAMARCA;NOCAIMA;Caña Panelera;Establecido;Mas de 10 años;Pendiente;Buen drenaje;No Tiene;NO;6.31;2.478;219.3;7.774;ND;ND;13.06;2.719;0.621;0.319;16.72;1.776;173.7;11.03;4.168;11.21;0.120;ND;ND;ND;ND
35.249;21/01/2016;CUNDINAMARCA;NOCAIMA;Caña Panelera;Establecido;Mas de 10 años;Pendiente;Buen drenaje;No Tiene;NO;6.57;1.638;136.6;9.009;ND;ND;12.80;2.151;0.274;0.173;15.40;0.478;180.3;11.03;4.076;11.30;0.076;ND;ND;ND;ND
35.250;21/01/2016;CUNDINAMARCA;NOCAIMA;Caña Panelera;Establecido;Mas de 10 años;Pendiente;Buen drenaje;No Tiene;NO;4.599;5.390;3.774;5.799;3.844;3.254;5.543;0.305;0.232;0.123;10.04;0.327;746.2;7.822;2.810;3.355;0.230;ND;ND;ND;ND
35.251;21/01/2016;CUNDINAMARCA;VERGARA;Caña Panelera;Establecido;Mas de 10 años;Ondulado;Buen drenaje;No indica;No indica;5.46;2.719;4.981;2.837;0;0;7.449;1.358;0.202;0.111;9.122;0.165;82.32;2.020;10.28;1.860;0.076;ND;ND;ND;ND
35.253;21/01/2016;CUNDINAMARCA;CAPARRAPÍ;Caña Panelera;Establecido;Mas de 10 años;Pendiente;Buen drenaje;No Tiene;NO;8.09;5.918;103.2;4.318;ND;ND;43.38;0.465;0.287;0.121;44.26;0.497;12.52;< 1.0;1.189;1.864;0.450;ND;ND;ND;ND
35.254;21/01/2016;CUNDINAMARCA;QUIPILE;Caña Panelera;Establecido;Mas de 10 años;Pendiente;Buen drenaje;No indica;Ninguno;8.16;2.219;19.29;7.527;ND;ND;38.46;0.822;0.131;0.199;39.61;0.691;48.86;5.607;1.645;21.87;0.230;ND;ND;ND;ND
35.256;21/01/2016;CUNDINAMARCA;SASAIMA;Caña Panelera;Establecido;Mas de 10 años;Pendiente;Regular drenaje;No Tiene;Ninguno;4.96;3.516;12.10;5.552;3.574;2.554;11.15;0.379;0.177;0.091;15.37;0.180;583.2;11.69;5.947;65.75;1.462;ND;ND;ND;ND
35.257;21/01/2016;CUNDINAMARCA;CAPARRAPÍ;Caña Panelera;Establecido;Mas de 10 años;Pendiente;Buen drenaje;No Tiene;NO;7.39;4.280;128.9;3.330;ND;ND;36.89;0.906;0.411;0.085;38.30;0.369;14.04;1.864;1.59;7.195;0.296;ND;ND;ND;ND
35.259;21/01/2016;CUNDINAMARCA;SASAIMA;Caña Panelera;Establecido;Mas de 10 años;Pendiente;Buen drenaje;No Tiene;Ninguno;6.75;3.608;13.52;4.318;ND;ND;22.18;0.307;<0.09;0.023;22.58;0.335;56.52;5.985;1.342;68.79;0.160;ND;ND;ND;ND
35.260;21/01/2016;CUNDINAMARCA;CAPARRAPÍ;Caña Panelera;Establecido;Mas de 10 años;Pendiente;Buen drenaje;No Tiene;NO;7.48;3.612;139.1;3.577;ND;ND;45.52;1.240;0.345;0.197;47.30;0.323;12.79;1.708;1.141;4.870;0.318;ND;ND;ND;ND
35.261;21/01/2016;CUNDINAMARCA;NOCAIMA;Caña Panelera;Establecido;Mas de 10 años;Pendiente;Buen drenaje;No Tiene;NO;5.48;1.758;44.02;4.812;0;0;11.53;8.267;0.916;0.063;20.77;0.689;139.9;5.076;6.562;14.10;0.054;ND;ND;ND;ND
35.262;21/01/2016;CUNDINAMARCA;VILLETA;Caña Panelera;Establecido;Mas de 10 años;Ondulado;Buen drenaje;No indica;No indica;6.1;7.504;14.53;4.195;ND;ND;34.13;0.661;0.164;0.072;35.03;0.247;56.61;5.81;4.729;21.48;0.076;ND;ND;ND;ND
35.263;21/01/2016;CUNDINAMARCA;SASAIMA;Caña Panelera;Establecido;Mas de 10 años;Pendiente;Regular drenaje;No Tiene;Ninguno;4.91;4.761;8.549;6.293;2.129;1.583;7.710;0.493;0.199;0.042;10.57;0.338;581.2;6.714;2.857;13.50;0.076;ND;ND;ND;ND
35.264;21/01/2016;CUNDINAMARCA;VERGARA;Caña Panelera;Establecido;Mas de 10 años;Plano;Mal drenaje;No indica;No indica;5.33;3.612;7.735;3.948;0.192;0;10.82;1.621;0.195;0.068;12.90;0.283;308.0;3.270;8.839;24.04;0.098;ND;ND;ND;ND
35.265;21/01/2016;CUNDINAMARCA;CAPARRAPÍ;Caña Panelera;Establecido;Mas de 10 años;Pendiente;Buen drenaje;No Tiene;NO;5.91;2.142;4.561;2.837;ND;ND;11.97;2.359;0.190;0.042;14.56;0.260;94.27;6.901;7.768;15.02;0.208;ND;ND;ND;ND
35.266;21/01/2016;CUNDINAMARCA;CAPARRAPÍ;Caña Panelera;Establecido;Mas de 10 años;Pendiente;Buen drenaje;No Tiene;NO;6.47;2.887;13.50;3.330;ND;ND;20.77;1.425;0.174;0.072;22.45;0.274;139.2;4.444;2.387;32.36;0.164;ND;ND;ND;ND
35.268;21/01/2016;CUNDINAMARCA;CAPARRAPÍ;Caña Panelera;Establecido;Mas de 10 años;Pendiente;Buen drenaje;No Tiene;NO;8.1;5.198;11.94;4.935;ND;ND;55.31;0.713;0.308;0.106;56.44;0.755;21.88;2.805;2.500;7.653;0.362;ND;ND;ND;ND
35.269;21/01/2016;CUNDINAMARCA;NIMAIMA;Caña Panelera;Establecido;Mas de 10 años;Pendiente;Buen drenaje;No indica;NO;5.63;4.136;5.443;6.046;ND;ND;12.32;0.615;0.210;0.198;13.34;0.330;381.2;12.05;2.656;3.155;0.274;ND;ND;ND;ND
35.270;21/01/2016;CUNDINAMARCA;QUIPILE;Caña Panelera;Establecido;Mas de 10 años;Pendiente;Buen drenaje;No Tiene;Ninguno;8.02;6.543;22.39;14.68;ND;ND;47.33;1.239;0.116;0.104;48.79;0.808;11.54;3.03;1.390;12.01;0.648;ND;ND;ND;ND
35.271;21/01/2016;CUNDINAMARCA;NIMAIMA;Caña Panelera;Establecido;Mas de 10 años;Pendiente;Buen drenaje;No indica;NO;5.55;2.214;15.99;8.021;ND;ND;8.032;1.485;0.197;0.148;9.863;0.268;225.6;2.559;3.079;10.19;0.472;ND;ND;ND;ND
35.272;21/01/2016;CUNDINAMARCA;QUEBRADANEGRA;Caña Panelera;Establecido;Mas de 10 años;Pendiente;Buen drenaje;No indica;NO;5.72;2.599;8.875;4.441;ND;ND;13.55;0.845;0.142;0.239;14.77;0.289;201.4;2.137;2.983;7.996;0.252;ND;ND;ND;ND
35.273;21/01/2016;CUNDINAMARCA;VERGARA;Caña Panelera;Establecido;Mas de 10 años;Plano;Regular drenaje;No indica;NO;6.04;3.228;33.25;11.35;ND;ND;10.52;1.389;0.248;0.210;12.36;0.294;233.7;4.177;4.828;18.13;0.098;ND;ND;ND;ND
35.274;21/01/2016;CUNDINAMARCA;QUIPILE;Caña Panelera;Establecido;Mas de 10 años;Ondulado;Regular drenaje;No Tiene;Ninguno;8.06;1.998;157.6;4.565;ND;ND;22.71;1.524;0.370;0.141;24.74;0.373;20.53;4.934;< 1.0;10.73;0.098;ND;ND;ND;ND
35.275;21/01/2016;CUNDINAMARCA;LA VEGA;Caña Panelera;Establecido;Mas de 10 años;Pendiente;Buen drenaje;No Tiene;NO;4.42;4.333;60.23;8.391;1.599;0.913;4.964;0.751;0.330;0.159;7.804;1.015;350.5;2.970;38.84;13.02;0.186;ND;ND;ND;ND
35.276;21/01/2016;CUNDINAMARCA;QUEBRADANEGRA;Caña Panelera;Establecido;Mas de 10 años;Pendiente;Buen drenaje;No Tiene;NO;6.58;3.516;9.498;6.910;ND;ND;11.96;2.003;0.226;0.221;14.41;0.387;95.08;1.335;22.62;1.506;0.274;ND;ND;ND;ND
35.277;21/01/2016;CUNDINAMARCA;NOCAIMA;Caña Panelera;Establecido;Mas de 10 años;Pendiente;Buen drenaje;No Tiene;NO;5;3.007;7.911;5.059;0.501;0.174;12.39;0.908;0.196;0.059;14.06;0.392;359.8;12.1;8.852;1.835;0.494;ND;ND;ND;ND
35.278;21/01/2016;CUNDINAMARCA;SASAIMA;Caña Panelera;Establecido;Mas de 10 años;Ondulado;Regular drenaje;No Tiene;Ninguno;5.4;7.264;12.53;6.787;0.404;0.301;10.65;2.142;0.411;0.078;13.69;1.098;220.8;2.936;5.434;10.93;0.428;ND;ND;ND;ND
35.279;21/01/2016;CUNDINAMARCA;SASAIMA;Caña Panelera;Establecido;Mas de 10 años;Ondulado;Buen drenaje;No Tiene;Ninguno;6.37;3.852;28.89;4.812;ND;ND;29.43;1.005;0.136;0.045;30.61;0.389;47.10;7.221;1.293;79.38;0.472;ND;ND;ND;ND
35.280;21/01/2016;CUNDINAMARCA;QUIPILE;Caña Panelera;Establecido;Mas de 10 años;Plano;Regular drenaje;No indica;Ninguno;6.32;1.926;41.45;5.799;ND;ND;12.64;2.785;0.741;0.377;16.54;0.304;147.0;7.452;4.413;42.38;0.252;ND;ND;ND;ND
35.281;21/01/2016;CUNDINAMARCA;SASAIMA;Caña Panelera;Establecido;Mas de 10 años;Ondulado;Buen drenaje;No Tiene;Ninguno;5.86;1.878;27.18;4.688;ND;ND;11.20;1.553;0.224;0.114;13.09;0.402;390.7;7.301;< 1.0;10.61;0.560;ND;ND;ND;ND
35.282;21/01/2016;CUNDINAMARCA;QUIPILE;Caña Panelera;Establecido;De 1 a 5 años;Plano;Regular drenaje;No indica;Ninguno;8.18;2.647;85.38;16.90;ND;ND;40.16;2.401;0.292;0.140;42.99;0.240;18.34;7.833;< 1.0;18.07;0.934;ND;ND;ND;ND
35.283;21/01/2016;CUNDINAMARCA;SASAIMA;Caña Panelera;Establecido;Mas de 10 años;Pendiente;Buen drenaje;No Tiene;Ninguno;7.61;2.334;33.87;4.441;ND;ND;28.52;0.421;<0.09;0.098;29.08;0.920;19.49;3.653;< 1.0;17.49;0.736;ND;ND;ND;ND
35.284;21/01/2016;CUNDINAMARCA;SASAIMA;Caña Panelera;Establecido;Mas de 10 años;Pendiente;Buen drenaje;No Tiene;Ninguno;6.54;4.237;19.02;4.195;ND;ND;21.76;0.733;0.104;0.100;22.70;0.512;86.18;7.816;< 1.0;120.9;0.648;ND;ND;ND;ND
35.285;21/01/2016;CUNDINAMARCA;NOCAIMA;Caña Panelera;Establecido;Mas de 10 años;Pendiente;Buen drenaje;No Tiene;NO;6.14;3.420;198.1;2.837;ND;ND;8.922;0.936;0.182;0.103;10.14;0.680;81.41;97.26;1.2;1874.;0.054;ND;ND;ND;ND
35.287;21/01/2016;CUNDINAMARCA;SASAIMA;Caña Panelera;Establecido;Mas de 10 años;Pendiente;Buen drenaje;No Tiene;Ninguno;6.47;3.175;16.45;3.084;ND;ND;29.94;0.327;<0.09;0.012;30.36;0.343;32.62;4.206;< 1.0;8.819;0.186;ND;ND;ND;ND
35.288;21/01/2016;CUNDINAMARCA;NOCAIMA;Caña Panelera;Establecido;Mas de 10 años;Pendiente;Buen drenaje;No Tiene;NO;6.32;6.399;14.36;5.799;ND;ND;26.72;0.916;0.156;0.106;27.90;1.100;57.34;8.204;1.472;122.0;0.340;ND;ND;ND;ND
35.289;21/01/2016;CUNDINAMARCA;VERGARA;Caña Panelera;Establecido;Mas de 10 años;Ondulado;Regular drenaje;No indica;No indica;4.730;3.372;17.58;24.19;3.257;2.613;3.856;1.030;0.133;0.113;8.391;0.664;338.5;5.091;10.92;6.988;0.054;ND;ND;ND;ND
35.290;21/01/2016;CUNDINAMARCA;SASAIMA;Caña Panelera;Establecido;Mas de 10 años;Pendiente;Regular drenaje;No Tiene;Ninguno;8.130;0.893;<3.87;9.626;ND;ND;45.45;0.811;<0.09;0.164;46.45;0.283;10.14;4.681;< 1.0;17.66;0.186;ND;ND;ND;ND
35.291;21/01/2016;CUNDINAMARCA;SASAIMA;Caña Panelera;Establecido;Mas de 10 años;Ondulado;Buen drenaje;No Tiene;Ninguno;8.199;2.839;4.819;7.281;ND;ND;49.54;0.742;<0.09;0.085;50.41;1.275;14.25;7.934;1.181;40.10;0.340;ND;ND;ND;ND
35.292;21/01/2016;CUNDINAMARCA;QUIPILE;Caña Panelera;Establecido;De 5 a 10 años;Pendiente;Buen drenaje;No indica;Ninguno;7.74;1.950;118.1;4.318;ND;ND;34.27;0.423;0.109;0.091;34.90;0.737;5.766;2.721;< 1.0;10.49;0.472;ND;ND;ND;ND
35.293;21/01/2016;CUNDINAMARCA;NOCAIMA;Caña Panelera;Establecido;Mas de 10 años;Pendiente;Buen drenaje;No Tiene;NO;4.690;2.695;5.008;3.577;6.697;5.789;2.442;0.493;0.189;0.121;9.943;0.450;566.7;6.024;4.527;1.167;0.098;ND;ND;ND;ND
35.294;21/01/2016;CUNDINAMARCA;CAPARRAPÍ;Caña Panelera;Establecido;Mas de 10 años;Pendiente;Buen drenaje;No Tiene;NO;6.5;5.870;211.6;4.318;ND;ND;30.74;1.195;0.296;0.093;32.33;0.166;46.03;3.184;1.489;8.855;0.164;ND;ND;ND;ND
35.296;21/01/2016;CUNDINAMARCA;QUEBRADANEGRA;Caña Panelera;Establecido;Mas de 10 años;Pendiente;Buen drenaje;No Tiene;NO;7.92;4.141;8.196;96.22;ND;ND;45.32;0.945;0.123;0.209;46.60;2.783;38.80;6.254;2.447;8.269;0.450;ND;ND;ND;ND
35.297;21/01/2016;CUNDINAMARCA;NOCAIMA;Caña Panelera;Establecido;Mas de 10 años;Pendiente;Buen drenaje;No Tiene;NO;7.33;5.591;85.02;12.46;ND;ND;29.86;3.354;0.906;0.191;34.31;0.477;121.2;3.766;9.621;9.549;0.384;ND;ND;ND;ND
35.298;21/01/2016;CUNDINAMARCA;QUIPILE;Caña Panelera;Establecido;Mas de 10 años;Pendiente;Buen drenaje;No indica;Ninguno;8.42;2.118;17.92;5.429;ND;ND;53.38;2.122;0.155;0.282;55.94;0.467;8.990;5.059;1.255;13.82;0.692;ND;ND;ND;ND
35.299;21/01/2016;CUNDINAMARCA;QUEBRADANEGRA;Caña Panelera;Establecido;Mas de 10 años;Pendiente;Buen drenaje;No Tiene;NO;7.82;3.372;7.315;5.059;ND;ND;41.40;0.710;0.137;0.136;42.38;0.676;30.37;< 1.0;2.903;< 1.0;0.626;ND;ND;ND;ND
35.300;21/01/2016;CUNDINAMARCA;QUEBRADANEGRA;Caña Panelera;Establecido;Mas de 10 años;Pendiente;Buen drenaje;No Tiene;NO;7.01;3.180;10.61;3.701;ND;ND;31.50;1.599;0.222;0.167;33.49;0.535;78.33;1.269;14.49;1.090;0.318;ND;ND;ND;ND
35.301;21/01/2016;CUNDINAMARCA;NOCAIMA;Caña Panelera;Establecido;Mas de 10 años;Pendiente;Buen drenaje;No Tiene;NO;6.7;2.747;189.1;5.182;ND;ND;13.52;2.719;0.697;0.112;17.05;0.723;88.46;6.293;1.615;474.2;0.384;ND;ND;ND;ND
35.303;21/01/2016;CUNDINAMARCA;VERGARA;Caña Panelera;Establecido;Mas de 10 años;Pendiente;Buen drenaje;No indica;NO;4.769;3.180;8.644;6.293;2.515;2.049;3.065;0.980;0.209;0.171;6.942;0.314;266.7;2.016;1.167;2.165;0.274;ND;ND;ND;ND
35.305;21/01/2016;CUNDINAMARCA;NIMAIMA;Caña Panelera;Establecido;Mas de 10 años;Pendiente;Buen drenaje;No indica;NO;5.37;5.102;17.06;5.182;0.240;0.145;8.076;1.764;0.735;0.134;10.95;0.477;95.23;3.580;21.04;3.068;0.230;ND;ND;ND;ND
35.306;21/01/2016;CUNDINAMARCA;NIMAIMA;Caña Panelera;Establecido;Mas de 10 años;Pendiente;Buen drenaje;No indica;NO;6.16;6.831;11.65;3.207;ND;ND;19.02;2.610;0.441;0.163;22.23;0.387;114.1;3.002;5.984;5.21;0.120;ND;ND;ND;ND
35.307;21/01/2016;CUNDINAMARCA;NIMAIMA;Caña Panelera;Establecido;Mas de 10 años;Pendiente;Buen drenaje;No indica;NO;6.65;8.080;150.2;10.61;ND;ND;36.27;2.725;1.213;0.213;40.42;0.529;99.33;3.266;2.088;5.785;0.428;ND;ND;ND;ND
35.308;21/01/2016;CUNDINAMARCA;NIMAIMA;Caña Panelera;Establecido;Mas de 10 años;Pendiente;Buen drenaje;No indica;NO;7.34;6.687;58.87;6.663;ND;ND;25.42;4.056;0.838;0.226;30.54;0.717;86.27;3.677;7.875;8.355;0.692;ND;ND;ND;ND
35.309;21/01/2016;CUNDINAMARCA;NIMAIMA;Caña Panelera;Establecido;Mas de 10 años;Pendiente;Buen drenaje;No Tiene;NO;7.1;2.791;6.582;8.762;ND;ND;38.89;0.551;0.193;0.945;40.58;0.952;96.70;6.104;3.105;10.21;0.252;ND;ND;ND;ND
35.310;21/01/2016;CUNDINAMARCA;NIMAIMA;Caña Panelera;Establecido;Mas de 10 años;Pendiente;Buen drenaje;No Tiene;NO;4.8;2.478;5.144;4.441;4.018;3.273;1.550;0.956;0.186;0.170;6.883;0.188;362.2;1.449;2.036;4.956;0.406;ND;ND;ND;ND
35.311;21/01/2016;CUNDINAMARCA;QUEBRADANEGRA;Caña Panelera;Establecido;Mas de 10 años;Pendiente;Buen drenaje;No Tiene;NO;4.54;3.516;7.179;7.404;1.811;1.253;5.545;0.843;0.224;0.236;8.662;0.500;609.9;5.709;9.985;2.650;0.296;ND;ND;ND;ND
35.312;21/01/2016;CUNDINAMARCA;QUEBRADANEGRA;Caña Panelera;Establecido;Mas de 10 años;Pendiente;Buen drenaje;No Tiene;NO;6.4;3.852;8.156;2.960;ND;ND;16.13;1.255;0.197;0.193;17.78;0.258;99.48;1.695;9.073;2.555;0.208;ND;ND;ND;ND
35.313;21/01/2016;CUNDINAMARCA;LA VEGA;Caña Panelera;Establecido;Mas de 10 años;Pendiente;Buen drenaje;No Tiene;NO;5.27;4.093;12.03;4.935;0.423;0.174;6.777;1.310;0.437;0.140;9.089;0.463;162.5;1.653;5.487;7.366;0.582;ND;ND;ND;ND
35.314;21/01/2016;CUNDINAMARCA;QUEBRADANEGRA;Caña Panelera;Establecido;Mas de 10 años;Pendiente;Buen drenaje;No Tiene;NO;8.09;4.669;9.919;4.688;ND;ND;58.39;0.811;0.300;0.202;59.70;0.771;18.56;1.841;2.326;3.501;0.538;ND;ND;ND;ND
35.315;21/01/2016;CUNDINAMARCA;LA VEGA;Caña Panelera;Establecido;Mas de 10 años;Pendiente;Buen drenaje;No Tiene;NO;8.029;3.656;597.1;7.774;ND;ND;40.46;2.456;0.538;0.145;43.60;0.867;47.93;4.408;3.336;5.126;0.692;ND;ND;ND;ND
35.316;21/01/2016;CUNDINAMARCA;NIMAIMA;Caña Panelera;Establecido;Mas de 10 años;Pendiente;Buen drenaje;No indica;NO;8.48;1.710;15.30;9.132;ND;ND;38.13;0.360;<0.09;0.138;38.72;1.106;18.80;6.307;4.778;14.46;0.428;ND;ND;ND;ND
35.317;21/01/2016;CUNDINAMARCA;QUEBRADANEGRA;Caña Panelera;Establecido;Mas de 10 años;Pendiente;Buen drenaje;No Tiene;NO;7.09;3.276;20.94;5.059;ND;ND;20.54;0.729;0.237;0.233;21.75;0.229;62.56;2.205;3.313;2.796;0.054;ND;ND;ND;ND
35.318;21/01/2016;CUNDINAMARCA;NIMAIMA;Caña Panelera;Establecido;Mas de 10 años;Pendiente;Buen drenaje;No indica;NO;5.74;3.228;6.134;5.552;ND;ND;12.72;1.440;0.149;0.184;14.49;0.246;223.6;6.373;3.365;5.291;0.142;ND;ND;ND;ND
35.319;21/01/2016;CUNDINAMARCA;VERGARA;Caña Panelera;Establecido;Mas de 10 años;Pendiente;Regular drenaje;No indica;NO;5.03;3.612;5.470;4.812;0.587;0.349;7.431;1.041;0.175;0.132;9.368;0.239;326.2;1.923;4.554;13.15;0.076;ND;ND;ND;ND
35.320;21/01/2016;CUNDINAMARCA;NIMAIMA;Caña Panelera;Establecido;Mas de 10 años;Pendiente;Buen drenaje;No indica;NO;8;3.704;9.865;22.95;ND;ND;54.84;0.691;0.136;0.224;55.89;1.032;37.59;1.685;2.151;9.506;0.384;ND;ND;ND;ND
35.322;21/01/2016;CUNDINAMARCA;QUEBRADANEGRA;Caña Panelera;Establecido;Mas de 10 años;Pendiente;Buen drenaje;No indica;NO;6.47;6.659;60.29;9.009;ND;ND;18.88;3.220;0.762;0.359;23.23;1.406;130.9;< 1.0;2.661;22.03;0.736;ND;ND;ND;ND
35.323;21/01/2016;CUNDINAMARCA;VERGARA;Caña Panelera;Establecido;Mas de 10 años;Pendiente;Buen drenaje;No indica;NO;4.25;5.005;27.35;8.268;3.719;3.215;2.425;0.786;0.279;0.169;7.380;0.750;464.0;1.063;3.199;2.831;0.054;ND;ND;ND;ND
35.324;21/01/2016;CUNDINAMARCA;VERGARA;Caña Panelera;Establecido;No indica;Ondulado;Regular drenaje;No indica;NO;5.04;9.474;9.634;4.441;1.724;1.282;5.806;2.326;0.385;0.201;10.44;0.524;189.1;1.100;10.17;2.091;0.142;ND;ND;ND;ND
35.325;21/01/2016;CUNDINAMARCA;VERGARA;Caña Panelera;Establecido;Mas de 10 años;Plano;Regular drenaje;No indica;NO;4.8;3.660;8.902;3.577;3.796;3.225;1.967;0.362;0.112;0.162;6.401;0.155;290.7;3.931;5.573;6.437;0.142;ND;ND;ND;ND
35.328;21/01/2016;CUNDINAMARCA;VERGARA;Caña Panelera;Establecido;Mas de 10 años;Plano;Regular drenaje;No indica;NO;5.18;19.62;3.733;3.948;0.982;0.602;1.548;0.525;0.158;0.177;3.392;0.246;95.31;1.034;1.709;1.444;0.054;ND;ND;ND;ND
35.330;21/01/2016;CUNDINAMARCA;VERGARA;Caña Panelera;Establecido;Mas de 10 años;Ondulado;Regular drenaje;No indica;NO;4.71;5.246;5.103;5.799;3.295;2.632;22.11;11.50;0.246;1.215;38.37;0.237;268.8;2.018;3.588;2.077;0.076;ND;ND;ND;ND
35.334;21/01/2016;CUNDINAMARCA;QUEBRADANEGRA;Caña Panelera;Establecido;Mas de 10 años;Pendiente;Buen drenaje;No indica;NO;6.27;0.797;105.2;5.429;ND;ND;17.79;2.773;1.228;0.139;21.93;0.526;334.7;5.628;3.342;445.5;0.142;ND;ND;ND;ND
35.450;24/06/2016;BOYACÁ;SAN JOSÉ DE PARE;Caña Panelera;Establecido;No indica;Ondulado;No indica;No Tiene;QUIMICO;4.95;2.756;4.220;6.935;1.130;0.897;4.928;0.554;0.150;0.352;7.116;0.200;857.9;1.574;6.075;2.267;0.468;ND;ND;ND;ND
35.451;24/06/2016;BOYACÁ;SAN JOSÉ DE PARE;Caña Panelera;Establecido;No indica;Ondulado;No indica;No Tiene;QUIMICO;4.769;3.039;26.34;7.175;2.807;2.617;5.763;0.731;0.224;0.200;9.727;0.230;993.0;2.681;19.61;3.988;0.445;ND;ND;ND;ND
35.452;24/06/2016;SANTANDER;SOCORRO;Caña Panelera;Establecido;De 0 a 1 año;Pendiente;Buen drenaje;No Tiene;10-20-20 8BULTOS/Ha;4.849;4.409;10.65;9.459;2.039;1.773;3.857;0.686;0.337;0.283;7.205;0.329;504.9;1.308;1.223;2.635;0.603;ND;ND;ND;ND
35.454;24/06/2016;BOYACÁ;SAN JOSÉ DE PARE;Caña Panelera;Establecido;No indica;Ondulado;No indica;No Tiene;QUIMICO;4.809;4.975;43.47;10.54;2.140;1.965;6.306;0.838;0.330;0.346;9.963;0.307;810.6;2.294;5.602;4.153;0.671;ND;ND;ND;ND
35.455;24/06/2016;BOYACÁ;SAN JOSÉ DE PARE;Caña Panelera;Establecido;No indica;Ondulado;No indica;No Tiene;QUIMICO;4.900;3.677;<3.87;3.329;4.493;4.113;2.452;0.592;0.172;0.317;8.027;0.124;745.3;1.792;1.935;1.153;0.536;ND;ND;ND;ND
35.489;24/06/2016;BOYACÁ;SAN JOSÉ DE PARE;Caña Panelera;Establecido;De 0 a 1 año;Ondulado;No indica;No Tiene;QUIMICO;5.22;3.440;9.807;7.656;0.949;0.843;7.479;1.472;0.255;0.306;10.46;0.188;676.8;1.798;7.321;3.022;0.423;ND;ND;ND;ND
35.490;24/06/2016;BOYACÁ;TOGÜÍ;Caña Panelera;Establecido;No indica;Ondulado;No indica;No Tiene;QUIMICO;4.650;5.748;28.49;11.74;3.201;2.916;3.113;0.780;0.519;0.336;7.951;0.342;771.5;1.869;5.227;4.444;0.468;ND;ND;ND;ND
35.492;28/06/2016;CUNDINAMARCA;NOCAIMA;Caña Panelera;Establecido;Mas de 10 años;Pendiente;Buen drenaje;No Tiene;NO;4.7;6.014;11.64;12.69;1.779;1.191;2.989;0.795;0.256;0.418;6.240;0.714;136.7;1.535;2.948;5.472;0.136;ND;ND;ND;ND
35.497;28/06/2016;CUNDINAMARCA;CAPARRAPÍ;Caña Panelera;Establecido;Mas de 10 años;Plano;Buen drenaje;No Tiene;NO;8.17;4.078;31.23;3.616;ND;ND;61.16;0.672;0.262;0.411;62.50;0.532;17.04;< 1.0;< 1.0;5.26;0.176;ND;ND;ND;ND
35.498;28/06/2016;CUNDINAMARCA;QUIPILE;Caña Panelera;Establecido;Mas de 10 años;Pendiente;Buen drenaje;No Tiene;Ninguno;5.3;1.929;37.80;9.717;0.286;0.096;15.44;1.780;0.212;0.362;18.08;0.409;265.8;1.716;1.732;22.82;0.216;ND;ND;ND;ND
35.499;28/06/2016;CUNDINAMARCA;QUIPILE;Caña Panelera;Establecido;Mas de 10 años;Pendiente;Buen drenaje;No Tiene;Ninguno;6.79;2.354;257.2;25.34;ND;ND;24.45;2.888;0.751;0.575;28.66;0.783;78.17;1.167;< 1.0;17.28;0.692;ND;ND;ND;ND
35.505;28/06/2016;CUNDINAMARCA;QUIPILE;Caña Panelera;Establecido;Mas de 10 años;Pendiente;Buen drenaje;No Tiene;Ninguno;7.64;0.867;186.4;289.5;ND;ND;92.89;1.494;0.097;0.422;94.90;7.632;5.613;1.494;< 1.0;6.623;0.315;ND;ND;ND;ND
35.507;28/06/2016;CUNDINAMARCA;SASAIMA;Caña Panelera;Establecido;Mas de 10 años;Pendiente;Regular drenaje;No Tiene;Ninguno;8.289;3.653;6.302;4.955;ND;ND;45.60;0.777;<0.09;0.381;46.82;0.449;24.78;3.174;< 1.0;67.99;0.335;ND;ND;ND;ND
35.510;28/06/2016;CUNDINAMARCA;QUIPILE;Caña Panelera;Establecido;De 5 a 10 años;Pendiente;Buen drenaje;No Tiene;Ninguno;8.02;2.378;27.82;3.616;ND;ND;30.02;0.554;0.152;0.384;31.11;0.377;14.46;2.131;< 1.0;9.871;0.414;ND;ND;ND;ND
35.519;28/06/2016;CUNDINAMARCA;QUIPILE;Caña Panelera;Establecido;Mas de 10 años;Pendiente;Buen drenaje;No Tiene;Ninguno;7.69;4.007;262.6;18.94;ND;ND;35.92;2.005;0.380;0.533;38.84;0.593;62.60;1.708;< 1.0;46.97;0.632;ND;ND;ND;ND
35.520;28/06/2016;CUNDINAMARCA;QUIPILE;Caña Panelera;Establecido;Mas de 10 años;Pendiente;Buen drenaje;No Tiene;Ninguno;8.02;3.228;6.688;14.77;ND;ND;45.25;1.727;0.423;0.352;47.76;0.626;56.39;7.844;< 1.0;36.24;0.791;ND;ND;ND;ND
35.521;28/06/2016;CUNDINAMARCA;QUIPILE;Caña Panelera;Establecido;Mas de 10 años;Plano;Buen drenaje;No Tiene;Ninguno;8.039;3.157;6.574;3.169;ND;ND;53.19;1.495;0.234;0.389;55.31;0.513;29.92;1.144;< 1.0;16.05;0.394;ND;ND;ND;ND
35.522;24/06/2016;BOYACÁ;TOGÜÍ;Caña Panelera;Establecido;No indica;Ondulado;No indica;No Tiene;QUIMICO;5.33;3.629;20.81;7.295;1.019;0.811;6.011;0.763;0.203;0.359;8.356;0.210;848.2;6.630;2.741;9.696;0.355;ND;ND;ND;ND
35.523;24/06/2016;BOYACÁ;SAN JOSÉ DE PARE;Caña Panelera;Establecido;No indica;Ondulado;No indica;No Tiene;QUIMICO;5.19;4.999;4.616;9.699;0.928;0.822;5.528;0.838;0.170;0.361;7.828;0.309;480.4;1.615;1.956;1.937;0.581;ND;ND;ND;ND
35.525;24/06/2016;BOYACÁ;CHITARAQUE;Caña Panelera;Establecido;No indica;Ondulado;No indica;No Tiene;QUIMICO;4.690;4.857;10.16;8.137;2.635;2.457;1.004;0.278;0.148;0.183;4.251;0.231;572.1;2.181;2.647;3.002;0.423;ND;ND;ND;ND
35.550;28/06/2016;CUNDINAMARCA;QUIPILE;Caña Panelera;Establecido;Mas de 10 años;Pendiente;Buen drenaje;No Tiene;Ninguno;7.92;3.953;17.36;97.69;ND;ND;44.90;2.718;0.368;0.371;48.36;1.031;24.17;2.187;< 1.0;28.03;1.724;ND;ND;ND;ND
35.551;24/06/2016;BOYACÁ;SAN JOSÉ DE PARE;Caña Panelera;Establecido;No indica;Ondulado;No indica;No Tiene;QUIMICO;5.14;5.566;19.99;3.449;2.100;2.061;4.919;0.633;0.163;0.313;8.129;0.216;694.2;2.278;4.865;2.667;0.355;ND;ND;ND;ND
35.553;7/07/2016;RISARALDA;QUINCHÍA;Caña Panelera;Establecido;De 1 a 5 años;Ondulado;Mal drenaje;No Tiene;NO;5.74;2.997;<3.87;2.472;ND;ND;5.960;2.278;0.200;0.310;8.750;0.259;142.4;1.383;7.942;2.322;0.147;ND;ND;ND;ND
35.554;7/07/2016;RISARALDA;QUINCHÍA;Caña Panelera;Establecido;De 1 a 5 años;Ondulado;Mal drenaje;No Tiene;NO;5.87;3.853;8.972;5.684;ND;ND;9.207;4.111;1.111;0.340;14.77;0.408;236.6;3.340;6.935;10.11;0.108;ND;ND;ND;ND
35.555;7/07/2016;RISARALDA;QUINCHÍA;Caña Panelera;Establecido;De 1 a 5 años;Ondulado;Mal drenaje;No Tiene;NO;6.13;2.616;<3.87;2.611;ND;ND;8.351;3.734;0.189;0.892;13.16;0.284;101.9;2.524;8.120;1.18;0.089;ND;ND;ND;ND
35.556;7/07/2016;RISARALDA;QUINCHÍA;Caña Panelera;Establecido;De 1 a 5 años;Ondulado;Mal drenaje;No Tiene;NO;6.04;2.854;5.892;1.354;ND;ND;7.281;2.610;0.704;0.410;11.00;0.275;243.5;1.922;6.102;3.366;0.089;ND;ND;ND;ND
35.557;7/07/2016;RISARALDA;PUEBLO RICO;Caña Panelera;Establecido;De 1 a 5 años;Pendiente;Mal drenaje;No Tiene;NO;5.36;4.162;<3.87;7.220;0.079;0;4.314;1.388;0.808;0.284;6.875;0.463;196.3;2.566;14.59;3.423;0.108;ND;ND;ND;ND
35.558;7/07/2016;RISARALDA;QUINCHÍA;Caña Panelera;Establecido;De 1 a 5 años;Pendiente;Mal drenaje;No Tiene;NO;5.46;2.331;6.210;0.796;0.296;0.096;4.806;1.462;0.303;0.296;7.165;0.215;252.1;4.865;7.527;1.164;0.186;ND;ND;ND;ND
35.559;7/07/2016;RISARALDA;QUINCHÍA;Caña Panelera;Establecido;De 1 a 5 años;Ondulado;Mal drenaje;No Tiene;NO;4.900;3.448;11.19;2.192;3.629;2.963;5.212;1.818;0.159;0.309;11.12;0.285;309.0;7.548;14.77;1.585;0.069;ND;ND;ND;ND
35.560;7/07/2016;RISARALDA;GUÁTICA;Caña Panelera;Establecido;De 1 a 5 años;Ondulado;Mal drenaje;No Tiene;NO;6.17;4.019;<3.87;3.310;ND;ND;12.22;5.739;0.182;0.389;18.53;0.267;224.5;5.632;4.900;1.179;0.089;ND;ND;ND;ND
35.561;7/07/2016;RISARALDA;QUINCHÍA;Caña Panelera;Establecido;De 1 a 5 años;Pendiente;Mal drenaje;No Tiene;NO;5.63;2.925;5.038;3.589;ND;ND;7.340;1.895;0.266;0.304;9.808;0.207;216.3;6.319;7.530;1.426;0.108;ND;ND;ND;ND
35.562;7/07/2016;RISARALDA;PUEBLO RICO;Caña Panelera;Establecido;De 1 a 5 años;Pendiente;Mal drenaje;No Tiene;NO;5.6;1.475;<3.87;28.58;ND;ND;1.806;0.635;0.177;0.344;2.963;0.136;59.88;1.039;2.363;< 1.0;0.089;ND;ND;ND;ND
35.564;7/07/2016;RISARALDA;GUÁTICA;Caña Panelera;Establecido;De 1 a 5 años;Ondulado;Mal drenaje;No Tiene;NO;6.72;8.799;14.04;6.522;ND;ND;19.89;8.400;1.113;0.386;29.79;0.543;55.22;2.471;3.222;1.170;0.225;ND;ND;ND;ND
35.565;7/07/2016;RISARALDA;GUÁTICA;Caña Panelera;Establecido;De 1 a 5 años;Ondulado;Mal drenaje;No Tiene;NO;6.11;3.853;<3.87;0.935;ND;ND;14.16;9.124;0.971;0.366;24.62;0.390;90.25;4.823;4.786;3.171;0.166;ND;ND;ND;ND
35.566;7/07/2016;RISARALDA;MARSELLA;Caña Panelera;Establecido;De 1 a 5 años;Ondulado;Mal drenaje;No Tiene;NO;5.64;8.609;4.871;2.751;ND;ND;4.477;1.063;0.118;0.294;5.953;0.261;102.2;8.313;4.583;4.126;0.147;ND;ND;ND;ND
35.567;7/07/2016;RISARALDA;QUINCHÍA;Caña Panelera;Establecido;De 1 a 5 años;Ondulado;Mal drenaje;No Tiene;NO;6.12;3.408;4.386;1.913;ND;ND;6.695;4.011;0.635;0.349;11.69;0.280;204.8;2.617;7.298;3.094;0.302;ND;ND;ND;ND
35.574;7/07/2016;RISARALDA;GUÁTICA;Caña Panelera;Establecido;De 1 a 5 años;Ondulado;Mal drenaje;No Tiene;NO;6.21;2.046;<3.87;3.729;ND;ND;10.68;7.026;0.512;0.305;18.53;0.198;49.70;2.476;6.205;< 1.0;0.128;ND;ND;ND;ND
35.575;7/07/2016;RISARALDA;QUINCHÍA;Caña Panelera;Establecido;De 1 a 5 años;Ondulado;Mal drenaje;No Tiene;NO;5.42;1.951;<3.87;3.729;1.176;0.803;3.718;1.831;0.544;0.298;7.569;0.182;56.31;< 1.0;13.48;< 1.0;0.147;ND;ND;ND;ND
35.584;7/07/2016;RISARALDA;PUEBLO RICO;Caña Panelera;Establecido;De 1 a 5 años;Pendiente;Mal drenaje;No Tiene;NO;5.4;2.854;<3.87;1.354;0.207;0;3.591;0.905;<0.09;0.287;5.061;0.224;207.1;2.480;10.88;1.113;0.108;ND;ND;ND;ND
35.585;7/07/2016;RISARALDA;PUEBLO RICO;Caña Panelera;Establecido;De 1 a 5 años;Ondulado;Mal drenaje;No Tiene;NO;4.99;5.945;<3.87;5.265;0.870;0.445;2.910;1.495;0.122;0.332;5.732;0.307;444.6;2.241;20.60;4.698;0.166;ND;ND;ND;ND
35.586;7/07/2016;ANTIOQUIA;ANGELÓPOLIS;Caña Panelera;Establecido;De 1 a 5 años;Pendiente;Regular drenaje;No Tiene;10-20-20;6.14;3.234;<3.87;2.192;ND;ND;10.93;5.606;<0.09;0.319;16.92;0.272;81.41;3.039;5.577;< 1.0;0.166;ND;ND;ND;ND
35.587;7/07/2016;NORTE DE SANTANDER;TEORAMA;Caña Panelera;Establecido;No indica;Pendiente;No indica;No indica;Ninguno;6.14;1.737;<3.87;5.684;ND;ND;10.48;1.666;<0.09;0.321;12.55;0.179;53.10;1.547;9.951;< 1.0;0.574;ND;ND;ND;ND
35.588;7/07/2016;NORTE DE SANTANDER;CONVENCIÓN;Caña Panelera;Establecido;No indica;Ondulado;No indica;No Tiene;Ninguno;5.65;2.284;<3.87;7.220;ND;ND;5.142;1.601;0.719;0.336;7.799;0.190;99.66;2.371;14.58;8.209;0.438;ND;ND;ND;ND
35.589;7/07/2016;NORTE DE SANTANDER;CONVENCIÓN;Caña Panelera;Establecido;No indica;Pendiente;No indica;No Tiene;Ninguno;4.74;1.951;3.599;3.729;2.511;2.101;1.865;0.759;0.122;0.336;5.596;0.241;267.4;2.113;5.309;1.782;0.652;ND;ND;ND;ND
35.590;7/07/2016;ANTIOQUIA;ANZÁ;Caña Panelera;Establecido;De 5 a 10 años;Ondulado;Buen drenaje;No Tiene;10-20-20;4.900;2.688;<3.87;3.589;1.166;0.881;1.362;0.670;0.109;0.282;3.591;0.218;87.45;3.386;12.73;< 1.0;0.128;ND;ND;ND;ND
35.591;7/07/2016;NORTE DE SANTANDER;CONVENCIÓN;Caña Panelera;Establecido;No indica;Pendiente;No indica;No Tiene;Ninguno;4.400;2.046;<3.87;8.617;3.925;3.399;0.625;0.272;0.092;0.283;5.199;0.183;720.8;1.884;3.836;1.032;0.419;ND;ND;ND;ND
35.593;7/07/2016;ANTIOQUIA;URRAO;Caña Panelera;Establecido;Mas de 10 años;Pendiente;Regular drenaje;No Tiene;NO;5.61;2.711;<3.87;3.170;ND;ND;6.239;1.305;0.101;0.378;8.025;0.158;63.19;2.261;6.532;< 1.0;0.186;ND;ND;ND;ND
35.594;7/07/2016;ANTIOQUIA;URRAO;Caña Panelera;Establecido;De 5 a 10 años;Pendiente;Regular drenaje;No Tiene;15-15-15;5.71;3.639;<3.87;2.751;ND;ND;12.12;5.351;0.215;0.337;18.02;0.509;55.40;1.539;7.791;2.597;0.283;ND;ND;ND;ND
35.595;7/07/2016;ANTIOQUIA;URRAO;Caña Panelera;Establecido;De 5 a 10 años;Ondulado;Regular drenaje;No Tiene;NO;5.3;6.396;<3.87;1.494;0.721;0.435;3.224;1.185;0.130;0.361;5.623;0.423;94.22;6.041;6.947;< 1.0;0.147;ND;ND;ND;ND
35.596;7/07/2016;ANTIOQUIA;URRAO;Caña Panelera;Establecido;Mas de 10 años;Plano y ondulado;Regular drenaje;No Tiene;NO;5.14;3.020;<3.87;1.354;1.285;0.881;5.500;2.788;0.231;0.305;10.11;0.272;214.8;4.389;8.35;3.305;0.225;ND;ND;ND;ND
35.597;7/07/2016;ANTIOQUIA;URRAO;Caña Panelera;Establecido;Mas de 10 años;Pendiente;Regular drenaje;No Tiene;NO;4.889;2.997;<3.87;1.634;1.918;1.375;3.778;2.177;0.116;0.266;8.257;0.432;317.1;2.687;9.737;< 1.0;0.205;ND;ND;ND;ND
35.598;7/07/2016;ANTIOQUIA;URRAO;Caña Panelera;Establecido;Mas de 10 años;Ondulado;Regular drenaje;No Tiene;NO;5.15;3.020;<3.87;1.354;1.285;0.968;6.445;2.114;0.497;0.414;10.75;0.379;77.84;3.195;10.92;< 1.0;0.283;ND;ND;ND;ND
35.599;7/07/2016;ANTIOQUIA;GUADALUPE;Caña Panelera;Establecido;Mas de 10 años;Ondulado;Buen drenaje;No Tiene;15-15-15;5.04;3.187;<3.87;2.891;0.929;0.619;1.552;0.713;0.106;0.269;3.571;0.192;91.59;3.923;16.13;< 1.0;0.302;ND;ND;ND;ND
35.601;7/07/2016;ANTIOQUIA;GUADALUPE;Caña Panelera;Establecido;De 5 a 10 años;Ondulado;Buen drenaje;No Tiene;15-15-15;5.34;3.401;<3.87;3.449;0.741;0.522;3.170;1.356;0.211;0.294;5.774;0.192;74.56;2.990;12.76;< 1.0;0.225;ND;ND;ND;ND
35.603;7/07/2016;NORTE DE SANTANDER;CONVENCIÓN;Caña Panelera;Establecido;No indica;Pendiente;No indica;No Tiene;Ninguno;4.92;1.903;<3.87;7.081;1.344;0.987;1.692;0.559;0.091;0.362;4.051;0.200;140.9;1.94;36.43;< 1.0;0.438;ND;ND;ND;ND
35.604;7/07/2016;NORTE DE SANTANDER;TEORAMA;Caña Panelera;Establecido;No indica;Pendiente;No indica;No Tiene;Ninguno;6.48;4.376;23.85;10.01;ND;ND;12.46;2.566;0.321;0.473;15.82;0.292;105.6;2.877;24.21;3.754;0.302;ND;ND;ND;ND
35.605;7/07/2016;NORTE DE SANTANDER;CONVENCIÓN;Caña Panelera;Establecido;No indica;Pendiente;No indica;No Tiene;Ninguno;5.19;2.664;<3.87;1.494;0.978;0.581;4.681;2.419;0.148;0.363;8.591;0.185;99.57;3.264;20.12;1.706;0.205;ND;ND;ND;ND
35.608;7/07/2016;NORTE DE SANTANDER;CONVENCIÓN;Caña Panelera;Establecido;No indica;Pendiente;No indica;No Tiene;Ninguno;5.66;2.783;6.562;2.472;ND;ND;6.442;2.060;0.139;0.346;8.989;0.247;90.74;2.802;27.12;1.663;0.128;ND;ND;ND;ND
35.609;7/07/2016;NORTE DE SANTANDER;CONVENCIÓN;Caña Panelera;Establecido;No indica;Pendiente;No indica;No Tiene;Ninguno;5.76;2.997;<3.87;10.29;ND;ND;2.783;1.152;0.683;0.268;4.888;0.270;143.5;1.763;16.04;3.916;0.263;ND;ND;ND;ND
35.610;7/07/2016;NORTE DE SANTANDER;CONVENCIÓN;Caña Panelera;Establecido;No indica;Pendiente;No indica;No Tiene;Ninguno;6.13;1.000;<3.87;2.751;ND;ND;4.947;1.063;<0.09;0.297;6.337;0.129;39.63;< 1.0;6.947;< 1.0;0.031;ND;ND;ND;ND
35.611;7/07/2016;NORTE DE SANTANDER;CONVENCIÓN;Caña Panelera;Establecido;No indica;Pendiente;No indica;No Tiene;Ninguno;5.37;1.737;<3.87;4.846;0.553;0.203;4.054;1.909;<0.09;0.344;6.928;0.184;77.75;2.536;28.56;< 1.0;0.147;ND;ND;ND;ND
35.612;7/07/2016;NORTE DE SANTANDER;CONVENCIÓN;Caña Panelera;Establecido;No indica;Pendiente;No indica;No Tiene;Ninguno;5.85;1.404;14.32;5.684;ND;ND;3.221;1.282;0.384;0.292;5.180;0.227;80.25;1.052;10.45;3.663;0.108;ND;ND;ND;ND
35.613;7/07/2016;NORTE DE SANTANDER;CONVENCIÓN;Caña Panelera;Establecido;No indica;Pendiente;No indica;No Tiene;Ninguno;5.51;1.832;3.867;5.405;ND;ND;4.397;1.320;<0.09;0.297;6.095;0.193;91.33;1.267;6.543;< 1.0;0.244;ND;ND;ND;ND
35.617;7/07/2016;NORTE DE SANTANDER;CONVENCIÓN;Caña Panelera;Establecido;No indica;Pendiente;No indica;No Tiene;Ninguno;5.43;1.309;<3.87;4.148;0.108;0;2.406;0.696;0.098;0.401;3.712;0.395;53.44;1.700;39.51;1.882;0.263;ND;ND;ND;ND
35.619;7/07/2016;CAUCA;ROSAS;Caña Panelera;Establecido;De 1 a 5 años;Ondulado;No indica;No Tiene;Ninguno;4.97;3.472;<3.87;4.846;1.107;0.881;2.430;0.926;0.301;0.278;5.043;0.223;209.1;2.252;19.53;1.83;0.147;ND;ND;ND;ND
35.620;7/07/2016;NORTE DE SANTANDER;CONVENCIÓN;Caña Panelera;Establecido;No indica;Pendiente;No indica;No Tiene;Ninguno;5.39;1.166;<3.87;3.589;0.533;0.232;4.816;1.974;<0.09;0.280;7.683;0.181;46.49;1.826;26.63;2.722;0.361;ND;ND;ND;ND
35.621;7/07/2016;CAUCA;LA SIERRA;Caña Panelera;Establecido;Mas de 10 años;Pendiente;No indica;No Tiene;Ninguno;6.06;2.046;6.210;1.773;ND;ND;10.50;4.622;0.257;0.261;15.64;0.212;117.4;1.804;6.242;1.131;0.225;ND;ND;ND;ND
35.622;7/07/2016;CAUCA;LA SIERRA;Caña Panelera;Establecido;Mas de 10 años;Pendiente;No indica;No Tiene;Ninguno;5.82;2.521;<3.87;1.075;ND;ND;11.71;3.377;0.175;0.316;15.58;0.210;194.8;2.530;8.100;< 1.0;0.108;ND;ND;ND;ND
35.623;7/07/2016;CAUCA;EL TAMBO;Caña Panelera;Establecido;De 1 a 5 años;Ondulado;No indica;No Tiene;CAL+ABONO ORGANICO;5.46;16.26;13.12;5.125;0.355;0.232;4.531;1.169;0.175;0.287;6.520;0.364;78.17;1.653;5.416;2.702;0.244;ND;ND;ND;ND
35.624;7/07/2016;CAUCA;EL TAMBO;Caña Panelera;Establecido;Mas de 10 años;Pendiente;No indica;No Tiene;15-15-15;5.36;9.655;<3.87;4.148;0.385;0.232;6.305;1.249;0.407;0.314;8.661;0.328;87.84;2.610;15.03;1.262;0.438;ND;ND;ND;ND
35.625;7/07/2016;CAUCA;EL TAMBO;Caña Panelera;Establecido;De 1 a 5 años;Pendiente;No indica;No Tiene;ORGANICO;5.36;9.083;<3.87;5.824;1.265;0.997;2.313;0.629;0.156;0.304;4.670;0.208;245.6;2.730;4.702;< 1.0;0.710;ND;ND;ND;ND
35.626;7/07/2016;CAUCA;EL TAMBO;Caña Panelera;Establecido;De 5 a 10 años;Ondulado;No indica;No Tiene;Ninguno;5.12;5.635;4.101;10.85;1.226;0.968;2.198;0.635;0.176;0.319;4.556;0.224;209.4;2.165;3.559;< 1.0;0.399;ND;ND;ND;ND
35.627;7/07/2016;CAUCA;EL TAMBO;Caña Panelera;Establecido;De 0 a 1 año;Ondulado;No indica;No Tiene;Ninguno;5.099;8.704;<3.87;5.684;1.582;1.191;1.657;0.809;0.283;0.309;4.642;0.202;187.8;2.223;12.44;< 1.0;0.244;ND;ND;ND;ND
35.628;7/07/2016;CAUCA;EL TAMBO;Caña Panelera;Establecido;Mas de 10 años;Ondulado;No indica;No Tiene;Ninguno;5.47;17.02;<3.87;5.544;1.206;0.968;1.267;0.566;0.155;0.217;3.412;0.185;83.87;1.635;2.801;< 1.0;0.186;ND;ND;ND;ND
35.629;7/07/2016;ANTIOQUIA;AMAGÁ;Caña Panelera;Establecido;De 5 a 10 años;Pendiente;Buen drenaje;No Tiene;15-15-15;6.06;2.402;<3.87;3.868;ND;ND;9.695;3.784;<0.09;0.313;13.88;0.295;74.77;2.269;7.320;< 1.0;0.263;ND;ND;ND;ND
35.630;7/07/2016;ANTIOQUIA;AMAGÁ;Caña Panelera;Establecido;De 5 a 10 años;Ondulado;Buen drenaje;No Tiene;15-15-15;6.66;4.138;243.9;4.148;ND;ND;11.47;2.871;0.274;0.311;14.93;0.319;85.32;67.58;4.911;81.69;0.302;ND;ND;ND;ND
35.631;7/07/2016;CAUCA;ROSAS;Caña Panelera;Establecido;De 1 a 5 años;Ondulado;No indica;No Tiene;Ninguno;5.44;2.735;<3.87;2.053;0.217;0;4.328;1.395;0.303;0.295;6.540;0.228;246.8;2.536;9.535;< 1.0;0.108;ND;ND;ND;ND
35.632;7/07/2016;ANTIOQUIA;AMAGÁ;Caña Panelera;Establecido;De 1 a 5 años;Ondulado;Buen drenaje;No Tiene;15-15-15;5.34;4.637;5.206;6.522;0.276;0.154;4.801;1.778;0.223;0.284;7.364;0.297;94.46;3.635;14.05;2.122;0.361;ND;ND;ND;ND
35.633;7/07/2016;ANTIOQUIA;AMAGÁ;Caña Panelera;Establecido;De 5 a 10 años;Pendiente;Buen drenaje;No Tiene;15-15-15;5.78;2.141;<3.87;4.846;ND;ND;11.45;2.611;<0.09;0.281;14.37;0.230;79.48;1.549;7.224;1.378;0.186;ND;ND;ND;ND
35.634;7/07/2016;ANTIOQUIA;ANGELÓPOLIS;Caña Panelera;Establecido;De 5 a 10 años;Pendiente;Regular drenaje;No Tiene;10-20-20;5.76;2.807;<3.87;1.634;ND;ND;9.148;3.410;0.107;0.320;12.98;0.246;242.1;3.1;5.453;< 1.0;0.225;ND;ND;ND;ND
35.635;7/07/2016;ANTIOQUIA;ANGELÓPOLIS;Caña Panelera;Establecido;De 5 a 10 años;Pendiente;Regular drenaje;No Tiene;10-20-20;5.82;3.163;<3.87;3.449;ND;ND;10.66;2.736;0.127;0.312;13.84;0.234;65.95;1.748;3.929;< 1.0;0.244;ND;ND;ND;ND
35.636;7/07/2016;ANTIOQUIA;ANGELÓPOLIS;Caña Panelera;Establecido;De 5 a 10 años;Pendiente;Regular drenaje;No Tiene;10-20-20;6.24;2.973;4.854;2.472;ND;ND;11.57;4.974;0.302;0.289;17.14;0.291;63.78;4.74;3.557;1.308;0.263;ND;ND;ND;ND
35.637;7/07/2016;ANTIOQUIA;ANZÁ;Caña Panelera;Establecido;De 5 a 10 años;Ondulado;Buen drenaje;No Tiene;10-20-20;5.2;2.997;<3.87;3.030;0.603;0.406;4.118;1.410;0.110;0.308;6.551;0.218;22.06;4.843;9.312;< 1.0;0.244;ND;ND;ND;ND
35.638;7/07/2016;ANTIOQUIA;ANZÁ;Caña Panelera;Establecido;De 5 a 10 años;Ondulado;Buen drenaje;No Tiene;10-20-20;5.77;2.545;<3.87;1.913;ND;ND;5.946;4.358;0.136;0.284;10.72;0.213;75.17;9.147;5.269;2.826;0.031;ND;ND;ND;ND
35.639;7/07/2016;ANTIOQUIA;ANZÁ;Caña Panelera;Establecido;De 5 a 10 años;Ondulado;Buen drenaje;No Tiene;10-20-20;5.019;2.830;<3.87;5.684;0.533;0.135;1.954;1.068;0.336;0.343;4.237;0.225;102.0;4.576;9.346;< 1.0;0.477;ND;ND;ND;ND
35.640;7/07/2016;ANTIOQUIA;ANZÁ;Caña Panelera;Establecido;De 5 a 10 años;Ondulado;Buen drenaje;No Tiene;10-20-20;5.01;3.353;<3.87;7.220;2.056;1.597;2.625;1.687;0.140;0.337;6.847;0.208;267.0;9.740;5.423;< 1.0;0.419;ND;ND;ND;ND
35.641;7/07/2016;ANTIOQUIA;ANZÁ;Caña Panelera;Establecido;De 5 a 10 años;Ondulado;Buen drenaje;No Tiene;10-20-20;5.14;2.212;<3.87;2.472;1.621;1.104;2.864;1.231;0.109;0.325;6.153;0.208;96.99;3.944;16.08;< 1.0;0.108;ND;ND;ND;ND
35.642;7/07/2016;CAUCA;LA SIERRA;Caña Panelera;Establecido;De 1 a 5 años;Pendiente;No indica;No Tiene;Ninguno;6.07;1.808;6.344;2.053;ND;ND;10.85;2.425;0.228;0.357;13.86;0.186;95.32;2.063;5.838;< 1.0;0.108;ND;ND;ND;ND
35.643;7/07/2016;CAUCA;ROSAS;Caña Panelera;Establecido;Mas de 10 años;Pendiente;No indica;No Tiene;Ninguno;5.36;2.569;<3.87;2.472;0.533;0.116;10.73;5.181;0.538;0.289;17.27;0.173;72.40;1.678;16.45;1.819;0.089;ND;ND;ND;ND
35.644;7/07/2016;ANTIOQUIA;AMAGÁ;Caña Panelera;Establecido;De 1 a 5 años;Pendiente;Buen drenaje;No Tiene;COMPOST;6.25;2.022;<3.87;2.192;ND;ND;8.054;3.121;<0.09;0.325;11.57;0.201;49.63;1.895;4.867;< 1.0;0.205;ND;ND;ND;ND
35.645;7/07/2016;NORTE DE SANTANDER;TEORAMA;Caña Panelera;Establecido;No indica;Pendiente;No indica;No Tiene;Ninguno;6.41;1.642;49.74;1.634;ND;ND;6.563;1.825;0.357;0.292;9.039;0.233;71.16;2.025;5.228;2.926;0.108;ND;ND;ND;ND
35.646;7/07/2016;ANTIOQUIA;ANZÁ;Caña Panelera;Establecido;De 5 a 10 años;Ondulado;Buen drenaje;No Tiene;10-20-20;4.88;3.686;<3.87;4.427;3.411;2.789;1.700;1.016;0.230;0.308;6.667;0.206;307.9;5.194;4.682;< 1.0;0.322;ND;ND;ND;ND
35.647;7/07/2016;NORTE DE SANTANDER;CONVENCIÓN;Caña Panelera;Establecido;No indica;Pendiente;No indica;No Tiene;Ninguno;5.74;2.117;<3.87;1.354;ND;ND;6.022;1.532;0.194;0.338;8.087;0.168;72.26;3.902;10.15;< 1.0;0.108;ND;ND;ND;ND
35.652;6/07/2016;HUILA;ISNOS;Caña Panelera;Establecido;De 5 a 10 años;Ondulado;Buen drenaje;No indica;10 30 10;5.64;14.02;5.241;4.057;ND;ND;4.543;0.648;0.173;0.291;5.657;0.441;29.35;< 1.0;< 1.0;20.25;0.289;ND;ND;ND;ND
35.653;6/07/2016;HUILA;ISNOS;Caña Panelera;Establecido;De 1 a 5 años;Ondulado;Buen drenaje;No indica;15 15 15;5.45;14.31;<3.87;4.434;0.870;0.726;3.556;0.793;0.200;0.142;5.562;0.212;63.07;< 1.0;1.613;1.246;0.503;ND;ND;ND;ND
35.655;6/07/2016;HUILA;ISNOS;Caña Panelera;Establecido;De 1 a 5 años;Ondulado;Buen drenaje;No indica;15 15 15;4.610;4.780;4.787;3.555;0.880;0.871;5.989;0.425;0.157;0.228;7.680;4.518;45.66;< 1.0;1.242;< 1.0;0.328;ND;ND;ND;ND
35.656;6/07/2016;HUILA;ISNOS;Caña Panelera;Establecido;De 5 a 10 años;Ondulado;Buen drenaje;No indica;15 15 15;5.72;10.84;<3.87;4.811;ND;ND;8.767;1.045;0.271;0.189;10.27;0.178;88.48;1.789;6.034;2.736;0.601;ND;ND;ND;ND
35.657;6/07/2016;HUILA;ISNOS;Caña Panelera;Establecido;Mas de 10 años;Ondulado;Buen drenaje;No indica;15 15 15;5.68;8.324;4.283;2.927;ND;ND;5.459;0.719;0.150;0.242;6.572;0.176;80.75;1.08;5.868;1.79;0.425;ND;ND;ND;ND
35.658;6/07/2016;HUILA;ISNOS;Caña Panelera;Establecido;De 5 a 10 años;Ondulado;Buen drenaje;No indica;15 15 15;5.6;15.02;3.913;5.314;ND;ND;3.798;1.024;0.656;0.458;5.937;0.372;90.03;1.093;1.258;2.574;0.425;ND;ND;ND;ND
35.659;6/07/2016;HUILA;ISNOS;Caña Panelera;Establecido;Mas de 10 años;Ondulado;Buen drenaje;No indica;15 15 15;5.04;4.399;4.770;3.806;0.731;0.338;3.594;0.783;0.279;0.241;5.631;0.754;13.27;1.197;1.649;< 1.0;0.249;ND;ND;ND;ND
35.660;6/07/2016;HUILA;ISNOS;Caña Panelera;Establecido;De 5 a 10 años;Ondulado;Buen drenaje;No indica;15 15 15;5.3;15.26;4.333;4.434;0.850;0.561;1.984;1.300;0.188;0.205;4.529;0.206;27.64;1.234;1.359;1.908;0.484;ND;ND;ND;ND
35.661;6/07/2016;HUILA;ISNOS;Caña Panelera;Establecido;Mas de 10 años;Ondulado;Buen drenaje;No indica;10 30 10;4.68;4.566;3.728;2.927;0.771;0.590;6.104;0.885;0.586;0.271;8.618;4.442;32.92;< 1.0;1.147;1.758;0.308;ND;ND;ND;ND
35.662;6/07/2016;VALLE DEL CAUCA;GINEBRA;Caña Panelera;Establecido;De 5 a 10 años;Pendiente;Buen drenaje;No Tiene;NO;6.03;2.640;<3.87;3.304;ND;ND;8.871;2.881;0.304;0.321;12.37;0.193;32.21;1.693;1.602;< 1.0;0.367;ND;ND;ND;ND
35.663;6/07/2016;HUILA;ISNOS;Caña Panelera;Establecido;De 5 a 10 años;Plano;Buen drenaje;No indica;151 15 15;4.650;5.065;<3.87;3.555;1.275;1.036;1.529;0.152;0.177;0.277;3.412;1.722;49.09;< 1.0;< 1.0;< 1.0;0.855;ND;ND;ND;ND
35.664;6/07/2016;HUILA;ISNOS;Caña Panelera;Establecido;Mas de 10 años;Ondulado;Buen drenaje;No indica;10 30 10;5.4;3.377;6.585;5.942;0.375;0.184;4.143;1.217;0.688;0.212;6.638;0.527;99.78;1.064;2.265;3.281;0.328;ND;ND;ND;ND
35.665;6/07/2016;HUILA;ISNOS;Caña Panelera;Establecido;Mas de 10 años;Pendiente;Buen drenaje;No indica;No indica;5.44;9.465;<3.87;3.806;0.177;0.096;5.105;1.044;0.663;0.316;7.308;0.555;72.47;1.003;1.23;1.665;0.386;ND;ND;ND;ND
35.666;6/07/2016;VALLE DEL CAUCA;RESTREPO;Caña Panelera;Establecido;Mas de 10 años;Pendiente;Buen drenaje;No Tiene;NO;6.54;2.666;<3.87;3.555;ND;ND;8.808;1.937;0.419;0.315;11.48;0.145;58.47;< 1.0;2.67;< 1.0;0.171;ND;ND;ND;ND
35.667;6/07/2016;VALLE DEL CAUCA;GINEBRA;Caña Panelera;Establecido;De 1 a 5 años;Ondulado;Buen drenaje;No Tiene;NO;6.04;4.045;<3.87;2.927;ND;ND;8.060;2.588;0.159;0.255;11.06;0.219;75.69;1.415;3.194;1.300;0.289;ND;ND;ND;ND
35.669;6/07/2016;HUILA;ISNOS;Caña Panelera;Establecido;Mas de 10 años;Ondulado;Buen drenaje;No indica;15 15 15;5;13.98;<3.87;5.690;0.524;0.368;3.983;0.648;0.167;0.158;5.481;1.010;58.43;< 1.0;2.54;1.593;0.269;ND;ND;ND;ND
35.671;6/07/2016;HUILA;ISNOS;Caña Panelera;Establecido;De 1 a 5 años;Ondulado;Buen drenaje;No indica;10 30 10;5.59;13.69;<3.87;3.555;ND;ND;3.031;0.891;0.510;0.225;4.658;0.243;96.85;< 1.0;1.721;< 1.0;0.484;ND;ND;ND;ND
35.672;6/07/2016;HUILA;ISNOS;Caña Panelera;Establecido;De 1 a 5 años;Ondulado;Buen drenaje;No indica;15 15 15;5.44;11.03;<3.87;4.937;0.889;0.600;3.193;0.822;0.336;0.211;5.453;0.159;417.9;1.812;3.176;18.76;0.523;ND;ND;ND;ND
35.673;6/07/2016;HUILA;ISNOS;Caña Panelera;Establecido;Mas de 10 años;Ondulado;Buen drenaje;No indica;15 15 15;5.62;3.971;<3.87;3.429;ND;ND;3.988;0.870;0.149;0.247;5.256;0.184;56.59;< 1.0;2.776;< 1.0;0.816;ND;ND;ND;ND
35.674;6/07/2016;VALLE DEL CAUCA;BUGALAGRANDE;Caña Panelera;Establecido;Mas de 10 años;Pendiente;Buen drenaje;No Tiene;NO;6.6;2.117;<3.87;4.309;ND;ND;16.12;10.21;0.118;0.460;26.91;0.144;12.88;1.816;< 1.0;< 1.0;0.191;ND;ND;ND;ND
35.675;6/07/2016;VALLE DEL CAUCA;RESTREPO;Caña Panelera;Establecido;Mas de 10 años;Pendiente;Buen drenaje;No Tiene;NO;6.75;2.713;<3.87;3.555;ND;ND;13.94;3.057;0.148;0.269;17.41;0.138;40.96;3.070;1.119;< 1.0;0.386;ND;ND;ND;ND
35.676;6/07/2016;VALLE DEL CAUCA;RESTREPO;Caña Panelera;Establecido;De 5 a 10 años;Pendiente;Buen drenaje;No Tiene;NO;7.26;2.022;<3.87;4.183;ND;ND;27.29;5.711;0.150;0.275;33.42;0.202;7.758;1.419;< 1.0;< 1.0;0.367;ND;ND;ND;ND
35.677;6/07/2016;VALLE DEL CAUCA;BUGALAGRANDE;Caña Panelera;Establecido;De 5 a 10 años;Pendiente;Buen drenaje;No Tiene;NO;5.98;2.236;<3.87;3.178;ND;ND;7.617;2.341;0.275;0.263;10.49;0.134;62.06;2.419;2.488;< 1.0;0.367;ND;ND;ND;ND
35.679;6/07/2016;VALLE DEL CAUCA;GINEBRA;Caña Panelera;Establecido;De 1 a 5 años;Pendiente;Buen drenaje;No Tiene;NO;6.05;3.163;<3.87;2.298;ND;ND;8.632;1.901;0.114;0.270;10.91;0.156;58.24;1.660;1.217;< 1.0;0.269;ND;ND;ND;ND
35.680;6/07/2016;HUILA;ISNOS;Caña Panelera;Establecido;De 1 a 5 años;Ondulado;Buen drenaje;No indica;15 15 15;4.66;13.17;<3.87;3.806;0.435;0.416;3.890;0.142;0.129;0.204;4.803;2.948;89.55;< 1.0;< 1.0;< 1.0;0.171;ND;ND;ND;ND
35.684;5/07/2016;CUNDINAMARCA;VERGARA;Caña Panelera;Establecido;Mas de 10 años;Ondulado;Regular drenaje;No Tiene;Ninguno;4.809;1.309;<3.87;4.560;2.600;2.178;1.862;0.483;0.132;0.247;5.326;0.178;210.3;1.962;< 1.0;3.751;0.230;ND;ND;ND;ND
35.701;6/07/2016;VALLE DEL CAUCA;RESTREPO;Caña Panelera;Establecido;De 1 a 5 años;Pendiente;Buen drenaje;No Tiene;DAP;6.5;3.284;<3.87;2.550;ND;ND;8.935;2.324;0.791;0.268;12.31;0.173;53.77;3.375;< 1.0;< 1.0;0.269;ND;ND;ND;ND
35.702;6/07/2016;VALLE DEL CAUCA;RESTREPO;Caña Panelera;Establecido;Mas de 10 años;Pendiente;Buen drenaje;No Tiene;DAP-UREA;6.56;4.377;<3.87;2.801;ND;ND;15.38;5.763;0.566;0.393;22.11;0.183;36.07;4.142;< 1.0;1.274;0.464;ND;ND;ND;ND
35.703;6/07/2016;VALLE DEL CAUCA;BUGALAGRANDE;Caña Panelera;Establecido;Mas de 10 años;Pendiente;Buen drenaje;No Tiene;NO;6.85;3.236;<3.87;3.806;ND;ND;18.49;10.00;0.109;0.450;29.06;0.144;13.97;1.92;< 1.0;< 1.0;0.171;ND;ND;ND;ND
35.705;6/07/2016;VALLE DEL CAUCA;BUGALAGRANDE;Caña Panelera;Establecido;De 5 a 10 años;Plano;Regular drenaje;No Tiene;NO;5.01;1.665;9.208;6.444;3.233;2.885;7.730;2.032;0.147;0.281;13.42;0.191;283.9;3.39;22.30;1.726;0.230;ND;ND;ND;ND
35.707;6/07/2016;VALLE DEL CAUCA;BUGALAGRANDE;Caña Panelera;Establecido;Mas de 10 años;Pendiente;Buen drenaje;No Tiene;CENIZA - DE BAGASO DE CAÑA;6.59;1.856;<3.87;3.680;ND;ND;15.40;9.033;<0.09;0.297;24.82;0.193;26.20;2.581;< 1.0;1.784;0.191;ND;ND;ND;ND
35.709;6/07/2016;VALLE DEL CAUCA;RESTREPO;Caña Panelera;Establecido;Mas de 10 años;Pendiente;Buen drenaje;No Tiene;NO;6.18;2.475;<3.87;2.298;ND;ND;3.843;2.669;0.154;0.185;6.852;0.122;69.26;< 1.0;< 1.0;< 1.0;0.171;ND;ND;ND;ND
35.745;3/06/2016;CUNDINAMARCA;VERGARA;Caña Panelera;Establecido;Mas de 10 años;Plano;Regular drenaje;No Tiene;Ninguno;5.6;16.90;4.299;3.000;ND;ND;3.421;0.713;0.208;0.376;4.718;0.131;71.29;< 1.0;1.290;< 1.0;0.226;ND;ND;ND;ND
35.746;3/06/2016;CUNDINAMARCA;VERGARA;Caña Panelera;Establecido;De 5 a 10 años;Ondulado;Buen drenaje;No Tiene;Ninguno;4.92;6.192;22.60;10.63;1.918;1.386;5.788;1.181;0.315;0.310;9.515;0.429;446.3;1.944;2.214;5.737;0.379;ND;ND;ND;ND
35.748;3/06/2016;CUNDINAMARCA;VERGARA;Caña Panelera;Establecido;Mas de 10 años;Ondulado;Regular drenaje;No Tiene;Ninguno;4.889;7.323;10.34;8.555;2.723;2.368;2.697;0.647;0.234;0.256;6.559;0.287;104.7;1.492;1.946;1.416;0.226;ND;ND;ND;ND
35.749;3/06/2016;CUNDINAMARCA;VERGARA;Caña Panelera;Establecido;Mas de 10 años;Ondulado;Regular drenaje;No Tiene;Ninguno;7.56;5.148;290.1;7.166;ND;ND;48.38;1.874;0.405;0.463;51.12;0.710;66.90;3.831;< 1.0;29.17;0.335;ND;ND;ND;ND
35.750;3/06/2016;CUNDINAMARCA;VERGARA;Caña Panelera;Establecido;Mas de 10 años;Plano;Regular drenaje;No Tiene;Ninguno;5.58;13.96;4.990;4.944;ND;ND;10.57;2.415;1.471;0.286;14.74;0.664;55.01;< 1.0;1.593;2.798;0.270;ND;ND;ND;ND
35.751;3/06/2016;CUNDINAMARCA;VERGARA;Caña Panelera;Establecido;Mas de 10 años;Ondulado;Regular drenaje;No Tiene;Ninguno;4.71;1.610;<3.87;11.61;1.712;1.659;2.494;0.515;0.186;0.305;5.215;0.156;795.0;1.492;< 1.0;< 1.0;0.205;ND;ND;ND;ND
35.753;3/06/2016;CUNDINAMARCA;VERGARA;Caña Panelera;Establecido;Mas de 10 años;Ondulado;Regular drenaje;No Tiene;Ninguno;5.55;19.11;4.126;3.555;ND;ND;1.860;0.527;0.177;0.218;2.784;0.140;56.07;< 1.0;< 1.0;< 1.0;0.335;ND;ND;ND;ND
35.816;3/06/2016;CUNDINAMARCA;VERGARA;Caña Panelera;Establecido;Mas de 10 años;Ondulado;Regular drenaje;No Tiene;Ninguno;6.1;7.497;90.32;11.47;ND;ND;30.90;1.201;0.271;0.401;32.77;0.462;433.6;2.567;1.728;13.52;0.423;ND;ND;ND;ND
35.817;3/06/2016;CUNDINAMARCA;VERGARA;Caña Panelera;Establecido;Mas de 10 años;Ondulado;Regular drenaje;No Tiene;Ninguno;5.01;8.309;16.26;10.36;4.002;2.783;3.112;0.646;0.387;0.437;8.586;0.181;506.6;2.246;< 1.0;1.53;0.248;ND;ND;ND;ND
35.865;3/06/2016;CUNDINAMARCA;VERGARA;Caña Panelera;Establecido;Mas de 10 años;Pendiente;Buen drenaje;No Tiene;Ninguno;5.27;1.784;7.210;5.222;0.691;0.485;4.798;1.138;0.127;0.463;7.219;0.175;100.8;1.900;1.003;5.437;0.248;ND;ND;ND;ND
35.868;3/06/2016;CUNDINAMARCA;VERGARA;Caña Panelera;Establecido;Mas de 10 años;Pendiente;Buen drenaje;No Tiene;Ninguno;4.940;19.63;6.731;10.36;1.908;1.578;4.872;0.699;0.362;0.366;8.210;0.653;79.69;< 1.0;3.416;5.954;0.314;ND;ND;ND;ND
35.871;3/06/2016;CUNDINAMARCA;VERGARA;Caña Panelera;Establecido;Mas de 10 años;Ondulado;Buen drenaje;No Tiene;Ninguno;4.83;2.422;7.276;5.361;1.660;1.103;4.783;0.618;0.144;0.136;7.343;0.227;549.8;8.08;3.422;62.89;0.205;ND;ND;ND;ND
35.873;3/06/2016;CUNDINAMARCA;VERGARA;Caña Panelera;Establecido;Mas de 10 años;Ondulado;Regular drenaje;No Tiene;Ninguno;4.849;5.177;4.153;6.472;2.259;1.821;4.951;0.580;0.220;0.087;8.099;0.205;920.2;3.054;4.482;12.09;0.314;ND;ND;ND;ND
35.874;3/06/2016;CUNDINAMARCA;VERGARA;Caña Panelera;Establecido;Mas de 10 años;Ondulado;Regular drenaje;No Tiene;Ninguno;5.72;10.93;4.033;4.666;ND;ND;7.511;1.494;0.444;0.054;9.505;0.214;93.29;< 1.0;6.187;1.127;0.335;ND;ND;ND;ND
35.875;3/06/2016;CUNDINAMARCA;VERGARA;Caña Panelera;Establecido;Mas de 10 años;Ondulado;Buen drenaje;No Tiene;Ninguno;5.89;17.77;4.259;5.361;ND;ND;5.655;1.785;1.031;0.075;8.548;0.220;79.19;< 1.0;2.383;1.084;0.270;ND;ND;ND;ND
35.876;3/06/2016;CUNDINAMARCA;VERGARA;Caña Panelera;Establecido;De 5 a 10 años;Ondulado;Buen drenaje;No Tiene;Ninguno;6.14;3.176;<3.87;4.111;ND;ND;10.69;1.678;0.126;0.088;12.58;0.194;297.3;2.218;3.163;3.246;0.248;ND;ND;ND;ND
35.877;3/06/2016;CUNDINAMARCA;VERGARA;Caña Panelera;Establecido;No indica;Plano;Regular drenaje;No Tiene;Ninguno;4.889;3.379;5.150;3.972;2.383;1.760;4.832;0.351;0.150;0.045;7.762;0.197;861.0;1.643;2.938;7.405;0.205;ND;ND;ND;ND
35.878;3/06/2016;CUNDINAMARCA;VERGARA;Caña Panelera;Establecido;Mas de 10 años;Ondulado;Buen drenaje;No Tiene;Ninguno;4.059;5.264;10.69;6.75;5.684;3.957;1.970;0.456;0.335;0.187;8.633;0.362;848.6;1.837;< 1.0;2.391;0.445;ND;ND;ND;ND
35.879;3/06/2016;CUNDINAMARCA;VERGARA;Caña Panelera;Establecido;Mas de 10 años;Ondulado;Regular drenaje;No Tiene;Ninguno;4.46;4.336;9.735;11.19;6.808;5.940;2.339;0.468;0.203;0.117;9.938;0.229;1064.;2.484;1.482;5.891;0.401;ND;ND;ND;ND
35.880;3/06/2016;CUNDINAMARCA;VERGARA;Caña Panelera;Establecido;Mas de 10 años;Plano;Regular drenaje;No Tiene;Ninguno;6.18;3.843;<3.87;3.833;ND;ND;12.13;1.977;0.175;0.110;14.39;0.192;320.5;2.201;3.352;4.585;0.292;ND;ND;ND;ND
35.881;3/06/2016;CUNDINAMARCA;VERGARA;Caña Panelera;Establecido;Mas de 10 años;Ondulado;Regular drenaje;No Tiene;Ninguno;5.66;28.94;3.887;6.333;ND;ND;7.197;0.625;0.185;0.237;8.246;0.160;71.88;< 1.0;1.339;< 1.0;0.423;ND;ND;ND;ND
35.900;3/06/2016;CUNDINAMARCA;VERGARA;Caña Panelera;Establecido;Mas de 10 años;Ondulado;Regular drenaje;No Tiene;Ninguno;4.55;2.741;4.552;3.694;5.684;3.997;1.871;0.262;0.127;0.126;8.072;0.166;618.0;1.77;< 1.0;1.163;0.445;ND;ND;ND;ND
35.901;3/06/2016;CUNDINAMARCA;VERGARA;Caña Panelera;Establecido;Mas de 10 años;Plano;Regular drenaje;No Tiene;Ninguno;4.93;5.541;5.057;4.527;6.726;4.958;2.019;0.329;0.163;0.114;9.353;0.125;277.9;< 1.0;< 1.0;< 1.0;0.314;ND;ND;ND;ND
35.902;3/06/2016;CUNDINAMARCA;VERGARA;Caña Panelera;Establecido;Mas de 10 años;Ondulado;Regular drenaje;No Tiene;Ninguno;5.07;1.958;6.904;4.944;2.052;1.700;5.481;0.601;0.145;0.137;8.418;0.168;354.9;2.267;1.218;5.572;0.270;ND;ND;ND;ND
35.903;3/06/2016;CUNDINAMARCA;VERGARA;Caña Panelera;Establecido;Mas de 10 años;Ondulado;Regular drenaje;No Tiene;Ninguno;5.14;8.801;13.77;11.47;1.258;0.961;6.366;0.965;0.411;0.157;9.160;0.496;382.7;6.17;2.803;18.61;0.226;ND;ND;ND;ND
35.904;3/06/2016;CUNDINAMARCA;VERGARA;Caña Panelera;Establecido;Mas de 10 años;Pendiente;Regular drenaje;No Tiene;Ninguno;5.3;4.597;<3.87;5.361;0.814;0.698;5.617;1.036;0.162;0.237;7.869;0.192;95.08;1.602;1.792;< 1.0;0.314;ND;ND;ND;ND
35.905;3/06/2016;CUNDINAMARCA;VERGARA;Caña Panelera;Establecido;Mas de 10 años;Ondulado;Regular drenaje;No Tiene;Ninguno;4.8;12.73;14.26;6.333;3.693;2.732;3.878;0.803;0.754;0.190;9.321;0.538;95.75;2.23;1.269;3.02;0.205;ND;ND;ND;ND
35.906;3/06/2016;CUNDINAMARCA;VERGARA;Caña Panelera;Establecido;Mas de 10 años;Ondulado;Regular drenaje;No Tiene;Ninguno;4.75;2.509;<3.87;8.833;0.711;0.516;8.466;1.400;0.110;0.144;10.83;0.348;86.78;< 1.0;< 1.0;< 1.0;0.270;ND;ND;ND;ND
35.909;3/06/2016;CUNDINAMARCA;VERGARA;Caña Panelera;Establecido;Mas de 10 años;Plano;Buen drenaje;No Tiene;Ninguno;4.96;8.801;4.485;7.583;1.784;1.315;5.041;1.047;0.294;0.149;8.318;0.506;101.9;< 1.0;3.427;2.467;0.270;ND;ND;ND;ND
35.910;3/06/2016;CUNDINAMARCA;VERGARA;Caña Panelera;Establecido;Mas de 10 años;Plano;Buen drenaje;No Tiene;Ninguno;4.809;2.625;<3.87;8;0.784;0.597;7.067;1.462;0.173;0.124;9.612;0.339;83.66;< 1.0;< 1.0;< 1.0;0.401;ND;ND;ND;ND
36.083;7/07/2016;ANTIOQUIA;ANZÁ;Caña Panelera;Establecido;De 5 a 10 años;Ondulado;Buen drenaje;No Tiene;10-20-20;5.32;2.830;<3.87;2.053;0.929;0.687;2.051;1.382;0.215;0.274;4.853;0.156;79.75;5.442;5.846;< 1.0;0.089;ND;ND;ND;ND
36.084;7/07/2016;NORTE DE SANTANDER;TEORAMA;Caña Panelera;Establecido;No indica;Pendiente;No indica;No Tiene;Ninguno;5.92;1.309;6.863;2.332;ND;ND;2.781;2.092;<0.09;0.304;5.258;0.154;48.64;1.349;7.033;3.702;0.108;ND;ND;ND;ND
36.216;2/08/2016;ANTIOQUIA;URRAO;Caña Panelera;Establecido;De 5 a 10 años;Pendiente;Regular drenaje;No Tiene;NO;5.61;5.770;<3.87;7.005;ND;ND;9.464;2.780;1.923;0.233;14.40;0.289;236.0;6.917;5.243;4.440;0.332;ND;ND;ND;ND
36.217;2/08/2016;ANTIOQUIA;URRAO;Caña Panelera;Establecido;De 5 a 10 años;Pendiente;Regular drenaje;No Tiene;NO;5.37;5.579;6.724;3.712;0.696;0.515;4.633;1.904;0.807;0.303;8.346;0.384;234.7;4.156;6.884;2.084;0.309;ND;ND;ND;ND
36.218;2/08/2016;ANTIOQUIA;URRAO;Caña Panelera;Establecido;De 5 a 10 años;Ondulado;Buen drenaje;No Tiene;NO;5.099;6.683;4.442;3.712;1.246;0.999;3.581;0.546;0.113;0.249;5.738;0.274;129.8;6.38;11.31;< 1.0;0.217;ND;ND;ND;ND
36.219;2/08/2016;ANTIOQUIA;URRAO;Caña Panelera;Establecido;De 5 a 10 años;Ondulado;Regular drenaje;No Tiene;NO;5.25;9.350;4.772;3.712;0.810;0.700;4.017;0.906;0.143;0.238;6.116;0.276;162.7;3.506;4.804;< 1.0;0.240;ND;ND;ND;ND
36.220;2/08/2016;ANTIOQUIA;URRAO;Caña Panelera;Establecido;De 5 a 10 años;Ondulado;Buen drenaje;No Tiene;NO;5.49;5.540;22.21;6.856;0.903;0.577;2.560;0.650;0.155;0.238;4.508;0.185;78.83;2.504;3.948;< 1.0;0.240;ND;ND;ND;ND
36.221;2/08/2016;ANTIOQUIA;URRAO;Caña Panelera;Establecido;De 5 a 10 años;Pendiente;Regular drenaje;No Tiene;NO;5.49;3.151;<3.87;5.808;3.023;2.350;3.537;1.512;0.885;0.267;9.227;0.163;227.7;2.157;4.695;< 1.0;0.286;ND;ND;ND;ND
36.222;2/08/2016;ANTIOQUIA;URRAO;Caña Panelera;Establecido;De 5 a 10 años;Pendiente;Regular drenaje;No Tiene;NO;4.95;3.103;<3.87;4.610;4.686;2.113;2.911;1.063;0.195;0.328;9.184;0.203;330.1;3.625;7.171;< 1.0;0.263;ND;ND;ND;ND
36.223;2/08/2016;ANTIOQUIA;URRAO;Caña Panelera;Establecido;De 5 a 10 años;Ondulado;Regular drenaje;No Tiene;NO;5.34;3.532;<3.87;8.802;0.810;0.628;5.358;2.024;0.188;0.280;8.662;0.207;216.9;4.499;2.998;< 1.0;0.217;ND;ND;ND;ND
36.224;2/08/2016;ANTIOQUIA;URRAO;Caña Panelera;Establecido;Mas de 10 años;Pendiente;Regular drenaje;No Tiene;NO;4.62;4.246;<3.87;5.209;5.382;4.483;1.766;0.628;0.182;0.218;8.178;0.259;346.8;4.020;5.168;< 1.0;0.286;ND;ND;ND;ND
36.225;2/08/2016;ANTIOQUIA;URRAO;Caña Panelera;Establecido;De 5 a 10 años;Ondulado;Buen drenaje;No Tiene;NO;5.71;4.508;12.08;2.664;ND;ND;4.281;2.168;0.666;0.485;7.602;0.164;161.4;3.775;4.161;< 1.0;0.240;ND;ND;ND;ND
36.226;2/08/2016;ANTIOQUIA;URRAO;Caña Panelera;Establecido;De 5 a 10 años;Ondulado;Buen drenaje;No Tiene;NO;5.35;5.349;4.067;3.712;0.384;0.154;5.853;1.511;0.165;0.182;8.098;0.285;84.84;6.423;13.23;4.454;0.217;ND;ND;ND;ND
36.228;2/08/2016;ANTIOQUIA;URRAO;Caña Panelera;Establecido;De 5 a 10 años;Ondulado;Buen drenaje;No Tiene;NO;5.33;8.349;7.520;5.658;1.194;0.927;3.724;0.999;0.311;0.158;6.388;0.228;204.3;7.472;7.32;1.202;0.263;ND;ND;ND;ND
36.229;2/08/2016;ANTIOQUIA;URRAO;Caña Panelera;Establecido;Mas de 10 años;Ondulado;Buen drenaje;No Tiene;NO;5.05;4.317;5.028;2.814;2.389;1.917;2.621;1.273;0.237;0.173;6.696;0.197;623.6;4.897;3.942;1.506;0.240;ND;ND;ND;ND
36.242;2/08/2016;ANTIOQUIA;URRAO;Caña Panelera;Establecido;Mas de 10 años;Pendiente;Regular drenaje;No Tiene;NO;5.69;2.198;<3.87;3.862;ND;ND;7.236;6.094;0.138;0.194;13.66;0.177;44.07;1.630;5.368;< 1.0;0.217;ND;ND;ND;ND
36.253;2/08/2016;VALLE DEL CAUCA;VERSALLES;Caña Panelera;Establecido;De 5 a 10 años;Pendiente;Buen drenaje;No Tiene;NO;6.25;3.254;<3.87;5.958;ND;ND;12.51;2.239;0.243;0.101;15.09;0.139;82.54;< 1.0;2.300;< 1.0;0.194;ND;ND;ND;ND
36.254;2/08/2016;VALLE DEL CAUCA;VERSALLES;Caña Panelera;Establecido;Mas de 10 años;Ondulado;Buen drenaje;No Tiene;NO;5.92;9.008;<3.87;7.455;ND;ND;10.00;1.547;0.349;< 0.1;11.99;0.375;53.93;< 1.0;1.407;< 1.0;0.240;ND;ND;ND;ND
36.255;2/08/2016;VALLE DEL CAUCA;VERSALLES;Caña Panelera;Establecido;De 1 a 5 años;Pendiente;Buen drenaje;No Tiene;NO;7.26;3.008;13.55;5.958;ND;ND;16.78;2.034;0.756;0.155;19.73;0.247;35.73;< 1.0;1.444;< 1.0;0.217;ND;ND;ND;ND
36.256;2/08/2016;VALLE DEL CAUCA;VERSALLES;Caña Panelera;Establecido;Mas de 10 años;Pendiente;Buen drenaje;No Tiene;NO;7.13;4.032;4.097;6.706;ND;ND;15.21;2.187;1.062;0.143;18.60;0.267;31.43;1.829;1.689;1.649;0.378;ND;ND;ND;ND
36.257;2/08/2016;VALLE DEL CAUCA;EL CAIRO;Caña Panelera;Establecido;De 5 a 10 años;Pendiente;Buen drenaje;No Tiene;NO;6.35;6.397;<3.87;5.209;ND;ND;9.407;1.488;0.920;0.181;11.99;0.177;96.09;< 1.0;1.109;< 1.0;0.217;ND;ND;ND;ND
36.258;2/08/2016;VALLE DEL CAUCA;EL CAIRO;Caña Panelera;Establecido;Mas de 10 años;Ondulado;Buen drenaje;No Tiene;NO;6.18;4.254;<3.87;4.910;ND;ND;11.37;1.503;1.598;0.375;14.85;0.184;243.3;< 1.0;2.038;< 1.0;0.194;ND;ND;ND;ND
36.259;2/08/2016;VALLE DEL CAUCA;BUGALAGRANDE;Caña Panelera;Establecido;De 5 a 10 años;Ondulado;Buen drenaje;No Tiene;NO;6.11;3.587;<3.87;6.107;ND;ND;11.25;1.766;1.298;0.178;14.50;0.179;67.77;1.270;2.198;1.721;0.217;ND;ND;ND;ND
36.260;2/08/2016;VALLE DEL CAUCA;ANSERMANUEVO;Caña Panelera;Establecido;De 1 a 5 años;Pendiente;Buen drenaje;No Tiene;NO;6.26;3.960;<3.87;5.209;ND;ND;10.55;1.862;0.238;0.124;12.78;0.186;76.50;2.741;1.429;2.441;0.240;ND;ND;ND;ND
36.263;2/08/2016;VALLE DEL CAUCA;BUGALAGRANDE;Caña Panelera;Establecido;Mas de 10 años;Ondulado;Buen drenaje;No Tiene;NO;6.51;5.206;<3.87;5.209;ND;ND;21.96;6.971;0.171;0.180;29.29;0.193;50.55;4.668;2.25;1.873;0.217;ND;ND;ND;ND
36.602;15/07/2016;META;VISTAHERMOSA;Caña Panelera;Establecido;De 1 a 5 años;Plano;Buen drenaje;No Tiene;TRIPLE 18;5.73;2.185;10.08;1.354;ND;ND;6.892;2.263;0.450;0.250;9.855;0.147;171.7;1.260;4.436;< 1.0;0.108;ND;ND;ND;ND
36.608;15/07/2016;META;VISTAHERMOSA;Caña Panelera;Establecido;De 1 a 5 años;Plano;Buen drenaje;No Tiene;TRIPLE 18;6.83;0.996;15.39;2.104;ND;ND;3.797;1.084;0.243;0.157;5.282;0.130;32.43;< 1.0;3.096;< 1.0;0.419;ND;ND;ND;ND
36.615;15/07/2016;META;MESETAS;Caña Panelera;Establecido;Mas de 10 años;Pendiente;Buen drenaje;No Tiene;Ninguno;4.400;3.968;5.002;4.986;3.372;3.050;1.722;0.524;0.277;0.278;6.175;0.236;784.4;< 1.0;2.730;< 1.0;0.613;ND;ND;ND;ND
36.616;15/07/2016;META;MESETAS;Caña Panelera;Establecido;De 5 a 10 años;Pendiente;Buen drenaje;No Tiene;Ninguno;4.59;3.801;4.719;1.634;4.756;4.483;1.473;0.631;0.199;0.238;7.299;0.198;381.8;< 1.0;3.199;< 1.0;0.399;ND;ND;ND;ND
36.617;15/07/2016;META;MESETAS;Caña Panelera;Establecido;De 1 a 5 años;Pendiente;Buen drenaje;No Tiene;Ninguno;5.57;3.730;<3.87;3.310;ND;ND;7.506;2.092;0.475;0.270;10.34;0.235;239.6;< 1.0;13.58;< 1.0;0.367;ND;ND;ND;ND
36.621;18/07/2016;CUNDINAMARCA;QUIPILE;Caña Panelera;Establecido;No indica;Ondulado;Buen drenaje;No Tiene;NO;5.56;1.232;5.875;1.115;ND;ND;19.61;1.074;0.221;0.771;21.68;0.129;443.9;5.152;< 1.0;8.354;0.407;ND;ND;ND;ND
36.622;18/07/2016;CUNDINAMARCA;VILLETA;Caña Panelera;Establecido;No indica;Ondulado;Buen drenaje;No Tiene;NO;8.01;3.891;6.634;11.56;ND;ND;49.17;1.509;0.230;0.334;51.24;0.586;22.25;2.298;< 1.0;12.14;0.872;ND;ND;ND;ND
36.623;18/07/2016;CUNDINAMARCA;VILLETA;Caña Panelera;Establecido;No indica;Plano;Buen drenaje;No Tiene;NO;6.29;1.470;8.217;0.974;ND;ND;16.30;2.419;0.162;0.325;19.21;0.119;50.02;1.786;< 1.0;< 1.0;0.428;ND;ND;ND;ND
36.624;18/07/2016;CUNDINAMARCA;VILLETA;Caña Panelera;Establecido;No indica;Ondulado;Buen drenaje;No Tiene;NO;8.39;2.849;<3.87;5.635;ND;ND;52.09;1.696;0.102;0.336;54.23;0.508;14.77;3.886;< 1.0;14.43;0.751;ND;ND;ND;ND
36.625;18/07/2016;CUNDINAMARCA;VILLETA;Caña Panelera;Establecido;No indica;Pendiente;Buen drenaje;No Tiene;NO;8.27;3.039;4.007;4.646;ND;ND;55.63;4.909;0.305;0.356;61.20;0.533;22.63;1.562;< 1.0;3.867;0.852;ND;ND;ND;ND
36.626;18/07/2016;CUNDINAMARCA;VILLETA;Caña Panelera;Establecido;No indica;Ondulado;Regular drenaje;No Tiene;NO;8.300;2.421;5.685;3.799;ND;ND;52.04;1.097;0.195;0.302;53.64;0.428;11.63;1.274;< 1.0;3.506;0.569;ND;ND;ND;ND
36.628;18/07/2016;CUNDINAMARCA;VILLETA;Caña Panelera;Establecido;No indica;Pendiente;Buen drenaje;No Tiene;NO;8.289;2.991;9.103;5.353;ND;ND;57.85;1.226;0.283;0.344;59.70;0.470;25.01;2.011;< 1.0;11.74;0.811;ND;ND;ND;ND
36.636;13/07/2016;VALLE DEL CAUCA;LA CUMBRE;Caña Panelera;Establecido;De 1 a 5 años;Ondulado;Buen drenaje;No Tiene;NO;5.71;9.553;6.051;4.986;ND;ND;3.536;0.764;<0.09;0.286;4.673;0.121;86.67;< 1.0;1.524;< 1.0;0.380;ND;ND;ND;ND
36.637;13/07/2016;VALLE DEL CAUCA;ANSERMANUEVO;Caña Panelera;Establecido;De 5 a 10 años;Pendiente;Buen drenaje;No Tiene;NO;6.54;2.708;<3.87;1.773;ND;ND;14.45;2.878;0.550;0.281;18.16;0.197;69.59;2.387;2.5;< 1.0;0.458;ND;ND;ND;ND
36.640;13/07/2016;VALLE DEL CAUCA;RESTREPO;Caña Panelera;Establecido;De 1 a 5 años;Pendiente;Buen drenaje;No Tiene;NO;6.46;2.874;<3.87;0.974;ND;ND;10.19;2.052;0.647;0.248;13.13;0.177;63.56;< 1.0;4.391;< 1.0;0.380;ND;ND;ND;ND
36.641;13/07/2016;VALLE DEL CAUCA;BUGALAGRANDE;Caña Panelera;Establecido;Mas de 10 años;Plano;Regular drenaje;No Tiene;REDVITAL;6.44;1.828;<3.87;3.234;ND;ND;6.295;3.208;0.091;0.258;9.853;0.163;53.17;< 1.0;1.03;1.487;0.108;ND;ND;ND;ND
36.643;13/07/2016;VALLE DEL CAUCA;RESTREPO;Caña Panelera;Establecido;De 0 a 1 año;Pendiente;Buen drenaje;No Tiene;NO;5.82;2.803;<3.87;2.611;ND;ND;8.531;7.186;<0.09;0.255;16.06;0.119;79.41;4.647;4.323;< 1.0;0.347;ND;ND;ND;ND
36.645;13/07/2016;VALLE DEL CAUCA;RESTREPO;Caña Panelera;Establecido;De 1 a 5 años;Pendiente;Buen drenaje;No Tiene;NO;6.05;3.397;<3.87;4.706;ND;ND;13.49;5.847;0.646;0.278;20.26;0.620;54.52;2.962;3.595;< 1.0;0.458;ND;ND;ND;ND
36.647;13/07/2016;VALLE DEL CAUCA;BUGALAGRANDE;Caña Panelera;Establecido;De 1 a 5 años;Ondulado;Regular drenaje;No Tiene;NO;6.49;2.090;<3.87;4.364;ND;ND;6.372;1.970;<0.09;0.260;8.639;0.138;64.34;2.068;3.214;< 1.0;0.302;ND;ND;ND;ND
36.648;13/07/2016;VALLE DEL CAUCA;BUGALAGRANDE;Caña Panelera;Establecido;Mas de 10 años;Pendiente;Buen drenaje;No Tiene;NO;6.73;1.305;<3.87;1.494;ND;ND;9.225;2.763;<0.09;0.268;12.34;0.113;32.51;< 1.0;< 1.0;< 1.0;0.147;ND;ND;ND;ND
36.649;13/07/2016;VALLE DEL CAUCA;BUGALAGRANDE;Caña Panelera;Establecido;Mas de 10 años;Ondulado;Buen drenaje;No Tiene;NO;6.6;3.800;<3.87;3.093;ND;ND;19.41;7.397;0.220;0.306;27.33;0.192;37.92;1.255;1.338;< 1.0;0.322;ND;ND;ND;ND
36.650;13/07/2016;VALLE DEL CAUCA;ANSERMANUEVO;Caña Panelera;Establecido;Mas de 10 años;Pendiente;Buen drenaje;No Tiene;NO;6.42;2.042;<3.87;1.354;ND;ND;30.89;10.82;0.221;0.284;42.22;0.129;19.22;1.242;3.580;< 1.0;0.535;ND;ND;ND;ND
36.660;18/07/2016;CUNDINAMARCA;VILLETA;Caña Panelera;Establecido;No indica;Pendiente;Buen drenaje;No Tiene;NO;6.97;1.422;13.12;5.635;ND;ND;20.73;2.292;0.233;0.354;23.61;0.260;47.07;< 1.0;< 1.0;2.205;0.670;ND;ND;ND;ND
36.661;18/07/2016;CALDAS;RIOSUCIO;Caña Panelera;Establecido;Mas de 10 años;Plano;Mal drenaje;No Tiene;NO;5.34;4.370;<3.87;3.516;0.177;0;15.59;8.079;0.297;0.309;24.46;0.370;261.1;4.671;4.810;3.584;0.609;ND;ND;ND;ND
36.662;18/07/2016;CALDAS;RIOSUCIO;Caña Panelera;Establecido;Mas de 10 años;Pendiente;Mal drenaje;No Tiene;NO;5.110;4.275;<3.87;1.680;3.243;2.827;10.67;4.664;0.300;0.279;19.16;0.208;88.29;2.282;4.931;< 1.0;0.488;ND;ND;ND;ND
36.672;21/07/2016;CUNDINAMARCA;ÚTICA;Caña Panelera;Establecido;No indica;Ondulado;Buen drenaje;No Tiene;NO;8.380;2.625;<3.87;4.434;ND;ND;48.95;1.034;0.127;0.208;50.32;0.500;9.876;4.01;< 1.0;35.90;0.324;ND;ND;ND;ND
36.673;21/07/2016;CUNDINAMARCA;ÚTICA;Caña Panelera;Establecido;No indica;Ondulado;Buen drenaje;No Tiene;NO;7.81;1.387;3.790;55.46;ND;ND;51.85;0.486;0.284;0.239;52.86;2.125;11.57;2.011;< 1.0;1.401;0.171;ND;ND;ND;ND
36.674;21/07/2016;CUNDINAMARCA;ÚTICA;Caña Panelera;Establecido;No indica;Ondulado;Buen drenaje;No Tiene;NO;7.94;3.330;74.07;8.831;ND;ND;46.09;2.487;0.423;0.293;49.29;0.522;25.62;3.768;< 1.0;12.99;0.591;ND;ND;ND;ND
36.675;21/07/2016;CUNDINAMARCA;ÚTICA;Caña Panelera;Establecido;No indica;Ondulado;Buen drenaje;No Tiene;NO;5.96;1.484;<3.87;2.927;ND;ND;14.07;1.983;0.135;0.191;16.38;0.124;47.30;< 1.0;2.165;< 1.0;0.076;ND;ND;ND;ND
36.677;21/07/2016;CUNDINAMARCA;ÚTICA;Caña Panelera;Establecido;No indica;Pendiente;Buen drenaje;No Tiene;NO;8.199;1.265;<3.87;40.38;ND;ND;48.30;2.133;0.111;0.246;50.79;0.715;10.20;1.472;< 1.0;1.091;0.495;ND;ND;ND;ND
36.678;21/07/2016;CALDAS;NEIRA;Caña Panelera;Establecido;De 5 a 10 años;Ondulado;Buen drenaje;No Tiene;Ninguno;5.62;2.237;22.48;6.319;ND;ND;9.196;2.337;0.936;0.180;12.65;0.278;253.0;16.97;4.969;10.49;0.152;ND;ND;ND;ND
36.679;21/07/2016;CALDAS;NEIRA;Caña Panelera;Establecido;De 5 a 10 años;Ondulado;Buen drenaje;No Tiene;TRIPLE 15;6.48;3.524;13.37;1.922;ND;ND;12.71;2.086;1.542;0.269;16.61;0.340;118.8;3.084;2.62;7.014;0.190;ND;ND;ND;ND
36.680;21/07/2016;CALDAS;NEIRA;Caña Panelera;Establecido;De 5 a 10 años;Ondulado;Buen drenaje;No Tiene;CAL;5.99;2.261;18.27;1.796;ND;ND;13.23;2.367;0.740;0.255;16.59;0.192;136.0;2.595;2.177;3.059;0.152;ND;ND;ND;ND
36.682;21/07/2016;CALDAS;MANZANARES;Caña Panelera;Establecido;Mas de 10 años;Pendiente;No indica;No indica;No indica;5.13;7.507;7.167;3.052;1.066;0.780;1.637;0.520;0.171;0.185;3.582;0.197;69.45;1.872;2.734;1.657;0.152;ND;ND;ND;ND
36.683;21/07/2016;CALDAS;MANZANARES;Caña Panelera;Establecido;Mas de 10 años;Plano;No indica;No indica;No indica;6.01;5.005;<3.87;1.922;ND;ND;4.239;0.630;0.121;0.233;5.225;0.123;60.96;1.106;1.711;9.098;0.190;ND;ND;ND;ND
36.684;21/07/2016;CALDAS;MANZANARES;Caña Panelera;Establecido;Mas de 10 años;Pendiente;No indica;No indica;No indica;5.9;6.341;<3.87;2.927;ND;ND;0.650;0.261;<0.09;0.221;1.158;0.086;79.18;< 1.0;< 1.0;< 1.0;0.114;ND;ND;ND;ND
36.685;21/07/2016;CUNDINAMARCA;ÚTICA;Caña Panelera;Establecido;No indica;Ondulado;Buen drenaje;No Tiene;NO;8.65;0.998;<3.87;3.178;ND;ND;28.76;0.384;<0.09;0.184;29.34;0.375;10.72;1.507;< 1.0;17.54;0.171;ND;ND;ND;ND
36.686;21/07/2016;CUNDINAMARCA;ÚTICA;Caña Panelera;Establecido;No indica;Pendiente;Buen drenaje;No Tiene;NO;8.5;1.800;<3.87;2.550;ND;ND;48.88;0.691;<0.09;0.207;49.84;0.457;9.200;< 1.0;< 1.0;< 1.0;0.343;ND;ND;ND;ND
36.687;21/07/2016;CUNDINAMARCA;ÚTICA;Caña Panelera;Establecido;No indica;Ondulado;Buen drenaje;No Tiene;NO;8.26;2.091;<3.87;12.09;ND;ND;37.51;0.589;0.104;0.159;38.36;0.551;32.45;3.961;1.140;6.439;0.190;ND;ND;ND;ND
36.688;21/07/2016;CUNDINAMARCA;ÚTICA;Caña Panelera;Establecido;No indica;Pendiente;Buen drenaje;No Tiene;NO;8.41;2.042;6.389;8.706;ND;ND;47.50;1.048;0.132;0.171;48.85;0.517;21.37;3.214;< 1.0;4.908;0.343;ND;ND;ND;ND
36.691;21/07/2016;CALDAS;NEIRA;Caña Panelera;Establecido;De 1 a 5 años;Ondulado;Buen drenaje;No Tiene;Ninguno;6.54;2.261;<3.87;3.304;ND;ND;22.38;4.723;0.207;0.227;27.54;0.383;103.2;1.288;2.878;1.946;0.190;ND;ND;ND;ND
36.695;18/07/2016;CALDAS;RIOSUCIO;Caña Panelera;Establecido;De 5 a 10 años;Pendiente;Mal drenaje;No Tiene;NO;6.28;1.281;6.761;1.257;ND;ND;20.06;11.99;1.948;0.441;34.45;0.172;58.23;2.052;1.752;1.163;0.609;ND;ND;ND;ND
36.696;18/07/2016;CALDAS;SUPÍA;Caña Panelera;Establecido;De 5 a 10 años;Pendiente;Mal drenaje;No Tiene;NO;5.66;4.750;<3.87;1.539;ND;ND;7.380;4.589;0.312;0.279;12.56;0.136;326.8;1.908;3.902;1.814;0.448;ND;ND;ND;ND
36.697;18/07/2016;CALDAS;SUPÍA;Caña Panelera;Establecido;De 5 a 10 años;Ondulado;Mal drenaje;No Tiene;NO;6.61;5.749;62.87;1.963;ND;ND;15.39;6.460;1.823;0.358;24.03;0.259;299.7;1.512;3.02;9.352;0.468;ND;ND;ND;ND
36.699;18/07/2016;CALDAS;SUPÍA;Caña Panelera;Establecido;Mas de 10 años;Ondulado;Mal drenaje;No Tiene;NO;5.08;1.400;3.580;6.200;1.285;0.890;6.059;4.991;0.172;0.837;13.34;0.294;44.19;1.265;45.07;1.048;0.468;ND;ND;ND;ND
36.700;18/07/2016;CALDAS;SUPÍA;Caña Panelera;Establecido;De 1 a 5 años;Pendiente;Mal drenaje;No Tiene;NO;5.64;2.684;3.564;2.104;ND;ND;8.378;3.623;0.372;0.403;12.77;0.290;99.65;4.645;2.677;12.71;0.529;ND;ND;ND;ND
36.701;18/07/2016;CALDAS;SUPÍA;Caña Panelera;Establecido;Mas de 10 años;Ondulado;Mal drenaje;No Tiene;NO;6;4.608;17.42;3.516;ND;ND;16.15;4.775;0.789;0.302;22.02;0.174;341.3;1.300;3.110;7.057;0.407;ND;ND;ND;ND
36.702;18/07/2016;CUNDINAMARCA;VILLETA;Caña Panelera;Establecido;No indica;Plano;Buen drenaje;No Tiene;NO;7.96;3.800;11.12;58.54;ND;ND;56.95;1.016;0.137;0.299;58.41;1.169;26.73;5.600;< 1.0;83.00;0.852;ND;ND;ND;ND
36.703;18/07/2016;CUNDINAMARCA;QUIPILE;Caña Panelera;Establecido;No indica;Pendiente;Buen drenaje;No Tiene;NO;8.050;2.849;37.05;9.872;ND;ND;54.01;2.253;0.326;0.292;56.89;0.553;12.70;2.856;< 1.0;21.03;0.912;ND;ND;ND;ND
36.704;18/07/2016;CUNDINAMARCA;QUIPILE;Caña Panelera;Establecido;No indica;Pendiente;Buen drenaje;No Tiene;NO;6.95;2.563;61.46;6.765;ND;ND;40.50;0.718;0.145;0.258;41.62;0.252;22.37;2.128;< 1.0;51.43;0.791;ND;ND;ND;ND
36.705;18/07/2016;CUNDINAMARCA;QUIPILE;Caña Panelera;Establecido;No indica;Plano;Buen drenaje;No Tiene;NO;7.93;1.517;24.80;40.52;ND;ND;43.13;2.015;0.217;0.353;45.72;1.055;12.08;1.910;< 1.0;4.926;0.710;ND;ND;ND;ND
36.706;18/07/2016;CUNDINAMARCA;QUIPILE;Caña Panelera;Establecido;No indica;Plano;Buen drenaje;No Tiene;NO;7.79;1.375;15.06;12.27;ND;ND;57.97;11.21;0.094;0.714;69.99;7.284;7.708;2.164;< 1.0;13.62;0.993;ND;ND;ND;ND
36.707;18/07/2016;CUNDINAMARCA;QUIPILE;Caña Panelera;Establecido;No indica;Plano;Buen drenaje;No Tiene;NO;8.25;3.229;51.29;6.200;ND;ND;52.27;2.437;0.274;0.330;55.32;0.436;26.05;3.264;< 1.0;27.65;0.771;ND;ND;ND;ND
36.708;18/07/2016;CUNDINAMARCA;QUIPILE;Caña Panelera;Establecido;No indica;Plano;Buen drenaje;No Tiene;NO;8.029;3.704;73.22;7.048;ND;ND;43.95;2.425;0.679;0.424;47.48;0.672;51.56;6.036;< 1.0;159.9;0.831;ND;ND;ND;ND
36.709;18/07/2016;CUNDINAMARCA;QUIPILE;Caña Panelera;Establecido;No indica;Ondulado;Buen drenaje;No Tiene;NO;8.16;3.181;30.51;1.963;ND;ND;44.03;1.571;0.399;0.401;46.40;0.402;15.41;4.136;< 1.0;64.41;0.892;ND;ND;ND;ND
36.710;18/07/2016;CUNDINAMARCA;QUIPILE;Caña Panelera;Establecido;No indica;Ondulado;Buen drenaje;No Tiene;NO;6.63;2.183;17.61;1.680;ND;ND;21.84;2.601;0.318;0.338;25.10;0.183;91.44;1.161;< 1.0;8.186;0.831;ND;ND;ND;ND
36.711;18/07/2016;CUNDINAMARCA;QUIPILE;Caña Panelera;Establecido;No indica;Pendiente;Buen drenaje;No Tiene;NO;8.1;2.658;5.337;4.505;ND;ND;56.92;2.387;0.166;0.344;59.82;0.621;21.40;4.476;< 1.0;71.02;0.892;ND;ND;ND;ND
36.712;18/07/2016;CALDAS;SUPÍA;Caña Panelera;Establecido;Mas de 10 años;Pendiente;Mal drenaje;No Tiene;NO;5.15;1.876;<3.87;1.539;3.935;3.447;5.535;1.986;0.263;0.310;12.03;0.131;409.6;1.390;3.825;1.371;0.508;ND;ND;ND;ND
36.713;18/07/2016;CALDAS;SUPÍA;Caña Panelera;Establecido;De 1 a 5 años;Ondulado;Mal drenaje;No Tiene;NO;5.74;1.923;9.957;1.257;ND;ND;9.121;4.580;0.231;0.260;14.19;0.152;89.70;1.155;3.028;1.004;0.569;ND;ND;ND;ND
36.726;11/07/2016;TOLIMA;SAN SEBASTIÁN DE MARIQUITA;Caña Panelera;Establecido;Mas de 10 años;Ondulado;Buen drenaje;No Tiene;17-6-18-6 HACE 2 MESES;5.56;8.013;<3.87;4.427;ND;ND;3.860;0.860;0.146;0.333;5.200;0.235;40.34;< 1.0;2.431;2.016;0.147;ND;ND;ND;ND
36.727;11/07/2016;TOLIMA;SAN SEBASTIÁN DE MARIQUITA;Caña Panelera;Establecido;Mas de 10 años;Ondulado;Buen drenaje;No Tiene;18-18-18, CAL HACE 4 MESES;5.88;12.79;<3.87;4.287;ND;ND;1.916;0.437;0.121;0.294;2.769;0.208;63.09;< 1.0;3.332;< 1.0;0.128;ND;ND;ND;ND
36.728;11/07/2016;TOLIMA;SAN SEBASTIÁN DE MARIQUITA;Caña Panelera;Establecido;Mas de 10 años;Pendiente;Regular drenaje;No Tiene;17-6-18-6 HACE 3 MESES;5.55;15.88;<3.87;1.773;ND;ND;1.634;0.421;0.096;0.249;2.401;0.175;87.09;< 1.0;4.645;1.736;0.128;ND;ND;ND;ND
36.729;11/07/2016;TOLIMA;SAN SEBASTIÁN DE MARIQUITA;Caña Panelera;Establecido;De 5 a 10 años;Ondulado;Buen drenaje;No Tiene;Ninguno;5.16;3.829;<3.87;2.053;0.919;0.581;2.963;0.905;0.147;0.264;5.199;0.295;189.2;1.890;3.306;2.153;0.166;ND;ND;ND;ND
36.730;11/07/2016;TOLIMA;SAN SEBASTIÁN DE MARIQUITA;Caña Panelera;Establecido;Mas de 10 años;Ondulado;Buen drenaje;No Tiene;Ninguno;5.85;10.48;<3.87;4.287;ND;ND;3.942;0.536;0.107;0.352;4.938;0.188;48.20;< 1.0;2.602;< 1.0;0.225;ND;ND;ND;ND
36.731;11/07/2016;TOLIMA;SAN SEBASTIÁN DE MARIQUITA;Caña Panelera;Establecido;Mas de 10 años;Pendiente;Buen drenaje;No Tiene;17-6-18-6 HACE 1 AÑO;5.12;17.21;<3.87;2.611;0.880;0.629;3.007;0.660;0.204;0.201;4.953;0.491;50.53;< 1.0;5.229;1.280;0.128;ND;ND;ND;ND
36.732;11/07/2016;TOLIMA;SAN SEBASTIÁN DE MARIQUITA;Caña Panelera;Establecido;De 5 a 10 años;Ondulado;Buen drenaje;No Tiene;15-15-15 HACE 3 MESES;5.14;4.090;<3.87;1.773;0.929;0.765;3.653;0.945;0.164;0.406;6.099;0.282;164.7;1.784;3.256;1.988;0.302;ND;ND;ND;ND
36.733;11/07/2016;TOLIMA;SAN SEBASTIÁN DE MARIQUITA;Caña Panelera;Establecido;Mas de 10 años;Pendiente;Buen drenaje;No Tiene;Ninguno;5.58;6.848;<3.87;2.891;ND;ND;3.296;0.655;0.136;0.332;4.420;0.168;63.40;< 1.0;1.907;< 1.0;0.263;ND;ND;ND;ND
36.734;11/07/2016;TOLIMA;SAN SEBASTIÁN DE MARIQUITA;Caña Panelera;Establecido;De 5 a 10 años;Ondulado;Buen drenaje;No Tiene;15-15-15, CALFOS, CENIZAS HACE 6 MESES;5.17;14.40;12.34;5.544;0.603;0.464;6.878;0.721;0.178;0.216;8.599;0.643;62.42;< 1.0;5.402;2.902;0.361;ND;ND;ND;ND
36.735;11/07/2016;TOLIMA;SAN SEBASTIÁN DE MARIQUITA;Caña Panelera;Establecido;No indica;Pendiente;Buen drenaje;No Tiene;17-6-18-6 HACE 2 MESES;5.3;10.60;<3.87;3.449;0.652;0.406;1.308;0.528;0.124;0.260;2.874;0.233;70.80;< 1.0;3.551;< 1.0;0.283;ND;ND;ND;ND
36.736;11/07/2016;TOLIMA;SAN SEBASTIÁN DE MARIQUITA;Caña Panelera;Establecido;Mas de 10 años;Ondulado;Buen drenaje;No Tiene;Ninguno;5.68;16.83;<3.87;4.148;ND;ND;2.082;0.629;0.132;0.277;3.122;0.488;36.33;< 1.0;1.715;1.724;0.341;ND;ND;ND;ND
36.737;11/07/2016;TOLIMA;SAN SEBASTIÁN DE MARIQUITA;Caña Panelera;Establecido;Mas de 10 años;Pendiente;Buen drenaje;No Tiene;15-15-15, CAL, GALLINAZA, CENIZA HACE 6 MESES;5.71;15.50;<3.87;3.170;ND;ND;1.764;0.407;0.186;0.237;2.595;0.263;69.38;< 1.0;2.492;< 1.0;0.244;ND;ND;ND;ND
36.738;11/07/2016;TOLIMA;SAN SEBASTIÁN DE MARIQUITA;Caña Panelera;Establecido;De 5 a 10 años;Ondulado;Buen drenaje;No Tiene;Ninguno;5.25;6.800;<3.87;3.449;0.860;0.590;1.750;0.605;0.111;0.329;3.658;0.178;98.37;< 1.0;2.293;< 1.0;0.341;ND;ND;ND;ND
36.739;11/07/2016;TOLIMA;SAN SEBASTIÁN DE MARIQUITA;Caña Panelera;Establecido;Mas de 10 años;Pendiente;Regular drenaje;No Tiene;17-6-18-6, CENIZAS, GALLINAZA HACE 4 MESES;5.37;11.36;<3.87;7.639;0.474;0.096;1.402;0.381;0.167;0.650;3.076;0.667;45.92;< 1.0;2.310;< 1.0;0.108;ND;ND;ND;ND
36.740;11/07/2016;CUNDINAMARCA;VILLETA;Caña Panelera;Establecido;No indica;Pendiente;Buen drenaje;No Tiene;NO;8.26;2.117;<3.87;3.170;ND;ND;52.34;0.475;0.102;0.450;53.37;0.440;15.16;< 1.0;< 1.0;< 1.0;0.263;ND;ND;ND;ND
36.741;11/07/2016;CUNDINAMARCA;VILLETA;Caña Panelera;Establecido;No indica;Pendiente;Regular drenaje;No Tiene;NO;5.2;1.309;31.38;5.125;5.053;4.842;3.046;0.364;<0.09;0.281;8.824;0.133;248.4;1.494;< 1.0;< 1.0;0.322;ND;ND;ND;ND
36.742;11/07/2016;SANTANDER;PÁRAMO;Caña Panelera;Establecido;De 1 a 5 años;Pendiente;Buen drenaje;No Tiene;15-15-15;5.12;3.187;17.38;3.589;6.150;5.762;6.298;0.778;0.331;0.409;13.96;0.202;928.8;4.092;3.094;6.732;0.186;ND;ND;ND;ND
36.743;11/07/2016;SANTANDER;PÁRAMO;Caña Panelera;Establecido;De 0 a 1 año;Ondulado;Buen drenaje;No Tiene;10-30-10;6.09;4.994;15.41;4.706;ND;ND;28.47;1.512;0.296;0.428;30.71;0.245;176.2;1.806;2.591;28.71;0.671;ND;ND;ND;ND
36.744;11/07/2016;NORTE DE SANTANDER;CONVENCIÓN;Caña Panelera;Establecido;No indica;Ondulado;Buen drenaje;No Tiene;Ninguno;5.83;2.664;<3.87;2.053;ND;ND;9.783;2.151;0.189;0.394;12.51;0.181;203.0;< 1.0;32.47;15.67;0.128;ND;ND;ND;ND
36.745;11/07/2016;NORTE DE SANTANDER;TEORAMA;Caña Panelera;Establecido;No indica;Pendiente;Buen drenaje;No Tiene;Ninguno;6.36;1.998;66.92;1.354;ND;ND;9.331;2.725;1.043;0.413;13.51;0.222;303.5;1.995;3.184;3.673;0.128;ND;ND;ND;ND
36.746;11/07/2016;NORTE DE SANTANDER;TEORAMA;Caña Panelera;Establecido;No indica;Pendiente;Buen drenaje;No Tiene;Ninguno;6.25;2.022;<3.87;1.215;ND;ND;10.36;2.065;0.480;0.419;13.33;0.197;60.14;< 1.0;5.642;< 1.0;0.108;ND;ND;ND;ND
36.747;11/07/2016;NORTE DE SANTANDER;TEORAMA;Caña Panelera;Establecido;No indica;Pendiente;Buen drenaje;No Tiene;Ninguno;6.24;1.974;<3.87;1.354;ND;ND;9.696;2.609;0.263;0.343;12.91;0.164;99.74;< 1.0;6.266;1.039;0.128;ND;ND;ND;ND
36.748;11/07/2016;NORTE DE SANTANDER;CONVENCIÓN;Caña Panelera;Establecido;No indica;Ondulado;Buen drenaje;No Tiene;Ninguno;5.87;3.353;6.430;1.634;ND;ND;8.220;1.931;0.567;0.284;11.00;0.219;202.1;6.875;15.28;3.593;0.535;ND;ND;ND;ND
36.749;11/07/2016;NORTE DE SANTANDER;TEORAMA;Caña Panelera;Establecido;No indica;Pendiente;Buen drenaje;No Tiene;Ninguno;5.87;2.973;<3.87;1.773;ND;ND;7.343;6.849;0.236;0.298;14.72;0.212;82.66;2.107;14.83;1.978;0.885;ND;ND;ND;ND
36.750;11/07/2016;NORTE DE SANTANDER;CONVENCIÓN;Caña Panelera;Establecido;No indica;Pendiente;Buen drenaje;No Tiene;Ninguno;4.2;2.402;8.438;4.427;2.402;1.936;3.505;1.355;0.416;0.350;8.030;0.550;931.2;1.857;34.26;2.940;0.302;ND;ND;ND;ND
36.751;11/07/2016;NORTE DE SANTANDER;TEORAMA;Caña Panelera;Establecido;No indica;Pendiente;Buen drenaje;No Tiene;Ninguno;6.33;2.474;<3.87;2.053;ND;ND;10.07;2.072;0.488;0.371;13.00;0.195;72.69;1.507;4.724;< 1.0;0.361;ND;ND;ND;ND
36.752;11/07/2016;NORTE DE SANTANDER;CONVENCIÓN;Caña Panelera;Establecido;No indica;Pendiente;Buen drenaje;No Tiene;Ninguno;6.24;2.260;8.639;1.215;ND;ND;16.76;4.887;0.220;0.418;22.29;0.237;92.92;3.340;4.863;< 1.0;0.322;ND;ND;ND;ND
36.753;11/07/2016;NORTE DE SANTANDER;TEORAMA;Caña Panelera;Establecido;No indica;Pendiente;Buen drenaje;No Tiene;Ninguno;5.55;2.735;<3.87;4.008;ND;ND;9.906;2.452;0.246;0.618;13.22;0.171;215.1;2.631;6.657;< 1.0;0.263;ND;ND;ND;ND
36.755;11/07/2016;TOLIMA;SAN SEBASTIÁN DE MARIQUITA;Caña Panelera;Establecido;De 5 a 10 años;Ondulado;Buen drenaje;No Tiene;Ninguno;5.36;8.393;<3.87;8.337;0.504;0.261;2.158;0.537;0.138;0.326;3.664;0.237;108.4;< 1.0;2.810;< 1.0;0.089;ND;ND;ND;ND
36.756;11/07/2016;BOYACÁ;SAN JOSÉ DE PARE;Caña Panelera;Establecido;De 1 a 5 años;Ondulado;Buen drenaje;No Tiene;QUÍMICO;8.210;2.331;7.142;5.265;ND;ND;38.09;1.246;0.156;0.262;39.76;0.488;170.2;< 1.0;2.5;< 1.0;0.263;ND;ND;ND;ND
36.757;11/07/2016;BOYACÁ;SAN JOSÉ DE PARE;Caña Panelera;Establecido;De 1 a 5 años;Ondulado;Buen drenaje;No Tiene;QUÍMICO;4.400;5.041;90.30;4.846;4.440;3.931;2.981;0.552;0.154;0.336;8.465;0.294;1989.;5.072;3.226;6.445;0.302;ND;ND;ND;ND
36.758;7/07/2016;NORTE DE SANTANDER;CONVENCIÓN;Caña Panelera;Establecido;No indica;Pendiente;No indica;No Tiene;Ninguno;6.44;1.380;10.91;6.382;ND;ND;5.811;2.147;0.562;0.321;8.843;0.209;58.01;1.27;4.214;16.80;0.147;ND;ND;ND;ND
36.759;7/07/2016;NORTE DE SANTANDER;CONVENCIÓN;Caña Panelera;Establecido;No indica;Pendiente;No indica;No Tiene;Ninguno;5.49;2.640;4.637;9.594;0.524;0.309;5.901;2.528;<0.09;0.343;9.373;0.177;185.8;1.709;9.733;3.048;0.555;ND;ND;ND;ND
36.760;7/07/2016;NORTE DE SANTANDER;CONVENCIÓN;Caña Panelera;Establecido;No indica;Pendiente;No indica;No Tiene;Ninguno;6.49;1.333;10.02;4.706;ND;ND;4.941;1.242;0.159;0.256;6.599;0.177;44.80;< 1.0;8.628;< 1.0;0.147;ND;ND;ND;ND
36.761;7/07/2016;NORTE DE SANTANDER;CONVENCIÓN;Caña Panelera;Establecido;No indica;Pendiente;No indica;No Tiene;Ninguno;5.12;1.737;7.382;6.801;0.652;0.242;2.316;0.566;<0.09;0.295;3.884;0.166;212.5;1.137;5.897;< 1.0;0.322;ND;ND;ND;ND
36.762;7/07/2016;NORTE DE SANTANDER;CONVENCIÓN;Caña Panelera;Establecido;No indica;Pendiente;No indica;No Tiene;Ninguno;6.11;3.353;5.624;6.522;ND;ND;9.823;4.311;0.610;0.327;15.07;0.263;236.0;3.516;13.65;10.15;0.089;ND;ND;ND;ND
36.763;7/07/2016;NORTE DE SANTANDER;CONVENCIÓN;Caña Panelera;Establecido;No indica;Pendiente;No indica;No Tiene;Ninguno;4.599;2.022;<3.87;7.500;3.480;2.798;2.107;0.944;0.113;0.399;7.046;0.252;418.4;2.732;22.03;1.708;0.225;ND;ND;ND;ND
36.764;7/07/2016;NORTE DE SANTANDER;TEORAMA;Caña Panelera;Establecido;No indica;Pendiente;No indica;No Tiene;Ninguno;6.08;2.664;5.323;7.639;ND;ND;8.075;1.713;0.196;0.353;10.33;0.373;104.2;2.394;18.05;2.351;0.166;ND;ND;ND;ND
36.775;11/07/2016;BOYACÁ;TOGÜÍ;Caña Panelera;Establecido;De 1 a 5 años;Ondulado;Buen drenaje;No Tiene;QUÍMICO;5.44;5.374;<3.87;5.405;0.286;0;8.978;1.586;0.201;0.579;11.63;0.288;434.1;1.318;14.41;2.943;0.205;ND;ND;ND;ND
36.777;11/07/2016;BOYACÁ;TOGÜÍ;Caña Panelera;Establecido;De 1 a 5 años;Ondulado;Buen drenaje;No Tiene;QUÍMICO;5.7;5.374;<3.87;4.986;ND;ND;7.915;0.829;0.190;0.351;9.288;0.174;312.7;2.690;9.817;47.59;0.205;ND;ND;ND;ND
36.779;11/07/2016;BOYACÁ;TOGÜÍ;Caña Panelera;Establecido;De 1 a 5 años;Ondulado;Buen drenaje;No Tiene;QUÍMICO;4.58;4.162;12.87;7.639;2.412;1.917;1.446;0.447;0.187;0.297;4.790;0.205;682.8;2.852;27.86;3.976;0.263;ND;ND;ND;ND
36.780;11/07/2016;BOYACÁ;TOGÜÍ;Caña Panelera;Establecido;De 1 a 5 años;Ondulado;Buen drenaje;No Tiene;QUÍMICO;5.4;5.493;<3.87;3.589;0.622;0.387;6.637;0.713;0.249;0.450;8.673;0.220;353.2;< 1.0;9.214;1.069;0.205;ND;ND;ND;ND
36.781;11/07/2016;BOYACÁ;SAN JOSÉ DE PARE;Caña Panelera;Establecido;De 1 a 5 años;Ondulado;Buen drenaje;No Tiene;QUÍMICO;5.8;9.231;6.941;5.963;ND;ND;29.78;1.764;0.291;0.435;32.27;0.434;171.3;< 1.0;2.898;3.165;0.283;ND;ND;ND;ND
36.782;11/07/2016;NORTE DE SANTANDER;CONVENCIÓN;Caña Panelera;Establecido;No indica;Pendiente;Buen drenaje;No Tiene;Ninguno;5.42;3.401;26.85;4.846;0.682;0.571;8.852;1.888;0.323;0.533;12.28;0.233;448.8;3.149;4.588;1.694;0.613;ND;ND;ND;ND
36.783;21/07/2016;SANTANDER;OCAMONTE;Caña Panelera;Establecido;De 0 a 1 año;Ondulado;Buen drenaje;No Tiene;15-15-15;4.75;4.180;<3.87;2.675;2.142;1.600;2.071;0.334;0.157;0.252;4.958;0.135;292.9;< 1.0;< 1.0;< 1.0;0.133;ND;ND;ND;ND
36.784;11/07/2016;NORTE DE SANTANDER;CONVENCIÓN;Caña Panelera;Establecido;No indica;Pendiente;Buen drenaje;No Tiene;Ninguno;6.1;2.165;<3.87;3.030;ND;ND;10.10;4.217;0.224;0.464;15.00;0.160;88.87;2.86;12.50;< 1.0;0.128;ND;ND;ND;ND
36.785;11/07/2016;NORTE DE SANTANDER;CONVENCIÓN;Caña Panelera;Establecido;No indica;Pendiente;Buen drenaje;No Tiene;Ninguno;5.53;1.784;<3.87;3.729;ND;ND;9.398;1.991;0.559;0.706;12.65;0.235;47.02;5.380;22.36;1.893;0.128;ND;ND;ND;ND
36.786;11/07/2016;CUNDINAMARCA;VILLETA;Caña Panelera;Establecido;No indica;No indica;Regular drenaje;No Tiene;NO;7.05;4.661;20.74;3.868;ND;ND;34.82;1.313;0.253;0.521;36.90;0.200;47.90;1.164;< 1.0;11.58;0.244;ND;ND;ND;ND
36.791;11/07/2016;CUNDINAMARCA;NOCAIMA;Caña Panelera;Establecido;No indica;Plano;Buen drenaje;No Tiene;NO;5.34;0.976;<3.87;7.918;0.573;0.280;3.891;0.979;0.188;0.233;5.867;0.148;282.7;< 1.0;< 1.0;< 1.0;0.302;ND;ND;ND;ND
36.792;11/07/2016;CUNDINAMARCA;NOCAIMA;Caña Panelera;Establecido;No indica;Ondulado;Buen drenaje;No Tiene;NO;5.110;3.567;<3.87;1.913;2.768;2.159;3.545;0.396;0.134;0.514;7.359;0.134;1051.;1.385;1.323;< 1.0;0.283;ND;ND;ND;ND
36.793;11/07/2016;CUNDINAMARCA;NOCAIMA;Caña Panelera;Establecido;No indica;Plano;Buen drenaje;No Tiene;NO;7.97;1.047;12.65;3.449;ND;ND;10.06;0.844;0.155;0.370;11.43;0.236;24.45;< 1.0;< 1.0;< 1.0;0.244;ND;ND;ND;ND
36.794;11/07/2016;CUNDINAMARCA;NOCAIMA;Caña Panelera;Establecido;No indica;Plano;Buen drenaje;No Tiene;NO;5.6;2.355;<3.87;1.913;ND;ND;6.027;0.555;0.130;0.360;7.073;0.119;993.1;4.546;< 1.0;< 1.0;0.205;ND;ND;ND;ND
36.795;11/07/2016;CUNDINAMARCA;NOCAIMA;Caña Panelera;Establecido;No indica;Plano;Buen drenaje;No Tiene;NO;5.24;2.949;<3.87;2.332;3.886;3.408;4.155;1.389;0.127;0.294;9.853;0.121;805.8;4.252;2.741;< 1.0;0.186;ND;ND;ND;ND
36.796;11/07/2016;CUNDINAMARCA;NOCAIMA;Caña Panelera;Establecido;No indica;Plano;Buen drenaje;No Tiene;NO;5.83;1.475;<3.87;3.310;ND;ND;6.987;1.066;0.143;0.302;8.499;0.127;310.3;5.004;5.089;< 1.0;0.263;ND;ND;ND;ND
36.797;11/07/2016;CUNDINAMARCA;NOCAIMA;Caña Panelera;Establecido;No indica;Pendiente;Buen drenaje;No Tiene;NO;4.730;1.713;<3.87;1.075;3.223;3.098;1.292;0.321;0.108;0.296;5.242;0.138;267.1;2.282;< 1.0;< 1.0;0.244;ND;ND;ND;ND
36.798;11/07/2016;CUNDINAMARCA;NOCAIMA;Caña Panelera;Establecido;No indica;Pendiente;Buen drenaje;No Tiene;NO;4.72;3.258;<3.87;2.053;5.339;4.512;1.655;0.453;0.131;0.346;7.926;0.109;638.9;3.004;< 1.0;< 1.0;0.283;ND;ND;ND;ND
36.800;11/07/2016;CUNDINAMARCA;NOCAIMA;Caña Panelera;Establecido;No indica;Pendiente;Buen drenaje;No Tiene;NO;8.380;3.163;9.989;5.405;ND;ND;50.23;1.069;<0.09;0.483;51.87;0.453;43.67;2.821;1.015;< 1.0;0.302;ND;ND;ND;ND
36.818;11/07/2016;NORTE DE SANTANDER;CONVENCIÓN;Caña Panelera;Establecido;No indica;Pendiente;Buen drenaje;No Tiene;Ninguno;5.55;2.711;<3.87;3.310;ND;ND;5.374;1.579;0.255;0.618;7.827;0.205;169.3;1.333;24.32;1.228;0.962;ND;ND;ND;ND
36.819;11/07/2016;NORTE DE SANTANDER;CONVENCIÓN;Caña Panelera;Establecido;Mas de 10 años;Pendiente;Buen drenaje;No Tiene;Ninguno;5.63;2.807;<3.87;1.354;ND;ND;5.824;1.653;0.149;0.398;8.025;0.236;281.2;1.009;1.075;< 1.0;0.535;ND;ND;ND;ND
36.821;11/07/2016;NORTE DE SANTANDER;CONVENCIÓN;Caña Panelera;Establecido;No indica;Pendiente;Buen drenaje;No Tiene;Ninguno;4.91;3.211;<3.87;2.053;4.894;4.503;3.675;1.823;0.358;0.385;11.13;0.230;472.9;2.793;4.762;1.32;0.128;ND;ND;ND;ND
36.822;11/07/2016;NORTE DE SANTANDER;CONVENCIÓN;Caña Panelera;Establecido;No indica;Pendiente;Buen drenaje;No Tiene;Ninguno;5.83;3.472;5.736;2.472;ND;ND;9.582;4.768;1.055;0.421;15.82;0.336;185.7;1.700;17.13;3.201;0.205;ND;ND;ND;ND
36.823;11/07/2016;NORTE DE SANTANDER;TEORAMA;Caña Panelera;Establecido;Mas de 10 años;Pendiente;Buen drenaje;No Tiene;Ninguno;4.63;1.261;<3.87;1.215;2.135;1.791;3.475;1.317;0.217;0.504;7.651;0.400;53.87;< 1.0;22.08;< 1.0;0.186;ND;ND;ND;ND
36.825;11/07/2016;SANTANDER;VALLE DE SAN JOSÉ;Caña Panelera;Establecido;De 0 a 1 año;Ondulado;Buen drenaje;No Tiene;10-30-10;5.83;3.187;6.120;1.634;ND;ND;10.87;0.636;0.114;0.391;12.01;0.224;590.7;1.141;1.754;1.206;0.128;ND;ND;ND;ND
36.828;11/07/2016;SANTANDER;VALLE DE SAN JOSÉ;Caña Panelera;Establecido;De 0 a 1 año;Ondulado;Buen drenaje;No Tiene;15-15-15;5.82;3.615;<3.87;1.913;ND;ND;11.91;1.078;0.251;0.405;13.64;0.215;722.4;1.062;9.685;1.403;0.361;ND;ND;ND;ND
36.829;11/07/2016;SANTANDER;VALLE DE SAN JOSÉ;Caña Panelera;Establecido;De 1 a 5 años;Ondulado;Buen drenaje;No Tiene;15-15-15;5.61;2.688;4.495;2.332;ND;ND;7.290;1.009;0.188;0.404;8.892;0.189;910.8;2.645;9.448;1.883;0.322;ND;ND;ND;ND
36.831;11/07/2016;CUNDINAMARCA;VILLETA;Caña Panelera;Establecido;No indica;Ondulado;Regular drenaje;No Tiene;NO;5.12;1.523;<3.87;5.265;0.148;0;5.094;0.811;0.112;0.366;6.532;0.127;310.1;2.942;< 1.0;< 1.0;0.225;ND;ND;ND;ND
36.832;11/07/2016;BOYACÁ;SAN JOSÉ DE PARE;Caña Panelera;Establecido;De 1 a 5 años;Ondulado;Buen drenaje;No Tiene;QUÍMICO;4.79;4.185;39.94;2.891;3.342;2.779;4.567;0.517;0.162;0.415;9.004;0.248;1605.;3.453;6.032;3.789;0.225;ND;ND;ND;ND
36.833;11/07/2016;CUNDINAMARCA;NOCAIMA;Caña Panelera;Establecido;No indica;Pendiente;Buen drenaje;No Tiene;NO;6.72;2.093;61.19;3.729;ND;ND;13.71;1.952;0.455;0.445;16.57;0.188;200.7;4.335;< 1.0;1.677;0.225;ND;ND;ND;ND
36.847;11/07/2016;NORTE DE SANTANDER;TEORAMA;Caña Panelera;Establecido;No indica;Pendiente;Buen drenaje;No Tiene;Ninguno;6.05;2.236;<3.87;0.935;ND;ND;7.602;2.498;0.177;0.354;10.63;0.177;84.98;1.771;7.37;< 1.0;0.108;ND;ND;ND;ND
36.849;21/07/2016;SANTANDER;OCAMONTE;Caña Panelera;Establecido;De 0 a 1 año;No indica;Buen drenaje;No Tiene;15-15-15;4.690;4.252;<3.87;2.298;4.385;3.786;1.991;0.647;0.334;0.254;7.612;0.170;848.0;< 1.0;1.885;1.217;0.190;ND;ND;ND;ND
36.850;21/07/2016;SANTANDER;OCAMONTE;Caña Panelera;Establecido;De 0 a 1 año;Ondulado;Buen drenaje;No Tiene;10-30-10;6.49;1.994;93.65;1.796;ND;ND;28.75;1.294;0.697;0.319;31.06;0.640;327.0;1.415;3.476;1.468;0.419;ND;ND;ND;ND
36.852;1/08/2016;BOYACÁ;MONIQUIRÁ;Caña Panelera;Establecido;No indica;Ondulado;Buen drenaje;No Tiene;QUIMICO;5.38;10.31;18.28;4.760;0.093;0;20.77;1.779;0.277;0.101;23.03;0.364;426.0;< 1.0;3.662;3.405;0.286;ND;ND;ND;ND
36.853;1/08/2016;BOYACÁ;CHITARAQUE;Caña Panelera;Establecido;No indica;Ondulado;Buen drenaje;No Tiene;QUIMICO;4.8;6.079;24.83;15.08;2.618;1.948;3.910;0.750;0.248;0.849;8.376;0.870;667.5;2.511;3.327;3.915;0.286;ND;ND;ND;ND
36.854;1/08/2016;BOYACÁ;CHITARAQUE;Caña Panelera;Establecido;No indica;Ondulado;Buen drenaje;No Tiene;QUIMICO;4.8;9.731;46.86;22.87;2.431;1.824;3.847;0.926;0.498;1.422;9.125;1.534;448.9;2.436;6.836;4.415;0.483;ND;ND;ND;ND
36.855;1/08/2016;BOYACÁ;CHITARAQUE;Caña Panelera;Establecido;No indica;Ondulado;Buen drenaje;No Tiene;QUIMICO;4.55;5.222;18.23;8.652;6.296;4.246;4.978;0.956;0.413;0.431;13.07;0.483;969.0;2.622;5.214;6.541;0.263;ND;ND;ND;ND
36.856;1/08/2016;BOYACÁ;CHITARAQUE;Caña Panelera;Establecido;No indica;Ondulado;No indica;No Tiene;QUIMICO;5.25;14.06;16.43;8.652;2.223;1.948;2.655;0.828;0.170;0.185;6.063;0.305;70.58;2.500;1.165;2.79;0.263;ND;ND;ND;ND
36.857;1/08/2016;BOYACÁ;TOGÜÍ;Caña Panelera;Establecido;No indica;Ondulado;Buen drenaje;No Tiene;QUIMICO;4.55;7.246;16.76;11.34;4.114;3.143;3.150;0.670;0.470;1.013;9.421;1.289;916.9;3.345;8.162;3.988;0.217;ND;ND;ND;ND
36.858;1/08/2016;BOYACÁ;SANTANA;Caña Panelera;Establecido;No indica;Ondulado;Buen drenaje;No Tiene;QUIMICO;4.51;5.103;53.54;17.18;2.618;2.257;4.194;0.955;0.604;1.040;9.413;1.094;592.3;1.130;3.871;2.67;0.516;ND;ND;ND;ND
36.859;1/08/2016;BOYACÁ;SANTANA;Caña Panelera;Establecido;No indica;Ondulado;Buen drenaje;No Tiene;QUIMICO;5.51;7.873;22.88;10;ND;ND;7.744;1.430;0.287;0.246;9.707;0.321;591.4;< 1.0;2.218;2.012;0.309;ND;ND;ND;ND
36.860;1/08/2016;BOYACÁ;CHITARAQUE;Caña Panelera;Establecido;No indica;Ondulado;Buen drenaje;No Tiene;QUIMICO;5.38;4.651;21.46;5.808;0.322;0;11.35;0.927;0.373;0.179;13.15;0.293;654.9;1.252;4.976;2.336;0.263;ND;ND;ND;ND
36.862;1/08/2016;BOYACÁ;SAN JOSÉ DE PARE;Caña Panelera;Establecido;No indica;Ondulado;Buen drenaje;No Tiene;QUIMICO;5.31;4.198;19.52;4.311;0.820;0.566;10.95;0.694;0.161;0.113;12.74;0.187;526.4;1.259;9.423;1.257;0.240;ND;ND;ND;ND
36.883;28/07/2016;HUILA;ISNOS;Caña Panelera;Establecido;No indica;Ondulado;Buen drenaje;No Tiene;15-15-15;4.95;16.68;<3.87;5.029;2.101;1.827;2.911;0.690;0.201;0.108;6.013;0.311;203.4;< 1.0;8.968;3.343;0.430;ND;ND;ND;ND
36.887;28/07/2016;HUILA;SAN AGUSTÍN;Caña Panelera;Establecido;No indica;Ondulado;Buen drenaje;No Tiene;10-30-10;5.66;6.937;<3.87;5.029;ND;ND;5.849;1.267;1.148;0.318;8.584;0.228;126.4;< 1.0;6.307;< 1.0;0.289;ND;ND;ND;ND
36.892;28/07/2016;HUILA;SAN AGUSTÍN;Caña Panelera;Establecido;No indica;Plano;Buen drenaje;No Tiene;15-15-15;5.5;16.25;4.171;4.881;ND;ND;5.998;1.638;0.465;0.116;8.217;0.342;99.27;< 1.0;7.075;3.153;0.591;ND;ND;ND;ND
36.893;28/07/2016;HUILA;SAN AGUSTÍN;Caña Panelera;Establecido;No indica;Ondulado;Buen drenaje;No Tiene;No indica;4.99;16.39;<3.87;17.15;0.836;0.660;4.545;0.950;0.468;1.839;8.641;2.385;99.38;1.028;10.05;4.718;0.390;ND;ND;ND;ND
36.922;1/08/2016;RISARALDA;QUINCHÍA;Caña Panelera;Establecido;De 1 a 5 años;Pendiente;Mal drenaje;No Tiene;NO;6.43;2.555;9.094;3.263;ND;ND;8.798;4.453;0.389;0.126;13.76;0.159;63.73;2.751;3.67;1.601;0.286;ND;ND;ND;ND
36.923;1/08/2016;RISARALDA;QUINCHÍA;Caña Panelera;Establecido;De 1 a 5 años;Pendiente;Mal drenaje;No Tiene;NO;6.04;2.127;11.02;2.964;ND;ND;10.77;4.103;0.390;0.224;15.49;0.099;74.83;2.937;6.004;< 1.0;0.286;ND;ND;ND;ND
36.924;1/08/2016;RISARALDA;QUINCHÍA;Caña Panelera;Establecido;De 1 a 5 años;Pendiente;Mal drenaje;No Tiene;NO;6.06;2.936;<3.87;2.814;ND;ND;18.57;9.800;0.097;0.194;28.66;0.206;24.59;3.927;3.383;< 1.0;0.263;ND;ND;ND;ND
36.925;1/08/2016;RISARALDA;QUINCHÍA;Caña Panelera;Establecido;De 1 a 5 años;Ondulado;Mal drenaje;No Tiene;NO;6.2;3.635;15.41;3.263;ND;ND;8.676;4.876;0.290;0.195;14.03;0.205;66.86;3.050;5.716;3.605;0.263;ND;ND;ND;ND
36.926;1/08/2016;RISARALDA;QUINCHÍA;Caña Panelera;Establecido;De 1 a 5 años;Ondulado;Mal drenaje;No Tiene;NO;5.32;4.555;5.125;3.113;2.649;2.205;4.351;2.064;0.227;0.199;9.493;0.131;101.1;2.180;6.997;1.000;0.309;ND;ND;ND;ND
36.928;1/08/2016;RISARALDA;QUINCHÍA;Caña Panelera;Establecido;De 1 a 5 años;Ondulado;Mal drenaje;No Tiene;NO;5.32;2.984;10.01;3.712;2.015;1.154;7.649;5.655;0.292;0.239;15.85;0.172;97.58;4.344;8.948;1.806;0.240;ND;ND;ND;ND
36.952;1/08/2016;RISARALDA;PUEBLO RICO;Caña Panelera;Establecido;De 1 a 5 años;Ondulado;Mal drenaje;No Tiene;NO;6.03;11.73;<3.87;3.712;ND;ND;4.310;1.108;0.157;0.388;5.963;0.183;78.45;1.317;3.534;< 1.0;0.217;ND;ND;ND;ND
36.953;1/08/2016;RISARALDA;PUEBLO RICO;Caña Panelera;Establecido;De 1 a 5 años;Pendiente;Mal drenaje;No Tiene;NO;6.35;9.413;<3.87;4.910;ND;ND;3.521;0.931;0.199;0.278;4.930;0.138;73.23;1.312;1.734;< 1.0;0.217;ND;ND;ND;ND
36.954;1/08/2016;RISARALDA;BELÉN DE UMBRÍA;Caña Panelera;Establecido;De 1 a 5 años;Pendiente;Mal drenaje;No Tiene;NO;6.73;3.460;<3.87;4.161;ND;ND;31.17;9.602;0.251;0.970;41.99;0.181;19.17;1.648;2.301;< 1.0;0.263;ND;ND;ND;ND
36.955;1/08/2016;RISARALDA;PUEBLO RICO;Caña Panelera;Establecido;De 1 a 5 años;Pendiente;Mal drenaje;No Tiene;NO;6.19;8.008;<3.87;5.808;ND;ND;6.925;1.942;0.095;0.103;9.066;0.198;36.35;1.609;1.948;< 1.0;0.286;ND;ND;ND;ND
36.956;1/08/2016;RISARALDA;QUINCHÍA;Caña Panelera;Establecido;De 1 a 5 años;Ondulado;Mal drenaje;No Tiene;NO;5.68;7.492;3.653;5.209;ND;ND;13.31;7.607;0.439;< 0.1;21.45;0.174;95.55;< 1.0;4.349;2.086;0.309;ND;ND;ND;ND
36.957;1/08/2016;RISARALDA;GUÁTICA;Caña Panelera;Establecido;De 1 a 5 años;Ondulado;Mal drenaje;No Tiene;NO;6.22;5.301;<3.87;6.407;ND;ND;6.867;2.776;0.449;< 0.1;10.19;0.186;86.92;3.41;2.721;< 1.0;0.286;ND;ND;ND;ND
36.958;1/08/2016;RISARALDA;LA CELIA;Caña Panelera;Establecido;De 1 a 5 años;Ondulado;Mal drenaje;No Tiene;NO;5.54;4.508;4.927;3.413;ND;ND;5.474;1.926;0.235;< 0.1;7.735;0.254;82.63;3.214;3.062;1.913;0.286;ND;ND;ND;ND
36.959;1/08/2016;RISARALDA;LA CELIA;Caña Panelera;Establecido;De 1 a 5 años;Ondulado;Mal drenaje;No Tiene;NO;5.95;5.921;<3.87;6.257;ND;ND;7.281;2.189;0.704;< 0.1;10.27;0.173;54.90;6.336;3.627;< 1.0;0.309;ND;ND;ND;ND
36.960;1/08/2016;RISARALDA;BELÉN DE UMBRÍA;Caña Panelera;Establecido;De 1 a 5 años;Ondulado;Mal drenaje;No Tiene;NO;6.24;2.912;4.398;6.706;ND;ND;8.189;2.458;0.652;0.296;11.59;0.186;37.69;1.504;3.711;< 1.0;0.470;ND;ND;ND;ND
36.961;1/08/2016;RISARALDA;LA CELIA;Caña Panelera;Establecido;De 1 a 5 años;Ondulado;Mal drenaje;No Tiene;NO;5.32;7.056;4.017;8.802;0.665;0.525;4.539;1.171;0.094;< 0.1;6.570;0.268;87.55;2.661;4.050;1.140;0.424;ND;ND;ND;ND
36.962;1/08/2016;RISARALDA;GUÁTICA;Caña Panelera;Establecido;De 1 a 5 años;Ondulado;Mal drenaje;No Tiene;NO;6.32;3.841;5.489;4.011;ND;ND;15.14;6.043;0.625;0.298;22.10;0.219;199.1;7.570;4.011;1.07;0.355;ND;ND;ND;ND
36.970;1/08/2016;RISARALDA;GUÁTICA;Caña Panelera;Establecido;De 1 a 5 años;Ondulado;Mal drenaje;No Tiene;NO;5.82;4.778;4.894;6.407;ND;ND;6.828;2.447;0.119;0.115;9.511;0.228;199.5;1.179;5.164;1.2;0.401;ND;ND;ND;ND
36.971;1/08/2016;RISARALDA;PUEBLO RICO;Caña Panelera;Establecido;De 1 a 5 años;Ondulado;Mal drenaje;No Tiene;NO;5.84;3.270;8.581;4.011;ND;ND;6.164;2.437;0.773;0.357;9.732;0.197;232.6;3.895;5.933;2.404;0.378;ND;ND;ND;ND
36.972;1/08/2016;RISARALDA;PUEBLO RICO;Caña Panelera;Establecido;De 1 a 5 años;Ondulado;Mal drenaje;No Tiene;NO;5.65;6.937;4.629;10.14;ND;ND;3.837;1.528;0.266;< 0.1;5.732;0.191;49.45;1.641;3.563;3.338;0.217;ND;ND;ND;ND
36.973;1/08/2016;RISARALDA;QUINCHÍA;Caña Panelera;Establecido;De 1 a 5 años;Pendiente;Mal drenaje;No Tiene;NO;5.49;12.92;3.736;4.910;0.342;0.164;3.698;0.924;0.267;0.300;5.533;0.588;90.27;2.936;4.814;3.482;0.240;ND;ND;ND;ND
36.974;1/08/2016;RISARALDA;QUINCHÍA;Caña Panelera;Establecido;De 1 a 5 años;Ondulado;Mal drenaje;No Tiene;NO;5.72;3.770;3.736;3.712;ND;ND;8.063;2.669;0.736;0.246;11.71;0.360;72.92;2.177;5.056;2.189;0.332;ND;ND;ND;ND
36.975;28/07/2016;HUILA;SAN AGUSTÍN;Caña Panelera;Establecido;No indica;Ondulado;Buen drenaje;No Tiene;No indica;5.68;7.842;<3.87;12.72;ND;ND;10.50;2.676;0.747;0.720;14.64;1.007;67.58;< 1.0;24.46;1.554;0.390;ND;ND;ND;ND
36.976;28/07/2016;HUILA;SAN AGUSTÍN;Caña Panelera;Establecido;No indica;Plano;Buen drenaje;No Tiene;15-15-15;5.82;10.35;<3.87;17.45;ND;ND;14.84;2.344;0.438;1.374;19.00;2.197;51.88;< 1.0;7.734;3.007;0.269;ND;ND;ND;ND
36.977;28/07/2016;HUILA;SAN AGUSTÍN;Caña Panelera;Establecido;No indica;Plano;Buen drenaje;No Tiene;15-15-15;5.22;16.92;<3.87;11.68;0.627;0.427;6.931;1.339;0.589;0.812;10.30;0.994;114.4;1.141;15.88;5.234;0.370;ND;ND;ND;ND
36.978;28/07/2016;HUILA;ISNOS;Caña Panelera;Establecido;No indica;Ondulado;Buen drenaje;No Tiene;No indica;5.22;28.22;<3.87;5.769;3.694;2.886;2.668;0.893;0.318;0.170;7.745;0.253;495.2;< 1.0;2.923;1.339;0.611;ND;ND;ND;ND
36.979;21/07/2016;CALDAS;PENSILVANIA;Caña Panelera;Establecido;De 1 a 5 años;Pendiente;No indica;No indica;No indica;5.77;4.204;9.336;3.806;ND;ND;3.104;0.656;0.213;0.229;4.204;0.141;56.38;< 1.0;1.643;< 1.0;0.095;ND;ND;ND;ND
36.992;21/07/2016;CALDAS;MANZANARES;Caña Panelera;Establecido;Mas de 10 años;Pendiente;No indica;No indica;No indica;5.52;4.884;<3.87;4.937;ND;ND;0.996;0.526;0.188;0.199;1.911;0.165;96.04;< 1.0;< 1.0;< 1.0;0.114;ND;ND;ND;ND
37.008;21/07/2016;CALDAS;MANZANARES;Caña Panelera;Establecido;Mas de 10 años;Pendiente;No indica;No indica;No indica;5.23;7.021;<3.87;4.560;0.568;0.429;1.456;0.420;0.109;0.178;2.732;0.236;74.01;1.615;2.907;3.431;0.095;ND;ND;ND;ND
37.009;21/07/2016;CALDAS;MANZANARES;Caña Panelera;Establecido;Mas de 10 años;Pendiente;No indica;No indica;No indica;5.45;8.357;<3.87;2.801;0.807;0.546;2.077;0.541;0.163;0.163;3.752;0.173;78.39;1.283;1.310;3.58;0.095;ND;ND;ND;ND
37.010;21/07/2016;CALDAS;MANZANARES;Caña Panelera;Establecido;Mas de 10 años;Pendiente;No indica;No indica;No indica;5.74;4.277;<3.87;2.927;ND;ND;3.690;0.623;0.141;0.208;4.663;0.181;55.38;2.125;1.937;6.899;0.095;ND;ND;ND;ND
37.012;21/07/2016;SANTANDER;OCAMONTE;Caña Panelera;Establecido;De 0 a 1 año;Ondulado;Buen drenaje;No Tiene;10-30-10;4.74;1.970;13.98;2.550;5.610;4.050;1.413;0.435;0.240;0.216;7.918;0.100;410.1;1.257;3.022;2.218;0.133;ND;ND;ND;ND
37.016;21/07/2016;SANTANDER;VALLE DE SAN JOSÉ;Caña Panelera;Establecido;De 0 a 1 año;Ondulado;Buen drenaje;No Tiene;15-15-15;4.87;2.212;<3.87;2.550;4.155;3.074;1.782;0.452;0.269;0.188;6.850;0.115;379.8;< 1.0;< 1.0;< 1.0;0.152;ND;ND;ND;ND
37.017;21/07/2016;SANTANDER;VALLE DE SAN JOSÉ;Caña Panelera;Establecido;De 1 a 5 años;Ondulado;Buen drenaje;No Tiene;15-15-15;5.74;2.868;52.69;2.298;ND;ND;8.698;1.211;0.734;0.201;10.84;0.169;388.3;5.925;4.676;2.817;0.228;ND;ND;ND;ND
37.018;21/07/2016;SANTANDER;VALLE DE SAN JOSÉ;Caña Panelera;Establecido;De 0 a 1 año;Ondulado;Buen drenaje;No Tiene;10-30-10;5.14;2.188;<3.87;3.429;1.445;1.112;6.211;0.456;0.208;0.251;8.572;0.134;434.2;1.223;3.289;< 1.0;0.171;ND;ND;ND;ND
37.020;21/07/2016;SANTANDER;PÁRAMO;Caña Panelera;Establecido;De 1 a 5 años;Pendiente;Buen drenaje;No Tiene;15-15-15;5.05;3.840;<3.87;3.429;2.202;1.913;10.06;1.379;0.538;0.251;14.43;0.172;606.5;1.814;3.536;2.490;0.190;ND;ND;ND;ND
37.024;21/07/2016;CALDAS;MANZANARES;Caña Panelera;Establecido;Mas de 10 años;Pendiente;No indica;No indica;No indica;5.95;6.049;<3.87;1.796;ND;ND;1.784;0.412;<0.09;0.234;2.479;0.085;61.01;1.556;1.860;< 1.0;0.133;ND;ND;ND;ND
37.026;21/07/2016;CALDAS;NEIRA;Caña Panelera;Establecido;De 0 a 1 año;Ondulado;Buen drenaje;No Tiene;Ninguno;6.34;2.868;14.27;3.555;ND;ND;13.29;5.826;1.149;0.331;20.59;0.321;190.9;1.208;2.398;4.121;0.209;ND;ND;ND;ND
37.027;21/07/2016;CALDAS;MANZANARES;Caña Panelera;Establecido;De 5 a 10 años;Pendiente;No indica;No indica;No indica;5.56;5.467;<3.87;3.806;ND;ND;1.664;0.445;0.101;0.246;2.457;0.140;64.60;1.288;1.407;< 1.0;0.152;ND;ND;ND;ND
37.032;21/07/2016;CALDAS;MANZANARES;Caña Panelera;Establecido;De 5 a 10 años;Pendiente;No indica;No indica;No indica;5.68;9.449;<3.87;2.298;ND;ND;2.258;0.406;0.198;0.218;3.081;0.126;54.48;< 1.0;1.701;< 1.0;0.152;ND;ND;ND;ND
37.038;21/07/2016;CALDAS;MANZANARES;Caña Panelera;Establecido;De 5 a 10 años;Ondulado;No indica;No indica;No indica;5.61;2.358;9.849;3.932;ND;ND;5.078;0.886;0.148;0.199;6.312;0.216;150.6;2.08;2.145;19.89;0.171;ND;ND;ND;ND
37.039;21/07/2016;CALDAS;MANZANARES;Caña Panelera;Establecido;De 5 a 10 años;Pendiente;No indica;No indica;No indica;5.98;8.964;<3.87;1.796;ND;ND;2.127;0.756;0.148;0.229;3.261;0.122;71.42;< 1.0;< 1.0;1.081;0.133;ND;ND;ND;ND
37.041;21/07/2016;SANTANDER;OCAMONTE;Caña Panelera;Establecido;De 0 a 1 año;Plano;Buen drenaje;No Tiene;10.30.10;5.13;4.738;7.945;5.565;1.654;1.132;5.060;1.066;0.594;0.212;8.587;0.181;412.6;< 1.0;1.157;1.020;0.266;ND;ND;ND;ND
37.060;28/07/2016;HUILA;SAN AGUSTÍN;Caña Panelera;Establecido;No indica;Plano;Buen drenaje;No Tiene;15-15-15;5.45;13.58;<3.87;5.769;0.209;0;8.605;1.787;0.560;0.196;11.35;0.683;94.00;1.095;10.81;6.097;0.330;ND;ND;ND;ND
37.061;28/07/2016;HUILA;SAN AGUSTÍN;Caña Panelera;Establecido;No indica;Ondulado;Buen drenaje;No Tiene;15-15-15;4.940;18.54;<3.87;13.01;0.965;0.787;4.673;1.199;0.390;0.458;7.688;1.020;93.14;< 1.0;11.99;2.806;0.289;ND;ND;ND;ND
37.062;28/07/2016;HUILA;SAN AGUSTÍN;Caña Panelera;Establecido;Mas de 10 años;Ondulado;Buen drenaje;No Tiene;15-15-15;4.92;30.60;<3.87;5.029;4.949;3.780;2.608;0.508;0.260;0.325;8.651;0.517;100.0;< 1.0;2.706;1.297;0.269;ND;ND;ND;ND
37.063;28/07/2016;HUILA;SAN AGUSTÍN;Caña Panelera;Establecido;No indica;Ondulado;Buen drenaje;No Tiene;15-15-15;5.13;24.89;<3.87;5.177;2.150;1.798;4.557;1.357;0.424;0.530;9.020;0.565;124.3;< 1.0;5.497;3.564;0.309;ND;ND;ND;ND
37.064;28/07/2016;HUILA;SAN AGUSTÍN;Caña Panelera;Establecido;No indica;Ondulado;Buen drenaje;No Tiene;No indica;5.059;27.55;<3.87;5.769;3.335;2.847;2.155;0.722;0.447;0.350;7.011;0.505;133.9;< 1.0;4.072;< 1.0;0.511;ND;ND;ND;ND
37.065;28/07/2016;HUILA;SAN AGUSTÍN;Caña Panelera;Establecido;No indica;Ondulado;Buen drenaje;No Tiene;15-15-15;5.41;11.53;<3.87;12.13;0.318;0.213;4.766;1.451;0.310;0.663;7.509;0.716;98.41;1.032;10.53;< 1.0;0.209;ND;ND;ND;ND
37.066;28/07/2016;HUILA;SAN AGUSTÍN;Caña Panelera;Establecido;No indica;Ondulado;Buen drenaje;No Tiene;16-16-16;5.05;19.30;<3.87;5.177;3.365;2.633;2.036;0.588;0.228;0.113;6.332;0.163;119.8;< 1.0;2.655;< 1.0;0.370;ND;ND;ND;ND
37.067;28/07/2016;HUILA;SAN AGUSTÍN;Caña Panelera;Establecido;No indica;Plano;Buen drenaje;No Tiene;15-15-15;5.58;7.937;<3.87;5.325;ND;ND;9.146;1.480;1.010;0.216;11.85;0.424;114.5;< 1.0;11.85;1.32;0.289;ND;ND;ND;ND
37.068;28/07/2016;HUILA;SAN AGUSTÍN;Caña Panelera;Establecido;No indica;Ondulado;Buen drenaje;No Tiene;15-15-15;5.13;23.17;<3.87;5.029;2.828;2.177;3.034;0.724;0.406;0.337;7.330;0.593;98.57;< 1.0;6.570;2.435;0.410;ND;ND;ND;ND
37.069;28/07/2016;HUILA;SAN AGUSTÍN;Caña Panelera;Establecido;No indica;Plano;Buen drenaje;No Tiene;No indica;5.97;12.48;<3.87;3.846;ND;ND;11.77;1.916;0.472;0.218;14.38;0.249;95.58;< 1.0;8.06;4.145;0.390;ND;ND;ND;ND
37.070;28/07/2016;HUILA;ISNOS;Caña Panelera;Establecido;No indica;Ondulado;Buen drenaje;No Tiene;10-30-10;5.3;18.89;<3.87;5.325;1.553;1.282;2.913;0.592;0.134;0.120;5.313;0.160;145.0;< 1.0;7.435;1.325;0.410;ND;ND;ND;ND
37.071;28/07/2016;HUILA;SAN AGUSTÍN;Caña Panelera;Establecido;No indica;Ondulado;Buen drenaje;No Tiene;15-15-15;5.56;20.03;<3.87;7.840;ND;ND;6.147;1.204;0.477;0.559;8.388;0.345;94.27;< 1.0;14.10;2.319;0.390;ND;ND;ND;ND
37.106;11/07/2016;NORTE DE SANTANDER;TEORAMA;Caña Panelera;Establecido;Mas de 10 años;Pendiente;Buen drenaje;No Tiene;Ninguno;5.92;1.808;<3.87;2.192;ND;ND;7.764;1.512;0.111;0.321;9.708;0.205;74.09;1.433;4.791;< 1.0;0.147;ND;ND;ND;ND
37.167;26/04/2016;CUNDINAMARCA;ÚTICA;Caña Panelera;Establecido;Mas de 10 años;Pendiente;Regular drenaje;No Tiene;NO;8.42;1.062;<3.87;39.81;ND;ND;43.60;0.662;0.137;0.292;44.69;1.433;14.12;1.867;1.3;2.201;0.101;ND;ND;ND;ND
37.168;26/04/2016;CUNDINAMARCA;ÚTICA;Caña Panelera;Establecido;Mas de 10 años;Pendiente;Regular drenaje;No Tiene;NO;8.25;0.941;<3.87;59.48;ND;ND;47.51;0.766;0.160;0.376;48.82;2.146;12.48;1.56;1.224;1.877;0.077;ND;ND;ND;ND
37.169;26/04/2016;CUNDINAMARCA;ÚTICA;Caña Panelera;Establecido;De 5 a 10 años;Pendiente;Regular drenaje;No Tiene;NO;8.61;1.521;<3.87;15.82;ND;ND;42.00;0.445;0.122;0.254;42.82;0.712;8.783;2.033;< 1.0;1.948;0.077;ND;ND;ND;ND
37.170;26/04/2016;CUNDINAMARCA;ÚTICA;Caña Panelera;Establecido;Mas de 10 años;Pendiente;Regular drenaje;No Tiene;NO;8.34;1.086;<3.87;47.54;ND;ND;48.38;0.649;0.153;0.314;49.50;1.772;12.26;1.516;1.214;1.718;0.487;ND;ND;ND;ND
37.171;26/04/2016;CUNDINAMARCA;ÚTICA;Caña Panelera;Establecido;Mas de 10 años;Pendiente;Regular drenaje;No Tiene;NO;8.289;1.038;<3.87;46.13;ND;ND;40.04;0.681;0.136;0.321;41.18;1.454;11.77;1.502;1.24;1.766;0.077;ND;ND;ND;ND
37.172;26/04/2016;CUNDINAMARCA;ÚTICA;Caña Panelera;Establecido;Mas de 10 años;Pendiente;Regular drenaje;No Tiene;NO;8.369;1.376;<3.87;39.11;ND;ND;42.88;0.676;0.144;0.301;44.00;1.324;12.24;1.651;1.363;1.907;0.125;ND;ND;ND;ND
37.173;26/04/2016;CUNDINAMARCA;ÚTICA;Caña Panelera;Establecido;Mas de 10 años;Pendiente;Regular drenaje;No Tiene;NO;8.57;1.642;<3.87;12.59;ND;ND;40.85;0.504;0.119;0.300;41.77;0.765;12.59;1.962;1.196;2.018;0.536;ND;ND;ND;ND
37.174;26/04/2016;CUNDINAMARCA;ÚTICA;Caña Panelera;Establecido;Mas de 10 años;Pendiente;Regular drenaje;No Tiene;NO;8.41;1.134;<3.87;29.98;ND;ND;36.91;0.699;0.130;0.348;38.09;1.168;12.20;1.59;1.365;1.845;0.053;ND;ND;ND;ND
37.175;26/04/2016;CUNDINAMARCA;ÚTICA;Caña Panelera;Establecido;De 1 a 5 años;Pendiente;Regular drenaje;No Tiene;NO;8.289;0.965;<3.87;48.24;ND;ND;37.34;0.626;0.120;0.333;38.42;2.072;16.69;1.323;1.381;1.713;0.053;ND;ND;ND;ND
37.176;26/04/2016;CUNDINAMARCA;ÚTICA;Caña Panelera;Establecido;Mas de 10 años;Pendiente;Regular drenaje;No Tiene;NO;8.34;1.110;<3.87;42.62;ND;ND;43.45;0.682;0.144;0.234;44.51;1.566;12.88;1.405;1.307;1.603;0.439;ND;ND;ND;ND
37.177;26/04/2016;CUNDINAMARCA;ÚTICA;Caña Panelera;Establecido;Mas de 10 años;Pendiente;Buen drenaje;No Tiene;NO;7.87;0.434;4.509;341.8;ND;ND;74.24;0.294;<0.09;0.208;74.80;10.57;< 5.0;1.321;1.435;1.381;0.077;ND;ND;ND;ND
37.178;26/04/2016;CUNDINAMARCA;ÚTICA;Caña Panelera;Establecido;Mas de 10 años;Pendiente;Regular drenaje;No Tiene;NO;8.32;1.159;<3.87;55.26;ND;ND;40.63;0.732;0.153;0.309;41.83;1.576;9.690;1.739;1.385;1.895;0.101;ND;ND;ND;ND
37.179;26/04/2016;CUNDINAMARCA;ÚTICA;Caña Panelera;Establecido;Mas de 10 años;Ondulado;Regular drenaje;No Tiene;NO;8.59;1.666;<3.87;17.51;ND;ND;47.94;0.686;0.205;0.466;49.29;0.758;11.92;2.12;1.270;1.811;0.439;ND;ND;ND;ND
37.180;26/04/2016;CUNDINAMARCA;ÚTICA;Caña Panelera;Establecido;Mas de 10 años;Pendiente;Regular drenaje;No Tiene;NO;8.33;1.255;<3.87;38.06;ND;ND;41.44;0.724;0.158;0.303;42.62;1.279;10.27;1.917;1.474;1.927;0.415;ND;ND;ND;ND
37.181;26/04/2016;CUNDINAMARCA;ÚTICA;Caña Panelera;Establecido;Mas de 10 años;Pendiente;Regular drenaje;No Tiene;NO;8.25;1.183;<3.87;32.79;ND;ND;41.53;0.621;0.133;0.371;42.65;1.640;10.41;1.726;1.419;1.772;0.053;ND;ND;ND;ND
37.182;26/04/2016;CUNDINAMARCA;ÚTICA;Caña Panelera;Establecido;Mas de 10 años;Pendiente;Regular drenaje;No Tiene;NO;8.25;1.207;<3.87;37.71;ND;ND;40.06;0.578;0.120;0.292;41.05;1.680;10.74;1.865;1.557;1.748;0.053;ND;ND;ND;ND
37.183;26/04/2016;CUNDINAMARCA;ÚTICA;Caña Panelera;Establecido;Mas de 10 años;Ondulado;Regular drenaje;No Tiene;NO;8.199;0.941;<3.87;54.56;ND;ND;46.72;0.677;0.152;0.589;48.14;2.114;11.60;1.671;1.575;1.845;0.198;ND;ND;ND;ND
37.184;26/04/2016;CUNDINAMARCA;ÚTICA;Caña Panelera;Establecido;Mas de 10 años;Ondulado;Regular drenaje;No Tiene;NO;8.32;1.086;<3.87;48.24;ND;ND;41.40;0.691;0.132;0.427;42.65;1.697;10.87;1.864;1.602;2.072;0.149;ND;ND;ND;ND
37.185;26/04/2016;CUNDINAMARCA;ÚTICA;Caña Panelera;Establecido;Mas de 10 años;Pendiente;Regular drenaje;No Tiene;NO;8.56;1.569;<3.87;15.96;ND;ND;38.35;0.432;0.120;0.320;39.22;0.769;8.396;2.064;1.063;1.774;0.149;ND;ND;ND;ND
37.254;26/04/2016;CUNDINAMARCA;ÚTICA;Caña Panelera;Establecido;Mas de 10 años;Pendiente;Regular drenaje;No Tiene;NO;8.34;1.014;<3.87;34.19;ND;ND;49.05;0.903;0.164;0.589;50.71;1.319;16.11;2.283;1.763;2.151;0.125;ND;ND;ND;ND
37.293;26/04/2016;CUNDINAMARCA;ÚTICA;Caña Panelera;Establecido;Mas de 10 años;Pendiente;Regular drenaje;No Tiene;NO;8.369;1.159;<3.87;35.60;ND;ND;52.37;0.761;0.151;0.418;53.70;1.306;15.76;2.006;1.722;1.966;0.222;ND;ND;ND;ND
37.294;26/04/2016;CUNDINAMARCA;ÚTICA;Caña Panelera;Establecido;De 5 a 10 años;Pendiente;Regular drenaje;No Tiene;NO;8.199;1.183;<3.87;51.75;ND;ND;45.15;0.711;0.143;0.298;46.30;2.442;10.57;1.592;1.456;1.749;0.053;ND;ND;ND;ND
37.295;26/04/2016;CUNDINAMARCA;ÚTICA;Caña Panelera;Establecido;Mas de 10 años;Pendiente;Regular drenaje;No Tiene;NO;7.97;1.207;<3.87;162.0;ND;ND;82.55;0.604;0.119;0.501;83.78;8.730;7.674;1.734;2.165;1.738;0.198;ND;ND;ND;ND
37.296;26/04/2016;CUNDINAMARCA;ÚTICA;Caña Panelera;Establecido;Mas de 10 años;Pendiente;Regular drenaje;No Tiene;NO;8.16;2.318;<3.87;62.78;ND;ND;54.46;0.681;0.197;0.523;55.86;1.609;6.469;1.79;1.925;1.943;0.487;ND;ND;ND;ND
37.297;26/04/2016;CUNDINAMARCA;ÚTICA;Caña Panelera;Establecido;Mas de 10 años;Pendiente;Regular drenaje;No Tiene;NO;8.199;2.294;<3.87;66.57;ND;ND;55.60;0.580;0.203;0.575;56.96;1.626;6.509;1.721;1.927;2.142;0.657;ND;ND;ND;ND
37.298;26/04/2016;CUNDINAMARCA;ÚTICA;Caña Panelera;Establecido;Mas de 10 años;Ondulado;Regular drenaje;No Tiene;NO;7.98;1.304;<3.87;114.3;ND;ND;83.06;0.584;0.236;0.625;84.50;5.146;8.951;2.004;2.073;2.475;0.294;ND;ND;ND;ND
37.299;26/04/2016;CUNDINAMARCA;ÚTICA;Caña Panelera;Establecido;Mas de 10 años;Pendiente;Regular drenaje;No Tiene;NO;8.11;2.342;<3.87;75;ND;ND;46.26;0.495;0.183;0.564;47.51;5.634;< 5.0;1.845;< 1.0;2.131;0.391;ND;ND;ND;ND
37.300;26/04/2016;CUNDINAMARCA;LA PEÑA;Caña Panelera;Establecido;Mas de 10 años;Ondulado;Buen drenaje;No Tiene;NO;6.09;3.429;8.994;14.42;ND;ND;15.29;2.006;0.546;0.514;18.36;0.369;440.2;6.634;2.241;41.83;0.149;ND;ND;ND;ND
37.301;26/04/2016;CUNDINAMARCA;CAPARRAPÍ;Caña Panelera;Establecido;Mas de 10 años;Ondulado;Mal drenaje;No Tiene;NO;4.76;6.859;6.963;5.716;3.294;3.026;6.101;0.915;0.380;0.377;11.06;0.425;922.1;< 1.0;2.500;3.085;0.101;ND;ND;ND;ND
37.302;26/04/2016;CUNDINAMARCA;LA PEÑA;Caña Panelera;Establecido;Mas de 10 años;Ondulado;Buen drenaje;No Tiene;NO;8.199;5.579;3.878;11.47;ND;ND;45.29;0.907;0.195;0.594;46.98;0.696;31.20;2.153;1.234;3.726;0.439;ND;ND;ND;ND
37.308;26/04/2016;CUNDINAMARCA;ÚTICA;Caña Panelera;Establecido;Mas de 10 años;Pendiente;Regular drenaje;No Tiene;NO;8.130;2.463;<3.87;72.19;ND;ND;53.86;0.615;0.180;0.532;55.19;1.757;6.317;1.698;1.863;2.085;0.439;ND;ND;ND;ND
37.310;26/04/2016;CUNDINAMARCA;LA PEÑA;Caña Panelera;Establecido;Mas de 10 años;Ondulado;Buen drenaje;No Tiene;NO;6.78;5.289;24.08;25.37;ND;ND;24.31;1.935;0.364;0.495;27.10;0.766;345.9;3.301;1.193;26.96;0.342;ND;ND;ND;ND
37.311;26/04/2016;CUNDINAMARCA;LA PEÑA;Caña Panelera;Establecido;Mas de 10 años;Ondulado;Buen drenaje;No Tiene;NO;5.76;6.376;8.799;4.452;ND;ND;1.860;0.808;0.286;0.457;3.413;0.205;83.96;1.429;3.014;6.756;0.053;ND;ND;ND;ND
37.312;26/04/2016;CUNDINAMARCA;LA PEÑA;Caña Panelera;Establecido;Mas de 10 años;Ondulado;Buen drenaje;No Tiene;NO;8.01;7.680;14.66;61.58;ND;ND;46.00;5.727;0.426;0.478;52.64;1.188;43.06;3.270;1.521;35.72;0.874;ND;ND;ND;ND
37.313;26/04/2016;CUNDINAMARCA;LA PEÑA;Caña Panelera;Establecido;Mas de 10 años;Ondulado;Buen drenaje;No Tiene;NO;7.09;5.724;33.39;72.61;ND;ND;22.90;3.809;0.716;0.438;27.87;0.847;300.8;2.091;1.562;9.593;0.850;ND;ND;ND;ND
37.314;26/04/2016;CUNDINAMARCA;ÚTICA;Caña Panelera;Establecido;Mas de 10 años;Pendiente;Regular drenaje;No indica;NO;8.48;1.569;<3.87;26.47;ND;ND;41.20;0.561;0.165;0.372;42.30;0.728;11.30;1.006;< 1.0;1.972;0.101;ND;ND;ND;ND
37.315;26/04/2016;CUNDINAMARCA;ÚTICA;Caña Panelera;Establecido;Mas de 10 años;Ondulado;Regular drenaje;No indica;NO;8.539;1.448;<3.87;17.65;ND;ND;47.67;0.894;0.221;0.322;49.11;0.677;15.3;< 1.0;< 1.0;2.387;0.367;ND;ND;ND;ND
37.317;26/04/2016;CUNDINAMARCA;VILLETA;Caña Panelera;Establecido;Mas de 10 años;Ondulado;Mal drenaje;No indica;No indica;8.39;2.752;3.637;8.244;ND;ND;45.73;1.355;0.290;0.327;47.71;0.757;15.17;2.475;< 1.0;26.66;0.415;ND;ND;ND;ND
37.322;26/04/2016;CUNDINAMARCA;LA PEÑA;Caña Panelera;Establecido;Mas de 10 años;Ondulado;Buen drenaje;No Tiene;NO;5.099;3.067;6.225;4.171;1.430;1.192;8.750;0.636;0.300;0.574;11.69;0.572;804.2;7.541;4.5;26.90;0.125;ND;ND;ND;ND
37.323;26/04/2016;CUNDINAMARCA;LA PEÑA;Caña Panelera;Establecido;Mas de 10 años;Ondulado;Buen drenaje;No Tiene;NO;6.28;7.608;33.27;26.92;ND;ND;19.31;12.19;0.754;0.681;32.94;0.759;682.2;1.48;1.482;52.69;0.536;ND;ND;ND;ND
37.325;26/04/2016;CUNDINAMARCA;ÚTICA;Caña Panelera;Establecido;Mas de 10 años;Pendiente;Regular drenaje;No Tiene;NO;8.15;2.487;<3.87;91.85;ND;ND;55.41;0.536;0.173;0.336;56.45;4.778;6.227;1.663;1.802;2.020;0.512;ND;ND;ND;ND
37.326;26/04/2016;CUNDINAMARCA;ÚTICA;Caña Panelera;Establecido;Mas de 10 años;Pendiente;Regular drenaje;No Tiene;NO;8.050;2.584;<3.87;58.14;ND;ND;50.81;0.645;0.166;0.450;52.07;2.105;6.985;2.174;2.068;2.272;0.463;ND;ND;ND;ND
37.327;26/04/2016;CUNDINAMARCA;ÚTICA;Caña Panelera;Establecido;Mas de 10 años;Pendiente;Regular drenaje;No Tiene;NO;8.48;1.086;3.968;28.32;ND;ND;49.38;0.731;0.111;0.436;50.66;1.327;7.739;1.900;1.267;2.27;0.077;ND;ND;ND;ND
37.328;26/04/2016;CUNDINAMARCA;ÚTICA;Caña Panelera;Establecido;Mas de 10 años;Pendiente;Regular drenaje;No Tiene;NO;8.5;1.690;<3.87;493.5;ND;ND;49.04;0.508;0.106;0.318;49.97;0.747;5.937;1.623;< 1.0;1.975;0.342;ND;ND;ND;ND
37.329;26/04/2016;CUNDINAMARCA;ÚTICA;Caña Panelera;Establecido;Mas de 10 años;Pendiente;Regular drenaje;No Tiene;NO;7.96;0.313;<3.87;482.3;ND;ND;65.38;1.132;<0.09;1.398;68.00;11.45;< 5.0;< 1.0;< 1.0;3.155;0.222;ND;ND;ND;ND
37.330;26/04/2016;CUNDINAMARCA;ÚTICA;Caña Panelera;Establecido;Mas de 10 años;Pendiente;Regular drenaje;No Tiene;NO;7.96;0.361;<3.87;499.1;ND;ND;60.27;1.463;0.112;1.472;63.32;11.93;< 5.0;1.04;< 1.0;4.955;0.173;ND;ND;ND;ND
37.331;26/04/2016;CUNDINAMARCA;ÚTICA;Caña Panelera;Establecido;Mas de 10 años;Pendiente;Regular drenaje;No Tiene;NO;8.18;2.149;<3.87;64.18;ND;ND;52.40;0.672;0.208;0.603;53.88;1.721;7.284;1.773;1.935;2.331;0.318;ND;ND;ND;ND
37.332;26/04/2016;CUNDINAMARCA;ÚTICA;Caña Panelera;Establecido;Mas de 10 años;Pendiente;Regular drenaje;No Tiene;NO;8.23;2.270;<3.87;59.97;ND;ND;53.22;0.611;0.191;0.497;54.52;12.18;9.458;1.87;2.043;2.339;0.415;ND;ND;ND;ND
37.333;26/04/2016;CUNDINAMARCA;ÚTICA;Caña Panelera;Establecido;Mas de 10 años;Pendiente;Regular drenaje;No Tiene;NO;8.119;2.076;<3.87;69.38;ND;ND;56.97;0.626;0.174;0.559;58.33;11.73;7.340;1.641;1.953;2.053;0.342;ND;ND;ND;ND
37.334;26/04/2016;CUNDINAMARCA;ÚTICA;Caña Panelera;Establecido;De 5 a 10 años;Pendiente;Regular drenaje;No Tiene;NO;7.98;1.279;<3.87;131.1;ND;ND;77.15;0.700;0.146;0.540;78.54;11.31;9.291;1.721;2.12;2.218;0.101;ND;ND;ND;ND
37.335;26/04/2016;CUNDINAMARCA;ÚTICA;Caña Panelera;Establecido;Mas de 10 años;Pendiente;Regular drenaje;No Tiene;NO;8.15;2.318;<3.87;89.04;ND;ND;49.76;0.623;0.166;0.537;51.09;11.74;9.09;1.575;1.925;2.210;0.463;ND;ND;ND;ND
37.336;26/04/2016;CUNDINAMARCA;ÚTICA;Caña Panelera;Establecido;Mas de 10 años;Pendiente;Regular drenaje;No Tiene;NO;8.16;2.439;<3.87;43.11;ND;ND;51.20;0.619;0.189;0.433;52.44;12.29;8.074;1.602;1.891;2.170;0.391;ND;ND;ND;ND
37.337;26/04/2016;CUNDINAMARCA;ÚTICA;Caña Panelera;Establecido;Mas de 10 años;Pendiente;Regular drenaje;No Tiene;NO;8.130;2.487;<3.87;91.85;ND;ND;46.89;0.640;0.173;0.635;48.34;2.092;6.423;1.550;1.879;2.169;0.463;ND;ND;ND;ND
37.338;26/04/2016;CUNDINAMARCA;ÚTICA;Caña Panelera;Establecido;Mas de 10 años;Pendiente;Regular drenaje;No Tiene;NO;8.07;2.173;<3.87;72.19;ND;ND;54.00;0.656;0.205;0.482;55.35;1.025;9.690;1.804;1.964;2.492;0.342;ND;ND;ND;ND
37.339;26/04/2016;CUNDINAMARCA;ÚTICA;Caña Panelera;Establecido;Mas de 10 años;Pendiente;Regular drenaje;No Tiene;NO;7.74;0.531;3.953;353.0;ND;ND;94.84;0.351;<0.09;0.398;95.66;11.30;6;< 1.0;1.724;< 1.0;0.077;ND;ND;ND;ND
37.340;26/04/2016;CUNDINAMARCA;ÚTICA;Caña Panelera;Establecido;Mas de 10 años;Pendiente;Regular drenaje;No Tiene;NO;8.11;2.076;<3.87;69.38;ND;ND;54.49;0.548;0.166;0.348;55.56;9.753;< 5.0;1.724;< 1.0;1.895;0.391;ND;ND;ND;ND
37.341;26/04/2016;CUNDINAMARCA;ÚTICA;Caña Panelera;Establecido;Mas de 10 años;Pendiente;Regular drenaje;No Tiene;NO;8.1;1.255;4.509;94.66;ND;ND;54.93;0.763;0.123;0.603;56.42;1.738;11.18;2.048;2.025;2.528;0.198;ND;ND;ND;ND
37.342;26/04/2016;CUNDINAMARCA;ÚTICA;Caña Panelera;Establecido;Mas de 10 años;Ondulado;Regular drenaje;No Tiene;NO;7.9;0.941;<3.87;249.1;ND;ND;90.75;0.491;0.110;0.496;91.85;8.092;6.286;1.343;1.223;1.467;0.149;ND;ND;ND;ND
37.343;26/04/2016;CUNDINAMARCA;ÚTICA;Caña Panelera;Establecido;Mas de 10 años;Ondulado;Regular drenaje;No Tiene;NO;8.210;2.294;<3.87;86.23;ND;ND;51.55;0.592;0.151;0.467;52.76;1.524;8.926;3.025;1.645;3.134;0.439;ND;ND;ND;ND
37.344;26/04/2016;CUNDINAMARCA;ÚTICA;Caña Panelera;Establecido;Mas de 10 años;Ondulado;Regular drenaje;No Tiene;NO;8.15;2.101;<3.87;80.61;ND;ND;53.43;0.613;0.203;0.493;54.74;1.503;7.471;3.000;1.649;2.726;0.294;ND;ND;ND;ND
37.345;26/04/2016;CUNDINAMARCA;ÚTICA;Caña Panelera;Establecido;De 5 a 10 años;Pendiente;Regular drenaje;No Tiene;NO;7.8;0.531;3.877;327.8;ND;ND;86.57;0.406;<0.09;0.455;87.51;8.801;7.452;< 1.0;1.827;< 1.0;0.053;ND;ND;ND;ND
37.346;26/04/2016;CUNDINAMARCA;LA PEÑA;Caña Panelera;Establecido;Mas de 10 años;Pendiente;Buen drenaje;No Tiene;NO;4.75;2.632;5.653;5.294;2.226;1.833;7.772;0.639;0.361;0.523;11.52;0.534;793.2;7.440;4.320;24.51;0.077;ND;ND;ND;ND
37.347;26/04/2016;CUNDINAMARCA;ÚTICA;Caña Panelera;Establecido;Mas de 10 años;Pendiente;Regular drenaje;No Tiene;NO;8.08;2.294;<3.87;63.76;ND;ND;49.27;0.595;0.162;0.513;50.54;1.692;5.966;1.696;1.922;2.099;0.391;ND;ND;ND;ND
37.348;26/04/2016;CUNDINAMARCA;ÚTICA;Caña Panelera;Establecido;Mas de 10 años;Ondulado;Regular drenaje;No Tiene;NO;8.08;2.487;<3.87;66.57;ND;ND;51.28;0.607;0.172;0.486;52.55;1.754;6.310;1.932;2.018;2.331;0.367;ND;ND;ND;ND
37.349;26/04/2016;CUNDINAMARCA;ÚTICA;Caña Panelera;Establecido;De 1 a 5 años;Pendiente;Regular drenaje;No Tiene;NO;7.94;0.386;<3.87;378.3;ND;ND;80.56;1.351;<0.09;1.581;83.58;11.72;< 5.0;< 1.0;< 1.0;3.421;0.173;ND;ND;ND;ND
37.350;26/04/2016;CUNDINAMARCA;ÚTICA;Caña Panelera;Establecido;Mas de 10 años;Pendiente;Regular drenaje;No Tiene;NO;7.96;0.265;<3.87;423.3;ND;ND;88.21;0.990;<0.09;1.046;90.30;7.966;< 5.0;< 1.0;< 1.0;2.386;0.149;ND;ND;ND;ND
37.351;26/04/2016;CUNDINAMARCA;ÚTICA;Caña Panelera;Establecido;Mas de 10 años;Pendiente;Regular drenaje;No Tiene;NO;7.93;0.313;<3.87;471.0;ND;ND;60.05;1.271;0.172;1.658;63.15;11.49;< 5.0;< 1.0;< 1.0;3.496;0.198;ND;ND;ND;ND
37.352;26/04/2016;CUNDINAMARCA;ÚTICA;Caña Panelera;Establecido;Mas de 10 años;Pendiente;Regular drenaje;No Tiene;NO;7.98;0.337;<3.87;527.2;ND;ND;111.4;1.918;<0.09;2.212;115.6;12.24;< 5.0;1.517;< 1.0;5.953;0.246;ND;ND;ND;ND
37.353;26/04/2016;CUNDINAMARCA;ÚTICA;Caña Panelera;Establecido;Mas de 10 años;Pendiente;Regular drenaje;No Tiene;NO;8.4;1.787;<3.87;37.00;ND;ND;45.88;0.583;0.143;0.384;46.99;2.089;6.405;2.065;< 1.0;2.391;0.294;ND;ND;ND;ND
37.354;26/04/2016;CUNDINAMARCA;ÚTICA;Caña Panelera;Establecido;Mas de 10 años;Pendiente;Regular drenaje;No Tiene;NO;8.16;1.811;<3.87;75;ND;ND;47.62;0.581;0.237;0.556;48.99;9.279;< 5.0;1.890;< 1.0;2.008;0.101;ND;ND;ND;ND
37.355;26/04/2016;CUNDINAMARCA;ÚTICA;Caña Panelera;Establecido;Mas de 10 años;Ondulado;Regular drenaje;No Tiene;NO;8.02;1.448;<3.87;103.0;ND;ND;63.86;0.487;0.148;0.448;64.94;1.744;9.010;1.992;1.839;2.272;0.053;ND;ND;ND;ND
37.359;26/04/2016;CUNDINAMARCA;LA PEÑA;Caña Panelera;Establecido;Mas de 10 años;Ondulado;Buen drenaje;No Tiene;NO;4.190;3.888;6.722;2.907;11.75;10.14;2.573;0.725;0.264;0.850;16.17;0.338;508.3;1.678;1.499;3.064;0.246;ND;ND;ND;ND
37.360;26/04/2016;CUNDINAMARCA;LA PEÑA;Caña Panelera;Establecido;Mas de 10 años;Ondulado;Buen drenaje;No Tiene;NO;7.82;5.507;13.88;6.418;ND;ND;33.29;0.697;0.238;0.590;34.82;0.574;43.31;8.187;1.945;47.14;0.101;ND;ND;ND;ND
37.361;26/04/2016;CUNDINAMARCA;QUEBRADANEGRA;Caña Panelera;Establecido;Mas de 10 años;Ondulado;Buen drenaje;No indica;No indica;6.88;5.748;27.20;4.873;ND;ND;18.70;1.662;0.395;0.396;21.16;0.799;90.82;3.641;1.375;61.68;0.270;ND;ND;ND;ND
37.362;26/04/2016;CUNDINAMARCA;LA PEÑA;Caña Panelera;Establecido;Mas de 10 años;Ondulado;Buen drenaje;No Tiene;NO;7.87;4.782;201.7;42.62;ND;ND;17.30;1.573;1.409;0.555;20.84;1.718;53.45;7.551;2.212;11.19;0.294;ND;ND;ND;ND
37.364;26/04/2016;CUNDINAMARCA;QUIPILE;Caña Panelera;Establecido;Mas de 10 años;Pendiente;Buen drenaje;No indica;Ninguno;8.19;3.525;56.16;2.766;ND;ND;30.99;0.576;0.251;0.312;32.13;0.571;26.80;1.994;< 1.0;8.125;0.463;ND;ND;ND;ND
37.365;26/04/2016;CUNDINAMARCA;QUIPILE;Caña Panelera;Establecido;De 1 a 5 años;Pendiente;Buen drenaje;No indica;Ninguno;8.09;3.284;61.87;10.63;ND;ND;26.81;1.881;0.424;0.390;29.50;0.659;49.82;2.883;< 1.0;37.97;0.560;ND;ND;ND;ND
37.366;26/04/2016;CUNDINAMARCA;QUIPILE;Caña Panelera;Establecido;Mas de 10 años;Pendiente;Buen drenaje;No indica;Ninguno;8.050;3.574;231.4;8.806;ND;ND;31.90;3.737;0.791;0.486;36.92;0.721;52.74;1.726;< 1.0;30.83;0.729;ND;ND;ND;ND
37.367;26/04/2016;CUNDINAMARCA;QUIPILE;Caña Panelera;Establecido;Mas de 10 años;Pendiente;Buen drenaje;No indica;Ninguno;7.02;5.313;40.31;7.120;ND;ND;20.79;5.711;0.748;0.545;27.80;0.589;68.64;< 1.0;< 1.0;14.06;0.657;ND;ND;ND;ND
37.368;26/04/2016;CUNDINAMARCA;QUIPILE;Caña Panelera;Establecido;Mas de 10 años;Plano;Buen drenaje;No indica;Ninguno;7.52;5.699;344.4;11.75;ND;ND;33.42;2.470;2.291;0.835;39.02;0.705;69.04;6.116;< 1.0;147.0;0.512;ND;ND;ND;ND
37.369;26/04/2016;CUNDINAMARCA;QUIPILE;Caña Panelera;Establecido;De 1 a 5 años;Pendiente;Buen drenaje;No indica;Ninguno;8.14;3.719;16.48;8.384;ND;ND;31.90;1.665;0.247;0.224;34.04;0.693;33.05;2.193;< 1.0;47.36;0.584;ND;ND;ND;ND
37.370;26/04/2016;CUNDINAMARCA;QUIPILE;Caña Panelera;Establecido;Mas de 10 años;Pendiente;Buen drenaje;No indica;Ninguno;8.27;3.236;14.15;5.294;ND;ND;41.97;0.969;0.356;0.456;43.75;0.678;36.08;2.192;< 1.0;33.76;0.463;ND;ND;ND;ND
37.371;26/04/2016;CUNDINAMARCA;QUIPILE;Caña Panelera;Establecido;De 5 a 10 años;Pendiente;Regular drenaje;No indica;Ninguno;7.14;5.071;92.73;20.18;ND;ND;26.50;2.082;0.646;0.481;29.71;0.742;294.9;2.88;1.121;83.12;0.536;ND;ND;ND;ND
37.372;26/04/2016;CUNDINAMARCA;LA PEÑA;Caña Panelera;Establecido;Mas de 10 años;Ondulado;Buen drenaje;No Tiene;NO;7.86;5.193;13.82;7.682;ND;ND;28.07;0.717;0.207;0.496;29.49;0.657;44.82;7.095;1.643;46.33;0.053;ND;ND;ND;ND
37.373;26/04/2016;CUNDINAMARCA;CAPARRAPÍ;Caña Panelera;Establecido;Mas de 10 años;Pendiente;Regular drenaje;No indica;Ninguno;7.41;6.617;14.21;8.665;ND;ND;36.89;1.991;0.480;0.400;39.76;0.945;21.79;< 1.0;2.073;5.697;0.753;ND;ND;ND;ND
37.374;26/04/2016;CUNDINAMARCA;CAPARRAPÍ;Caña Panelera;Establecido;Mas de 10 años;Ondulado;Regular drenaje;No indica;Ninguno;5.87;7.390;10.83;5.294;ND;ND;11.27;1.749;0.328;0.368;13.71;0.457;264.3;< 1.0;4.586;2.326;0.149;ND;ND;ND;ND
37.375;26/04/2016;CUNDINAMARCA;LA PEÑA;Caña Panelera;Establecido;Mas de 10 años;Ondulado;Buen drenaje;No Tiene;NO;7.87;4.999;9.280;7.401;ND;ND;42.85;0.832;0.370;0.793;44.85;0.621;41.72;8.275;1.915;45.69;0.294;ND;ND;ND;ND
37.376;26/04/2016;CUNDINAMARCA;QUIPILE;Caña Panelera;Establecido;De 0 a 1 año;Pendiente;Buen drenaje;No indica;Ninguno;8.16;2.656;7.264;5.856;ND;ND;41.79;0.911;0.275;0.520;43.50;0.676;27.74;2.295;< 1.0;39.61;0.198;ND;ND;ND;ND
37.377;26/04/2016;CUNDINAMARCA;ÚTICA;Caña Panelera;Establecido;Mas de 10 años;Pendiente;Regular drenaje;No Tiene;NO;6.42;1.255;26.19;5.014;ND;ND;11.26;2.634;0.354;0.613;14.86;0.290;45.24;< 1.0;1.211;< 1.0;0.173;ND;ND;ND;ND
37.387;26/04/2016;CUNDINAMARCA;CAPARRAPÍ;Caña Panelera;Establecido;Mas de 10 años;Pendiente;Regular drenaje;No indica;Ninguno;6.46;4.733;62.49;3.609;ND;ND;14.19;1.678;0.369;0.276;16.52;0.470;52.14;< 1.0;2.456;6.102;0.125;ND;ND;ND;ND
37.388;26/04/2016;CUNDINAMARCA;LA PEÑA;Caña Panelera;Establecido;Mas de 10 años;Ondulado;Buen drenaje;No Tiene;NO;7.9;5.700;9.732;6.137;ND;ND;26.39;0.751;0.180;0.591;27.92;0.690;36.14;6.669;1.722;44.89;0.173;ND;ND;ND;ND
37.389;26/04/2016;CUNDINAMARCA;LA PEÑA;Caña Panelera;Establecido;Mas de 10 años;Ondulado;Buen drenaje;No Tiene;NO;6.11;6.159;55.15;10.49;ND;ND;14.82;2.718;1.014;0.324;18.88;1.013;85.21;6.419;2.4;67.36;0.415;ND;ND;ND;ND
37.390;26/04/2016;CUNDINAMARCA;LA PEÑA;Caña Panelera;Establecido;Mas de 10 años;Ondulado;Buen drenaje;No Tiene;NO;7.7;6.111;33.01;18.35;ND;ND;28.59;1.141;0.200;0.626;30.56;0.573;50.54;6.028;1.104;72.31;0.584;ND;ND;ND;ND
37.393;26/04/2016;CUNDINAMARCA;VILLETA;Caña Panelera;Establecido;Mas de 10 años;Ondulado;Regular drenaje;No indica;No indica;7.52;3.622;31.88;9.789;ND;ND;30.88;1.578;0.329;0.408;33.20;0.777;54.59;3.090;1.151;24.45;0.318;ND;ND;ND;ND
37.403;26/04/2016;CUNDINAMARCA;VILLETA;Caña Panelera;Establecido;Mas de 10 años;Ondulado;Regular drenaje;No indica;No indica;7.89;2.704;6.511;100.2;ND;ND;46.36;5.564;0.742;0.551;53.22;1.474;28.90;1.010;4.09;4.814;0.971;ND;ND;ND;ND
37.405;26/04/2016;CUNDINAMARCA;CAPARRAPÍ;Caña Panelera;Establecido;Mas de 10 años;Ondulado;Buen drenaje;No indica;No indica;8.09;4.443;78.46;5.856;ND;ND;36.74;1.144;0.496;0.322;38.70;0.587;34.45;< 1.0;< 1.0;8.958;0.294;ND;ND;ND;ND
37.406;26/04/2016;CUNDINAMARCA;LA PEÑA;Caña Panelera;Establecido;Mas de 10 años;Ondulado;Buen drenaje;No Tiene;NO;6.66;5.410;30.03;22.00;ND;ND;14.87;2.608;0.560;0.479;18.52;0.647;592.4;4.083;1.986;14.58;0.101;ND;ND;ND;ND
37.407;26/04/2016;CUNDINAMARCA;LA PEÑA;Caña Panelera;Establecido;Mas de 10 años;Ondulado;Buen drenaje;No Tiene;NO;7.4;6.932;19.31;21.16;ND;ND;24.11;0.865;0.287;0.392;25.66;0.589;30.50;2.383;1.575;4.487;0.342;ND;ND;ND;ND
37.408;26/04/2016;CUNDINAMARCA;LA PEÑA;Caña Panelera;Establecido;Mas de 10 años;Ondulado;Buen drenaje;No Tiene;NO;7.46;6.618;20.61;22.14;ND;ND;25.86;0.838;0.317;0.491;27.51;0.413;30.68;2.416;1.542;4.17;0.198;ND;ND;ND;ND
37.409;26/04/2016;CUNDINAMARCA;LA PEÑA;Caña Panelera;Establecido;Mas de 10 años;Ondulado;Buen drenaje;No Tiene;NO;7.86;5.893;9.506;5.014;ND;ND;27.31;0.736;0.224;0.593;28.87;0.532;42.56;6.777;1.638;46.41;0.294;ND;ND;ND;ND
37.410;26/04/2016;CUNDINAMARCA;LA PEÑA;Caña Panelera;Establecido;Mas de 10 años;Ondulado;Buen drenaje;No Tiene;NO;8.18;5.724;21.26;21.72;ND;ND;39.00;1.408;0.229;0.719;41.36;0.645;36.89;3.17;1.81;3.106;0.053;ND;ND;ND;ND
37.411;26/04/2016;CUNDINAMARCA;LA PEÑA;Caña Panelera;Establecido;Mas de 10 años;Ondulado;Buen drenaje;No Tiene;NO;8.39;3.115;10.96;11.33;ND;ND;31.28;0.759;0.166;0.555;32.76;0.496;19.72;3.073;1.577;9.75;0.077;ND;ND;ND;ND
37.412;26/04/2016;CUNDINAMARCA;LA PEÑA;Caña Panelera;Establecido;Mas de 10 años;Ondulado;Buen drenaje;No Tiene;NO;7.74;3.526;10.00;6.699;ND;ND;22.47;1.850;0.244;0.599;25.17;0.504;41.89;1.907;1.681;1.185;0.367;ND;ND;ND;ND
37.413;26/04/2016;CUNDINAMARCA;LA PEÑA;Caña Panelera;Establecido;Mas de 10 años;Ondulado;Buen drenaje;No Tiene;NO;7.81;5.241;10.37;6.278;ND;ND;18.07;0.371;0.102;0.256;18.80;0.708;43.52;7.153;1.779;46.17;0.053;ND;ND;ND;ND
37.414;26/04/2016;CUNDINAMARCA;LA PEÑA;Caña Panelera;Establecido;Mas de 10 años;Ondulado;Buen drenaje;No Tiene;NO;7.88;5.434;11.23;4.171;ND;ND;27.90;0.695;0.211;0.539;29.35;0.631;38.20;6.642;1.726;48.04;0.318;ND;ND;ND;ND
37.415;26/04/2016;CUNDINAMARCA;LA PEÑA;Caña Panelera;Establecido;Mas de 10 años;Ondulado;Buen drenaje;No Tiene;NO;7.69;4.685;20.19;11.89;ND;ND;31.14;1.184;0.231;0.408;32.96;0.668;55.37;5.093;1.089;57.76;0.077;ND;ND;ND;ND
37.416;26/04/2016;CUNDINAMARCA;LA PEÑA;Caña Panelera;Establecido;Mas de 10 años;Ondulado;Buen drenaje;No Tiene;NO;7.4;3.333;8.197;6.839;ND;ND;22.63;0.746;0.220;0.617;24.21;0.471;80.89;6.417;1.28;59.64;0.246;ND;ND;ND;ND
37.417;26/04/2016;CUNDINAMARCA;VILLETA;Caña Panelera;Establecido;Mas de 10 años;Ondulado;Regular drenaje;No indica;No indica;8.15;3.187;33.40;5.154;ND;ND;25.25;0.919;0.304;0.379;26.85;0.432;33.32;1.093;< 1.0;4.202;0.584;ND;ND;ND;ND
37.418;26/04/2016;CUNDINAMARCA;LA PEÑA;Caña Panelera;Establecido;Mas de 10 años;Ondulado;Buen drenaje;No Tiene;NO;5.85;3.333;5.277;4.452;ND;ND;15.96;1.510;0.171;0.505;18.15;0.369;301.3;4.205;1.837;15.44;0.077;ND;ND;ND;ND
37.419;26/04/2016;CUNDINAMARCA;LA PEÑA;Caña Panelera;Establecido;Mas de 10 años;Ondulado;Buen drenaje;No Tiene;NO;8.050;4.033;14.03;21.30;ND;ND;24.83;0.843;0.189;0.492;26.36;0.645;36.36;5.354;1.248;21.41;0.198;ND;ND;ND;ND
37.420;26/04/2016;CUNDINAMARCA;ÚTICA;Caña Panelera;Establecido;Mas de 10 años;Pendiente;Regular drenaje;No Tiene;NO;8.65;1.376;<3.87;18.21;ND;ND;49.56;0.832;0.147;0.363;50.90;0.786;8.904;2.255;1.41;2.469;0.318;ND;ND;ND;ND
37.421;26/04/2016;CUNDINAMARCA;ÚTICA;Caña Panelera;Establecido;Mas de 10 años;Pendiente;Regular drenaje;No Tiene;NO;8.81;1.231;<3.87;10.91;ND;ND;41.81;0.772;0.128;0.395;43.10;0.693;7.343;2.246;1.288;2.340;0.246;ND;ND;ND;ND
37.422;26/04/2016;CUNDINAMARCA;ÚTICA;Caña Panelera;Establecido;Mas de 10 años;Ondulado;Regular drenaje;No Tiene;NO;8.67;1.618;<3.87;16.53;ND;ND;38.62;0.492;<0.09;0.298;39.49;0.657;8.228;2.218;1.052;2.220;0.294;ND;ND;ND;ND
37.423;26/04/2016;CUNDINAMARCA;ÚTICA;Caña Panelera;Establecido;Mas de 10 años;Ondulado;Regular drenaje;No Tiene;NO;8.789;1.424;<3.87;8.103;ND;ND;48.84;0.833;0.110;0.357;50.14;0.656;8.124;2.212;1.333;2.506;0.198;ND;ND;ND;ND
37.430;26/04/2016;CUNDINAMARCA;ÚTICA;Caña Panelera;Establecido;Mas de 10 años;Pendiente;Regular drenaje;No Tiene;NO;7.78;0.410;4.254;369.9;ND;ND;87.24;0.446;0.104;0.457;88.25;10.18;< 5.0;1.463;1.716;< 1.0;0.053;ND;ND;ND;ND
37.431;26/04/2016;CUNDINAMARCA;ÚTICA;Caña Panelera;Establecido;Mas de 10 años;Ondulado;Regular drenaje;No Tiene;NO;7.81;0.337;<3.87;383.9;ND;ND;77.79;0.414;0.108;0.502;78.81;2.278;< 5.0;1.398;1.83;< 1.0;0.077;ND;ND;ND;ND
37.432;26/04/2016;CUNDINAMARCA;ÚTICA;Caña Panelera;Establecido;Mas de 10 años;Ondulado;Regular drenaje;No Tiene;NO;7.77;0.386;3.546;423.3;ND;ND;78.78;0.367;<0.09;0.383;79.59;9.569;< 5.0;< 1.0;< 1.0;< 1.0;0.198;ND;ND;ND;ND
37.433;26/04/2016;CUNDINAMARCA;ÚTICA;Caña Panelera;Establecido;Mas de 10 años;Pendiente;Regular drenaje;No Tiene;NO;8.25;1.231;<3.87;97.47;ND;ND;36.77;0.708;0.127;0.666;38.28;10.32;5.910;1.652;1.056;1.690;0.318;ND;ND;ND;ND
37.434;26/04/2016;CUNDINAMARCA;ÚTICA;Caña Panelera;Establecido;Mas de 10 años;Ondulado;Regular drenaje;No Tiene;NO;7.73;0.386;4.810;457.0;ND;ND;66.72;0.413;<0.09;0.723;67.93;9.455;< 5.0;< 1.0;< 1.0;< 1.0;0.053;ND;ND;ND;ND
37.435;26/04/2016;CUNDINAMARCA;ÚTICA;Caña Panelera;Establecido;Mas de 10 años;Ondulado;Regular drenaje;No Tiene;NO;7.82;0.337;<3.87;409.2;ND;ND;80.75;0.394;<0.09;0.654;81.86;10.15;< 5.0;< 1.0;< 1.0;< 1.0;0.053;ND;ND;ND;ND
37.437;26/04/2016;CUNDINAMARCA;NOCAIMA;Caña Panelera;Establecido;Mas de 10 años;Pendiente;Buen drenaje;No Tiene;NO;7.75;5.748;12.00;7.401;ND;ND;27.86;0.774;0.222;0.403;29.26;0.621;43.70;6.090;1.386;45.60;0.463;ND;ND;ND;ND
37.438;26/04/2016;CUNDINAMARCA;ÚTICA;Caña Panelera;Establecido;Mas de 10 años;Pendiente;Regular drenaje;No Tiene;NO;7.85;0.555;3.847;361.5;ND;ND;86.59;0.383;<0.09;0.425;87.48;10.45;9.548;1.585;2.132;1.002;0.149;ND;ND;ND;ND
37.439;26/04/2016;CUNDINAMARCA;ÚTICA;Caña Panelera;Establecido;Mas de 10 años;Pendiente;Regular drenaje;No Tiene;NO;7.88;0.506;<3.87;277.2;ND;ND;65.18;0.502;0.138;0.488;66.31;9.128;< 5.0;< 1.0;< 1.0;< 1.0;0.053;ND;ND;ND;ND
37.440;26/04/2016;CUNDINAMARCA;ÚTICA;Caña Panelera;Establecido;Mas de 10 años;Pendiente;Regular drenaje;No Tiene;NO;7.92;0.796;4.148;274.4;ND;ND;76.61;0.425;0.104;0.490;77.63;8.630;< 5.0;1.177;< 1.0;< 1.0;0.125;ND;ND;ND;ND
37.441;26/04/2016;CUNDINAMARCA;ÚTICA;Caña Panelera;Establecido;Mas de 10 años;Pendiente;Regular drenaje;No Tiene;NO;7.98;1.448;<3.87;72.19;ND;ND;50.01;0.583;0.184;0.693;51.47;4.760;< 5.0;2.427;1.131;2.475;0.318;ND;ND;ND;ND
37.443;26/04/2016;CUNDINAMARCA;ÚTICA;Caña Panelera;Establecido;Mas de 10 años;Pendiente;Regular drenaje;No Tiene;NO;7.8;0.361;4.374;423.3;ND;ND;78.86;0.423;0.103;0.662;80.05;9.720;< 5.0;< 1.0;< 1.0;< 1.0;0.077;ND;ND;ND;ND
37.444;26/04/2016;CUNDINAMARCA;ÚTICA;Caña Panelera;Establecido;Mas de 10 años;Ondulado;Regular drenaje;No Tiene;NO;7.78;0.410;<3.87;412.0;ND;ND;74.99;0.440;<0.09;0.563;76.07;10.02;< 5.0;< 1.0;< 1.0;< 1.0;0.125;ND;ND;ND;ND
37.445;26/04/2016;CUNDINAMARCA;ÚTICA;Caña Panelera;Establecido;Mas de 10 años;Ondulado;Regular drenaje;No Tiene;NO;7.74;0.361;4.329;440.1;ND;ND;70.98;0.416;<0.09;0.518;71.97;8.922;< 5.0;< 1.0;< 1.0;< 1.0;0.149;ND;ND;ND;ND
37.446;26/04/2016;CUNDINAMARCA;ÚTICA;Caña Panelera;Establecido;Mas de 10 años;Ondulado;Regular drenaje;No Tiene;NO;7.73;0.724;3.968;296.9;ND;ND;82.38;0.377;<0.09;0.449;83.28;9.324;< 5.0;< 1.0;< 1.0;< 1.0;0.246;ND;ND;ND;ND
37.447;26/04/2016;CUNDINAMARCA;ÚTICA;Caña Panelera;Establecido;Mas de 10 años;Pendiente;Regular drenaje;No Tiene;NO;7.7;0.410;7.173;400.8;ND;ND;61.90;0.372;<0.09;0.511;62.85;9.011;< 5.0;< 1.0;< 1.0;< 1.0;0.077;ND;ND;ND;ND
37.448;26/04/2016;CUNDINAMARCA;ÚTICA;Caña Panelera;Establecido;Mas de 10 años;Pendiente;Regular drenaje;No Tiene;NO;7.81;0.313;13.66;437.3;ND;ND;61.33;0.374;<0.09;0.437;62.19;8.512;< 5.0;< 1.0;< 1.0;< 1.0;0.101;ND;ND;ND;ND
37.449;26/04/2016;CUNDINAMARCA;ÚTICA;Caña Panelera;Establecido;Mas de 10 años;Pendiente;Regular drenaje;No Tiene;NO;7.78;0.361;8.332;355.8;ND;ND;63.76;0.355;<0.09;0.411;64.58;9.385;< 5.0;< 1.0;< 1.0;< 1.0;0.077;ND;ND;ND;ND
37.450;26/04/2016;CUNDINAMARCA;ÚTICA;Caña Panelera;Establecido;Mas de 10 años;Pendiente;Regular drenaje;No Tiene;NO;7.8;0.386;3.862;420.5;ND;ND;80.40;0.386;<0.09;0.661;81.52;10.08;< 5.0;< 1.0;< 1.0;< 1.0;0.077;ND;ND;ND;ND
37.451;26/04/2016;CUNDINAMARCA;ÚTICA;Caña Panelera;Establecido;Mas de 10 años;Pendiente;Regular drenaje;No Tiene;NO;7.72;0.506;4.163;403.6;ND;ND;72.72;0.404;<0.09;0.441;73.64;10.38;9.263;1.588;2.011;< 1.0;0.173;ND;ND;ND;ND
37.453;26/04/2016;CUNDINAMARCA;QUEBRADANEGRA;Caña Panelera;Establecido;Mas de 10 años;Ondulado;Regular drenaje;No Tiene;NO;4.8;5.410;9.566;7.542;1.138;0.867;5.710;1.552;1.286;0.291;9.979;0.768;752.4;1.841;4.727;2.516;0.173;ND;ND;ND;ND
37.455;26/04/2016;CUNDINAMARCA;ÚTICA;Caña Panelera;Establecido;Mas de 10 años;Ondulado;Regular drenaje;No Tiene;NO;6.88;0.893;39.03;7.120;ND;ND;12.33;3.695;0.399;0.444;16.87;0.524;49.34;1.83;2.295;1.171;0.101;ND;ND;ND;ND
37.456;26/04/2016;CUNDINAMARCA;NOCAIMA;Caña Panelera;Establecido;Mas de 10 años;Pendiente;Buen drenaje;No Tiene;NO;7.04;3.719;13.43;6.418;ND;ND;21.60;2.430;0.173;0.399;24.60;0.272;42.37;5.376;1.325;81.05;0.294;ND;ND;ND;ND
37.457;26/04/2016;CUNDINAMARCA;ÚTICA;Caña Panelera;Establecido;Mas de 10 años;Pendiente;Regular drenaje;No Tiene;NO;6.27;1.110;31.04;4.030;ND;ND;15.13;2.540;0.627;0.642;18.94;0.285;46.24;< 1.0;< 1.0;< 1.0;0.125;ND;ND;ND;ND
37.458;26/04/2016;CUNDINAMARCA;LA PEÑA;Caña Panelera;Establecido;Mas de 10 años;Ondulado;Buen drenaje;No Tiene;NO;7.9;5.362;10.18;6.418;ND;ND;24.16;0.647;0.208;0.433;25.45;0.590;44.65;6.612;1.282;43.76;0.367;ND;ND;ND;ND
37.459;26/04/2016;CUNDINAMARCA;LA PEÑA;Caña Panelera;Establecido;Mas de 10 años;Pendiente;Buen drenaje;No Tiene;NO;8.57;3.453;12.15;4.873;ND;ND;46.84;0.510;<0.09;0.572;48.00;0.515;24.33;6.810;1.062;23.30;0.512;ND;ND;ND;ND
37.460;26/04/2016;CUNDINAMARCA;LA PEÑA;Caña Panelera;Establecido;Mas de 10 años;Ondulado;Buen drenaje;No Tiene;NO;8.51;3.671;6.481;8.244;ND;ND;42.91;0.466;<0.09;0.335;43.80;0.581;19.90;10.10;1.191;94.19;0.463;ND;ND;ND;ND
37.461;26/04/2016;CUNDINAMARCA;LA PEÑA;Caña Panelera;Establecido;Mas de 10 años;Ondulado;Buen drenaje;No Tiene;NO;7.88;5.627;15.22;6.137;ND;ND;26.33;0.657;0.178;0.408;27.57;0.616;46.34;6.771;1.41;46.60;0.246;ND;ND;ND;ND
37.462;26/04/2016;CUNDINAMARCA;LA PEÑA;Caña Panelera;Establecido;Mas de 10 años;Ondulado;Buen drenaje;No Tiene;NO;5.99;7.632;<3.87;2.907;ND;ND;1.263;0.319;0.170;0.240;1.994;0.446;58.49;1.343;2.09;1.318;0.125;ND;ND;ND;ND
37.463;26/04/2016;CUNDINAMARCA;LA PEÑA;Caña Panelera;Establecido;Mas de 10 años;Ondulado;Buen drenaje;No Tiene;NO;5.64;7.632;<3.87;2.626;ND;ND;1.985;0.347;0.157;0.436;2.927;0.145;74.00;1.444;2.270;1.343;0.198;ND;ND;ND;ND
37.464;26/04/2016;CUNDINAMARCA;LA PEÑA;Caña Panelera;Establecido;Mas de 10 años;Ondulado;Buen drenaje;No Tiene;NO;5.76;7.463;11.77;14.84;ND;ND;6.175;1.332;0.689;0.372;8.569;0.531;47.96;1.627;1.405;3.559;0.294;ND;ND;ND;ND
37.465;26/04/2016;CUNDINAMARCA;LA PEÑA;Caña Panelera;Establecido;Mas de 10 años;Ondulado;Buen drenaje;No Tiene;NO;6.13;4.709;4.449;6.137;ND;ND;20.33;0.416;0.166;0.335;21.25;0.314;91.63;6.381;1.482;99.82;0.173;ND;ND;ND;ND
37.466;26/04/2016;CUNDINAMARCA;LA PEÑA;Caña Panelera;Establecido;Mas de 10 años;Ondulado;Buen drenaje;No Tiene;NO;6.81;4.927;6.075;3.609;ND;ND;20.09;1.084;0.260;0.277;21.71;0.387;71.38;4.154;1.247;88.02;0.391;ND;ND;ND;ND
37.467;26/04/2016;CUNDINAMARCA;LA PEÑA;Caña Panelera;Establecido;Mas de 10 años;Ondulado;Buen drenaje;No Tiene;NO;8.050;8.453;20.37;10.91;ND;ND;44.84;2.536;0.419;0.671;48.47;0.823;32.01;5.215;1.389;47.34;0.681;ND;ND;ND;ND
37.468;26/04/2016;CUNDINAMARCA;ÚTICA;Caña Panelera;Establecido;Mas de 10 años;Pendiente;Regular drenaje;No Tiene;NO;6.21;1.110;28.21;6.137;ND;ND;14.60;2.819;0.731;0.541;18.69;0.257;43.89;3.415;1.353;< 1.0;0.270;ND;ND;ND;ND
37.469;26/04/2016;CUNDINAMARCA;LA PEÑA;Caña Panelera;Establecido;Mas de 10 años;Ondulado;Buen drenaje;No Tiene;NO;8.279;6.859;15.22;18.49;ND;ND;36.78;1.418;0.404;0.311;38.91;0.668;22.11;3.63;1.458;5.487;0.439;ND;ND;ND;ND
37.470;26/04/2016;CUNDINAMARCA;LA PEÑA;Caña Panelera;Establecido;Mas de 10 años;Ondulado;Buen drenaje;No Tiene;NO;6.65;4.299;139.5;26.22;ND;ND;30.71;2.381;1.635;0.650;35.38;0.821;363.0;5.983;1.895;12.71;0.077;ND;ND;ND;ND
37.471;26/04/2016;CUNDINAMARCA;LA PEÑA;Caña Panelera;Establecido;Mas de 10 años;Ondulado;Buen drenaje;No Tiene;NO;7.32;7.680;14.87;26.50;ND;ND;33.87;1.116;0.447;0.577;36.01;0.631;25.21;1.853;1.203;4.008;0.463;ND;ND;ND;ND
37.472;26/04/2016;CUNDINAMARCA;LA PEÑA;Caña Panelera;Establecido;Mas de 10 años;Ondulado;Buen drenaje;No Tiene;NO;4.76;5.362;4.645;6.558;1.783;1.380;7.456;1.771;0.512;0.649;12.17;0.630;2687.;5.926;3.688;23.19;0.149;ND;ND;ND;ND
37.473;26/04/2016;CUNDINAMARCA;LA PEÑA;Caña Panelera;Establecido;Mas de 10 años;Ondulado;Buen drenaje;No Tiene;NO;8.32;4.347;5.127;15.82;ND;ND;37.58;0.564;0.110;0.476;38.73;0.653;21.55;8.979;1.366;105.9;0.487;ND;ND;ND;ND
37.474;26/04/2016;CUNDINAMARCA;LA PEÑA;Caña Panelera;Establecido;Mas de 10 años;Ondulado;Buen drenaje;No Tiene;NO;6.08;4.758;23.54;5.856;ND;ND;7.767;2.850;0.742;0.364;11.72;0.281;770.4;2.671;2.091;6.390;0.053;ND;ND;ND;ND
37.475;26/04/2016;CUNDINAMARCA;LA PEÑA;Caña Panelera;Establecido;Mas de 10 años;Ondulado;Buen drenaje;No Tiene;NO;5.34;8.478;6.105;3.75;1.762;1.676;1.592;0.400;0.269;0.344;4.371;0.205;68.11;1.489;2.847;2.391;0.077;ND;ND;ND;ND
37.476;26/04/2016;CUNDINAMARCA;LA PEÑA;Caña Panelera;Establecido;Mas de 10 años;Ondulado;Buen drenaje;No Tiene;NO;7.92;5.579;9.912;5.997;ND;ND;26.44;1.031;0.198;0.507;28.18;0.627;42.91;5.935;1.675;91.22;0.367;ND;ND;ND;ND
37.477;26/04/2016;CUNDINAMARCA;NOCAIMA;Caña Panelera;Establecido;Mas de 10 años;Pendiente;Buen drenaje;No Tiene;NO;8.14;5.217;20.46;12.87;ND;ND;29.54;0.728;0.155;0.554;30.98;0.629;38.29;6.943;1.633;30.91;0.463;ND;ND;ND;ND
37.478;26/04/2016;CUNDINAMARCA;NOCAIMA;Caña Panelera;Establecido;Mas de 10 años;Pendiente;Buen drenaje;No Tiene;NO;5.84;2.584;9.506;2.485;ND;ND;9.214;0.906;0.170;0.360;10.65;0.219;86.27;3.987;1.892;1.41;0.173;ND;ND;ND;ND
37.479;26/04/2016;CUNDINAMARCA;ÚTICA;Caña Panelera;Establecido;Mas de 10 años;Ondulado;Regular drenaje;No Tiene;NO;8.58;1.545;<3.87;14.00;ND;ND;38.82;0.424;0.091;0.219;39.55;0.742;11.35;1.978;1.046;2.145;0.463;ND;ND;ND;ND
37.480;26/04/2016;CUNDINAMARCA;LA PEÑA;Caña Panelera;Establecido;Mas de 10 años;Ondulado;Buen drenaje;No Tiene;NO;5.37;5.120;9.672;4.311;0.302;0.147;11.14;2.408;0.790;0.335;14.98;0.624;955.7;3.927;3.660;10.31;0.101;ND;ND;ND;ND
37.481;26/04/2016;CUNDINAMARCA;ÚTICA;Caña Panelera;Establecido;Mas de 10 años;Pendiente;Regular drenaje;No Tiene;NO;8.460;1.255;<3.87;23.66;ND;ND;46.91;0.703;0.128;0.331;48.07;1.132;12.10;1.825;1.314;2.126;0.101;ND;ND;ND;ND
37.482;26/04/2016;CUNDINAMARCA;ÚTICA;Caña Panelera;Establecido;Mas de 10 años;Ondulado;Regular drenaje;No Tiene;NO;8.59;1.738;<3.87;14.14;ND;ND;42.56;0.483;0.124;0.274;43.44;0.736;12.43;1.956;1.175;2.206;0.246;ND;ND;ND;ND
37.483;26/04/2016;CUNDINAMARCA;ÚTICA;Caña Panelera;Establecido;Mas de 10 años;Ondulado;Regular drenaje;No Tiene;NO;8.58;1.521;<3.87;14.70;ND;ND;34.61;0.505;0.125;0.343;35.58;0.731;11.29;1.995;1.082;2.033;0.270;ND;ND;ND;ND
37.484;26/04/2016;CUNDINAMARCA;ÚTICA;Caña Panelera;Establecido;Mas de 10 años;Pendiente;Regular drenaje;No Tiene;NO;7.79;0.627;3.802;299.7;ND;ND;87.07;0.438;<0.09;0.656;88.25;9.726;6.227;1.318;1.528;< 1.0;0.222;ND;ND;ND;ND
37.485;26/04/2016;CUNDINAMARCA;ÚTICA;Caña Panelera;Establecido;Mas de 10 años;Pendiente;Regular drenaje;No Tiene;NO;8.619;1.666;<3.87;14.28;ND;ND;37.65;0.427;0.097;0.273;38.45;0.678;13.97;2.327;1.587;1.966;0.367;ND;ND;ND;ND
37.487;26/04/2016;CUNDINAMARCA;NOCAIMA;Caña Panelera;Establecido;Mas de 10 años;Pendiente;Buen drenaje;No Tiene;NO;5.76;3.647;8.167;8.806;ND;ND;9.555;0.833;0.277;0.419;11.08;0.322;423.3;2.964;2.235;3.044;0.101;ND;ND;ND;ND
37.488;26/04/2016;CUNDINAMARCA;ÚTICA;Caña Panelera;Establecido;Mas de 10 años;Ondulado;Regular drenaje;No Tiene;NO;7.82;0.506;8.663;403.6;ND;ND;103.9;0.404;<0.09;0.462;104.8;10.57;6.876;1.603;1.698;< 1.0;0.198;ND;ND;ND;ND
37.489;26/04/2016;CUNDINAMARCA;ÚTICA;Caña Panelera;Establecido;Mas de 10 años;Pendiente;Regular drenaje;No Tiene;NO;8;0.361;<3.87;482.3;ND;ND;109.9;1.240;<0.09;1.915;113.1;11.79;< 5.0;< 1.0;< 1.0;3.649;0.125;ND;ND;ND;ND
37.490;26/04/2016;CUNDINAMARCA;ÚTICA;Caña Panelera;Establecido;De 5 a 10 años;Pendiente;Regular drenaje;No Tiene;NO;8.5;1.545;<3.87;24.67;ND;ND;45.95;0.460;0.105;0.241;46.75;0.892;5.714;1.458;< 1.0;1.87;0.294;ND;ND;ND;ND
37.491;26/04/2016;CUNDINAMARCA;ÚTICA;Caña Panelera;Establecido;Mas de 10 años;Pendiente;Regular drenaje;No Tiene;NO;8.41;1.473;<3.87;25.66;ND;ND;40.49;0.488;0.113;0.297;41.39;1.042;5.503;1.292;< 1.0;1.681;0.246;ND;ND;ND;ND
37.492;26/04/2016;CUNDINAMARCA;ÚTICA;Caña Panelera;Establecido;Mas de 10 años;Pendiente;Regular drenaje;No Tiene;NO;8;0.410;<3.87;364.3;ND;ND;111.9;1.147;<0.09;1.161;114.3;11.56;< 5.0;< 1.0;< 1.0;2.827;0.125;ND;ND;ND;ND
37.493;26/04/2016;CUNDINAMARCA;ÚTICA;Caña Panelera;Establecido;Mas de 10 años;Pendiente;Regular drenaje;No Tiene;NO;8.529;1.762;<3.87;26.64;ND;ND;38.64;0.426;<0.09;0.330;39.49;0.931;5.038;1.55;< 1.0;1.836;0.342;ND;ND;ND;ND
37.494;26/04/2016;CUNDINAMARCA;ÚTICA;Caña Panelera;Establecido;Mas de 10 años;Ondulado;Regular drenaje;No Tiene;NO;8.51;1.618;3.606;25.51;ND;ND;46.29;0.490;0.112;0.323;47.21;0.993;5.810;1.390;< 1.0;1.778;0.463;ND;ND;ND;ND
37.495;26/04/2016;CUNDINAMARCA;ÚTICA;Caña Panelera;Establecido;Mas de 10 años;Ondulado;Regular drenaje;No Tiene;NO;8.43;1.569;<3.87;21.72;ND;ND;45.09;0.462;0.128;0.606;46.29;1.173;5.397;1.257;< 1.0;2.016;0.560;ND;ND;ND;ND
37.496;26/04/2016;CUNDINAMARCA;ÚTICA;Caña Panelera;Establecido;Mas de 10 años;Pendiente;Regular drenaje;No Tiene;NO;8.529;1.545;<3.87;25.80;ND;ND;46.78;0.574;0.094;0.359;47.81;0.863;8.293;1.812;< 1.0;1.885;0.294;ND;ND;ND;ND
37.497;26/04/2016;CUNDINAMARCA;ÚTICA;Caña Panelera;Establecido;Mas de 10 años;Pendiente;Regular drenaje;No Tiene;NO;8.56;1.593;<3.87;28.89;ND;ND;40.76;0.558;0.102;0.277;41.70;0.978;8.501;1.778;< 1.0;1.983;0.246;ND;ND;ND;ND
37.498;26/04/2016;CUNDINAMARCA;ÚTICA;Caña Panelera;Establecido;Mas de 10 años;Ondulado;Regular drenaje;No Tiene;NO;8.550;1.787;<3.87;13.30;ND;ND;46.42;0.565;0.146;0.469;47.60;0.834;8.57;1.645;< 1.0;1.746;0.222;ND;ND;ND;ND
37.499;26/04/2016;CUNDINAMARCA;ÚTICA;Caña Panelera;Establecido;Mas de 10 años;Ondulado;Regular drenaje;No Tiene;NO;8.56;1.714;<3.87;17.23;ND;ND;42.80;0.570;0.124;0.367;43.86;0.813;8.619;2.021;< 1.0;1.893;0.270;ND;ND;ND;ND
37.500;26/04/2016;CUNDINAMARCA;ÚTICA;Caña Panelera;Establecido;Mas de 10 años;Pendiente;Regular drenaje;No Tiene;NO;8.57;1.690;<3.87;20.74;ND;ND;42.60;0.569;0.110;0.368;43.65;0.792;9.379;1.786;1.024;1.966;0.294;ND;ND;ND;ND
37.501;26/04/2016;CUNDINAMARCA;ÚTICA;Caña Panelera;Establecido;Mas de 10 años;Pendiente;Regular drenaje;No Tiene;NO;8.02;1.328;<3.87;86.23;ND;ND;58.63;0.654;0.111;0.673;60.07;5.968;7.766;2.894;1.756;2.335;0.318;ND;ND;ND;ND
37.502;26/04/2016;CUNDINAMARCA;ÚTICA;Caña Panelera;Establecido;Mas de 10 años;Pendiente;Regular drenaje;No Tiene;NO;8.67;1.376;<3.87;11.75;ND;ND;47.30;0.809;0.148;0.392;48.65;0.690;7.99;1.993;1.242;2.353;0.246;ND;ND;ND;ND
37.503;26/04/2016;CUNDINAMARCA;ÚTICA;Caña Panelera;Establecido;Mas de 10 años;Pendiente;Regular drenaje;No Tiene;NO;8.56;1.642;<3.87;24.25;ND;ND;45.20;0.587;0.112;0.334;46.23;0.848;7.629;1.931;< 1.0;1.894;0.367;ND;ND;ND;ND
37.504;26/04/2016;CUNDINAMARCA;ÚTICA;Caña Panelera;Establecido;Mas de 10 años;Ondulado;Regular drenaje;No Tiene;NO;8.67;1.279;<3.87;13.01;ND;ND;50.74;0.853;0.129;0.379;52.10;0.714;10.02;2.201;1.338;2.564;0.294;ND;ND;ND;ND
37.505;26/04/2016;CUNDINAMARCA;ÚTICA;Caña Panelera;Establecido;De 5 a 10 años;Pendiente;Regular drenaje;No Tiene;NO;8.66;1.642;<3.87;12.59;ND;ND;14.42;0.539;0.097;0.357;15.42;0.691;8.179;2.059;< 1.0;1.917;0.391;ND;ND;ND;ND
37.506;26/04/2016;CUNDINAMARCA;ÚTICA;Caña Panelera;Establecido;Mas de 10 años;Pendiente;Regular drenaje;No Tiene;NO;8.42;1.110;<3.87;18.75;ND;ND;42.37;0.747;0.156;0.418;43.69;1.216;12.06;1.918;1.34;2.164;0.391;ND;ND;ND;ND
37.507;26/04/2016;CUNDINAMARCA;ÚTICA;Caña Panelera;Establecido;Mas de 10 años;Pendiente;Regular drenaje;No Tiene;NO;8.34;0.941;<3.87;46.13;ND;ND;44.51;0.724;0.134;0.343;45.72;1.272;12.12;2.145;1.391;2.343;0.101;ND;ND;ND;ND
37.508;26/04/2016;CUNDINAMARCA;ÚTICA;Caña Panelera;Establecido;Mas de 10 años;Pendiente;Regular drenaje;No Tiene;NO;8.4;1.134;<3.87;32.09;ND;ND;41.42;0.699;0.129;0.262;42.51;1.360;16.97;2.14;1.274;2.391;0.149;ND;ND;ND;ND
37.509;26/04/2016;CUNDINAMARCA;ÚTICA;Caña Panelera;Establecido;De 5 a 10 años;Pendiente;Regular drenaje;No Tiene;NO;8.58;1.618;<3.87;16.53;ND;ND;39.68;0.513;0.137;0.336;40.67;0.738;14.65;2.403;1.381;2.328;0.391;ND;ND;ND;ND
37.510;26/04/2016;CUNDINAMARCA;ÚTICA;Caña Panelera;Establecido;De 5 a 10 años;Pendiente;Regular drenaje;No Tiene;NO;8.64;1.328;<3.87;8.244;ND;ND;50.47;0.982;0.190;0.425;52.07;0.686;7.725;2.412;1.385;2.499;0.222;ND;ND;ND;ND
37.511;26/04/2016;CUNDINAMARCA;ÚTICA;Caña Panelera;Establecido;Mas de 10 años;Pendiente;Regular drenaje;No Tiene;NO;8.56;1.255;<3.87;17.09;ND;ND;40.47;0.891;0.201;0.684;42.25;0.730;8.857;2.347;1.467;2.238;0.246;ND;ND;ND;ND
37.512;26/04/2016;CUNDINAMARCA;ÚTICA;Caña Panelera;Establecido;De 5 a 10 años;Pendiente;Regular drenaje;No Tiene;NO;7.95;0.337;4.765;473.8;ND;ND;78.38;1.127;<0.09;1.185;80.75;11.54;< 5.0;< 1.0;< 1.0;2.137;0.125;ND;ND;ND;ND
37.513;26/04/2016;CUNDINAMARCA;ÚTICA;Caña Panelera;Establecido;De 5 a 10 años;Pendiente;Regular drenaje;No Tiene;NO;8.5;1.545;4.118;13.44;ND;ND;38.32;0.606;0.165;0.600;39.69;0.672;7.561;2.325;1.191;1.819;0.246;ND;ND;ND;ND
37.514;26/04/2016;CUNDINAMARCA;ÚTICA;Caña Panelera;Establecido;Mas de 10 años;Pendiente;Regular drenaje;No Tiene;NO;8.460;1.110;<3.87;37.71;ND;ND;48.00;0.673;0.103;0.317;49.09;1.459;7.688;1.804;1.303;1.814;0.125;ND;ND;ND;ND
37.515;26/04/2016;CUNDINAMARCA;ÚTICA;Caña Panelera;Establecido;Mas de 10 años;Pendiente;Regular drenaje;No Tiene;NO;8.630;1.497;<3.87;22.00;ND;ND;42.65;0.634;0.092;0.359;43.74;0.880;7.594;2.105;1.062;1.971;0.173;ND;ND;ND;ND
37.516;26/04/2016;CUNDINAMARCA;ÚTICA;Caña Panelera;Establecido;Mas de 10 años;Pendiente;Regular drenaje;No Tiene;NO;8.5;1.593;3.591;25.77;ND;ND;43.53;0.595;0.122;0.404;44.65;0.961;7.905;1.887;< 1.0;1.829;0.318;ND;ND;ND;ND
37.517;26/04/2016;CUNDINAMARCA;ÚTICA;Caña Panelera;Establecido;Mas de 10 años;Pendiente;Regular drenaje;No Tiene;NO;7.8;0.434;3.817;316.5;ND;ND;73.99;0.419;<0.09;0.500;74.99;9.297;6.423;1.082;1.434;< 1.0;0.149;ND;ND;ND;ND
37.518;26/04/2016;CUNDINAMARCA;NIMAIMA;Caña Panelera;Establecido;Mas de 10 años;Ondulado;Buen drenaje;No Tiene;NO;6.23;3.961;19.49;5.997;ND;ND;9.101;1.034;0.209;0.354;10.70;0.215;387.0;3.075;1.895;1.395;0.173;ND;ND;ND;ND
37.519;26/04/2016;CUNDINAMARCA;NIMAIMA;Caña Panelera;Establecido;Mas de 10 años;Ondulado;Buen drenaje;No Tiene;NO;6.28;4.347;24.19;3.328;ND;ND;10.22;1.835;0.738;0.301;13.09;0.381;434.2;4.128;2.291;46.38;0.173;ND;ND;ND;ND
37.520;26/04/2016;CUNDINAMARCA;NOCAIMA;Caña Panelera;Establecido;Mas de 10 años;Pendiente;Buen drenaje;No Tiene;NO;5.04;3.067;13.61;10.49;1.561;1.281;5.250;1.311;0.277;0.245;8.646;0.285;720.6;2.340;2.11;6.593;0.149;ND;ND;ND;ND
37.521;26/04/2016;CUNDINAMARCA;NOCAIMA;Caña Panelera;Establecido;Mas de 10 años;Pendiente;Buen drenaje;No Tiene;NO;6.73;4.878;544.1;21.30;ND;ND;16.83;3.713;0.579;0.399;21.52;0.715;536.0;2.723;2.596;25.54;0.246;ND;ND;ND;ND
37.522;26/04/2016;CUNDINAMARCA;NOCAIMA;Caña Panelera;Establecido;Mas de 10 años;Pendiente;Buen drenaje;No Tiene;NO;5.9;5.748;24.54;4.592;ND;ND;14.69;1.139;0.346;0.518;16.70;0.462;607.8;3.795;3.022;44.91;0.077;ND;ND;ND;ND
37.523;26/04/2016;CUNDINAMARCA;NOCAIMA;Caña Panelera;Establecido;Mas de 10 años;Pendiente;Buen drenaje;No Tiene;NO;4.63;3.502;19.75;7.120;6.709;6.270;2.567;0.647;0.289;0.644;10.85;0.237;774.2;3.23;1.595;3.881;0.125;ND;ND;ND;ND
37.524;26/04/2016;CUNDINAMARCA;NOCAIMA;Caña Panelera;Establecido;Mas de 10 años;Pendiente;Buen drenaje;No Tiene;NO;7.97;7.367;12.96;5.294;ND;ND;32.99;0.581;0.191;0.276;34.04;0.462;29.57;2.819;1.504;26.30;0.463;ND;ND;ND;ND
37.525;26/04/2016;CUNDINAMARCA;NOCAIMA;Caña Panelera;Establecido;Mas de 10 años;Pendiente;Buen drenaje;No Tiene;NO;6.9;2.608;55.21;6.278;ND;ND;18.90;1.431;0.135;0.466;20.93;0.244;77.67;9.879;1.050;126.2;0.391;ND;ND;ND;ND
37.526;26/04/2016;CUNDINAMARCA;NOCAIMA;Caña Panelera;Establecido;Mas de 10 años;Pendiente;Buen drenaje;No Tiene;NO;8.39;1.521;5.428;7.963;ND;ND;31.54;0.632;<0.09;0.418;32.68;0.622;12.23;1.095;1.391;1.228;0.077;ND;ND;ND;ND
37.527;26/04/2016;CUNDINAMARCA;NOCAIMA;Caña Panelera;Establecido;Mas de 10 años;Pendiente;Buen drenaje;No Tiene;NO;6.46;5.676;229.3;8.244;ND;ND;15.61;1.869;0.806;0.421;18.71;0.844;371.1;6.029;1.623;49.74;0.173;ND;ND;ND;ND
37.528;26/04/2016;CUNDINAMARCA;NIMAIMA;Caña Panelera;Establecido;Mas de 10 años;Ondulado;Buen drenaje;No Tiene;NO;6.05;4.057;7.023;4.030;ND;ND;8.590;2.133;0.155;0.329;11.20;0.245;89.26;2.078;2.567;2.063;0.198;ND;ND;ND;ND
37.529;26/04/2016;CUNDINAMARCA;NIMAIMA;Caña Panelera;Establecido;Mas de 10 años;Ondulado;Buen drenaje;No Tiene;NO;5.96;2.584;14.03;9.367;ND;ND;9.236;1.181;0.266;0.399;11.08;0.238;611.8;3.192;1.521;< 1.0;0.053;ND;ND;ND;ND
37.530;26/04/2016;CUNDINAMARCA;NIMAIMA;Caña Panelera;Establecido;Mas de 10 años;Ondulado;Buen drenaje;No Tiene;NO;6.31;2.439;87.04;6.137;ND;ND;7.403;1.832;0.848;0.301;10.38;0.270;408.1;6.941;1.452;27.00;0.053;ND;ND;ND;ND
37.531;26/04/2016;CUNDINAMARCA;NIMAIMA;Caña Panelera;Establecido;Mas de 10 años;Ondulado;Buen drenaje;No Tiene;NO;5.76;7.535;26.73;6.558;ND;ND;14.70;3.165;0.775;0.337;18.98;0.416;349.7;2.448;6.102;6.741;0.391;ND;ND;ND;ND
37.533;26/04/2016;CUNDINAMARCA;NIMAIMA;Caña Panelera;Establecido;Mas de 10 años;Ondulado;Buen drenaje;No Tiene;NO;5.16;18.35;5.563;5.014;1.551;1.409;2.543;0.777;0.230;0.305;5.408;0.312;56.36;1.131;2.294;< 1.0;0.173;ND;ND;ND;ND
37.534;26/04/2016;CUNDINAMARCA;NIMAIMA;Caña Panelera;Establecido;Mas de 10 años;Ondulado;Buen drenaje;No Tiene;NO;5.69;4.734;24.15;2.485;ND;ND;10.99;1.227;0.541;0.644;13.41;0.341;369.6;2.984;4.226;2.903;0.077;ND;ND;ND;ND
37.535;26/04/2016;CUNDINAMARCA;NIMAIMA;Caña Panelera;Establecido;Mas de 10 años;Pendiente;Buen drenaje;No Tiene;NO;5.08;13.38;6.014;2.626;1.591;1.380;1.700;0.938;1.238;0.361;5.829;0.464;56.76;1.164;2.414;< 1.0;0.198;ND;ND;ND;ND
37.537;26/04/2016;CUNDINAMARCA;NIMAIMA;Caña Panelera;Establecido;Mas de 10 años;Ondulado;Buen drenaje;No Tiene;NO;5.019;5.410;4.886;8.525;1.480;1.340;8.066;1.786;0.537;0.543;12.41;0.456;1811.;5.649;4.073;21.24;0.053;ND;ND;ND;ND
37.538;26/04/2016;CUNDINAMARCA;NIMAIMA;Caña Panelera;Establecido;Mas de 10 años;Ondulado;Buen drenaje;No Tiene;NO;8.220;2.729;12.57;14.42;ND;ND;36.80;1.202;0.385;0.652;39.04;0.619;36.42;2.441;2.227;1.292;0.246;ND;ND;ND;ND
37.539;26/04/2016;CUNDINAMARCA;NIMAIMA;Caña Panelera;Establecido;Mas de 10 años;Ondulado;Buen drenaje;No Tiene;NO;5.86;2.946;<3.87;3.609;ND;ND;11.16;1.300;0.485;0.537;13.49;0.166;596.4;5.004;2.173;9.983;0.294;ND;ND;ND;ND
37.540;26/04/2016;CUNDINAMARCA;NIMAIMA;Caña Panelera;Establecido;Mas de 10 años;Ondulado;Buen drenaje;No Tiene;NO;5.48;3.961;3.998;2.485;0.221;0.118;6.666;1.351;0.499;0.477;9.216;0.206;104.7;4.168;4.724;7.861;0.173;ND;ND;ND;ND
37.541;26/04/2016;CUNDINAMARCA;NIMAIMA;Caña Panelera;Establecido;Mas de 10 años;Ondulado;Buen drenaje;No Tiene;NO;4.72;2.584;6.677;24.95;2.095;1.962;2.125;0.486;0.313;0.337;5.359;0.283;832.9;5.625;3.573;< 1.0;0.173;ND;ND;ND;ND
37.543;26/04/2016;CUNDINAMARCA;NIMAIMA;Caña Panelera;Establecido;Mas de 10 años;Ondulado;Buen drenaje;No Tiene;NO;7.51;4.347;83.58;19.33;0.151;0;14.86;2.395;0.356;0.622;18.38;0.571;62.90;4.413;1.588;5.160;0.632;ND;ND;ND;ND
37.544;26/04/2016;CUNDINAMARCA;NIMAIMA;Caña Panelera;Establecido;Mas de 10 años;Ondulado;Buen drenaje;No Tiene;NO;5.28;1.666;36.58;8.384;0.463;0.433;4.721;0.808;0.263;0.316;6.573;0.176;1068.;3.769;1.48;< 1.0;0.077;ND;ND;ND;ND
37.545;26/04/2016;CUNDINAMARCA;NIMAIMA;Caña Panelera;Establecido;Mas de 10 años;Ondulado;Buen drenaje;No Tiene;NO;5.24;3.502;6.014;4.873;0.755;0.709;4.633;1.091;0.213;0.400;7.096;0.381;855.1;3.126;2.572;1.583;0.077;ND;ND;ND;ND
37.546;26/04/2016;CUNDINAMARCA;NIMAIMA;Caña Panelera;Establecido;Mas de 10 años;Ondulado;Buen drenaje;No Tiene;NO;8.09;3.864;24.69;27.17;ND;ND;33.04;1.486;0.212;0.584;35.33;0.788;34.77;5.92;1.766;1.100;0.415;ND;ND;ND;ND
37.547;26/04/2016;CUNDINAMARCA;NIMAIMA;Caña Panelera;Establecido;Mas de 10 años;Ondulado;Buen drenaje;No Tiene;NO;6.52;2.922;66.37;2.485;ND;ND;10.84;1.557;0.534;0.395;13.33;0.299;482.8;5.685;2.238;2.389;0.053;ND;ND;ND;ND
37.548;26/04/2016;CUNDINAMARCA;NIMAIMA;Caña Panelera;Establecido;Mas de 10 años;Pendiente;Buen drenaje;No Tiene;NO;6.9;2.560;7.535;4.592;ND;ND;16.14;0.983;0.186;0.437;17.75;0.291;95.30;5.208;1.661;< 1.0;0.125;ND;ND;ND;ND
37.683;18/04/2016;BOYACÁ;SAN JOSÉ DE PARE;Caña Panelera;Establecido;De 1 a 5 años;Ondulado;Buen drenaje;No Tiene;No indica;4.83;3.883;58.27;6.772;1.279;1.032;5.802;0.788;0.250;0.239;8.359;0.391;626.1;1.414;5.365;3.693;0.374;ND;ND;ND;ND
38.886;12/10/2017;CUNDINAMARCA;NOCAIMA;Caña Panelera;Establecido;Mas de 10 años;Moderadamente ondulado;Buen drenaje;No Tiene;NO;7.76;3.756;11.47;12.40;ND;ND;35.38;0.257;0.144;0.105;35.89;0.503;8.573;5.057;2.21;60.41;0.204;ND;ND;ND;ND
38.887;12/10/2017;CUNDINAMARCA;NOCAIMA;Caña Panelera;Establecido;Mas de 10 años;Moderadamente ondulado;Buen drenaje;No Tiene;NO;8.01;5.338;5.820;6.103;ND;ND;42.94;0.441;0.115;< 0.1;43.59;0.529;14.72;3.075;1.079;60.18;0.263;ND;ND;ND;ND
38.888;12/10/2017;CUNDINAMARCA;NOCAIMA;Caña Panelera;Establecido;Mas de 10 años;Moderadamente ondulado;Buen drenaje;No Tiene;NO;8.09;3.221;12.75;7.680;ND;ND;38.51;0.631;0.116;< 0.1;39.36;0.545;15.65;3.866;1.038;63.23;0.401;ND;ND;ND;ND
38.889;12/10/2017;CUNDINAMARCA;NOCAIMA;Caña Panelera;Establecido;Mas de 10 años;Moderadamente ondulado;Buen drenaje;No Tiene;NO;7.07;6.555;7.093;89.07;ND;ND;34.49;0.493;0.158;< 0.1;35.24;0.751;20.36;2.387;1.452;25.23;0.322;ND;ND;ND;ND
38.892;12/10/2017;CUNDINAMARCA;NOCAIMA;Caña Panelera;Establecido;Mas de 10 años;Moderadamente ondulado;Buen drenaje;No Tiene;NO;6.05;3.391;10.91;26.37;ND;ND;11.56;0.914;0.204;< 0.1;12.77;0.443;316.9;5.703;4.468;4.137;0.303;ND;ND;ND;ND
38.894;3/10/2017;NARIÑO;ANCUYA;Caña Panelera;Establecido;De 5 a 10 años;Pendiente moderada;Regular drenaje;No indica;No indica;5.62;2.106;13.08;5.286;ND;ND;7.986;3.284;0.289;0.103;11.66;0.145;247.0;2.509;12.25;< 1.0;0.142;ND;ND;ND;ND
38.900;3/10/2017;NARIÑO;ANCUYA;Caña Panelera;Establecido;No indica;Moderadamente ondulado;Regular drenaje;No Tiene;SI;6.37;2.446;37.63;2.418;ND;ND;18.75;6.432;0.419;< 0.1;25.71;0.184;27.52;1.935;2.681;2.013;0.381;ND;ND;ND;ND
38.901;3/10/2017;NARIÑO;ANCUYA;Caña Panelera;Establecido;De 1 a 5 años;Pendiente moderada;Buen drenaje;No indica;No indica;7.35;2.446;21.88;3.442;ND;ND;15.22;6.907;0.424;< 0.1;22.65;0.277;19.75;4.328;2.173;< 1.0;0.420;ND;ND;ND;ND
38.902;3/10/2017;NARIÑO;ANCUYA;Caña Panelera;Establecido;De 0 a 1 año;Pendiente moderada;Buen drenaje;No indica;No indica;7.77;1.207;38.06;4.877;ND;ND;30.66;3.859;0.281;0.147;34.94;0.345;15.30;2.859;< 1.0;< 1.0;0.202;ND;ND;ND;ND
38.904;3/10/2017;NARIÑO;ANCUYA;Caña Panelera;Establecido;De 1 a 5 años;Pendiente moderada;Buen drenaje;No Tiene;No indica;6.99;2.228;53.81;6.311;ND;ND;13.11;4.760;1.020;0.225;19.11;0.235;58.06;2.506;2.152;1.400;0.440;ND;ND;ND;ND
38.905;3/10/2017;NARIÑO;ANCUYA;Caña Panelera;Establecido;No indica;Pendiente moderada;Regular drenaje;Aspersión;No indica;6.55;1.571;15.78;3.032;ND;ND;9.193;2.836;0.490;< 0.1;12.62;0.146;136.3;1.526;2.286;4.272;0.262;ND;ND;ND;ND
38.906;3/10/2017;NARIÑO;ANCUYA;Caña Panelera;Establecido;No indica;Pendiente moderada;Regular drenaje;Aspersión;No indica;6.26;2.203;4.431;5.696;ND;ND;10.48;3.133;0.281;0.100;13.99;0.106;143.5;1.933;3.222;< 1.0;0.361;ND;ND;ND;ND
38.907;3/10/2017;NARIÑO;ANCUYA;Caña Panelera;Establecido;De 5 a 10 años;Pendiente moderada;Buen drenaje;No indica;No indica;6.28;6.108;<3.87;6.516;ND;ND;17.65;7.644;0.199;< 0.1;25.60;0.201;56.33;4.072;3.24;1.081;0.381;ND;ND;ND;ND
38.908;3/10/2017;NARIÑO;ANCUYA;Caña Panelera;Establecido;De 1 a 5 años;Moderadamente ondulado;Regular drenaje;No indica;No indica;6.25;1.814;20.32;5.901;ND;ND;14.31;3.896;0.401;< 0.1;18.71;0.180;56.84;2.145;4.413;< 1.0;0.341;ND;ND;ND;ND
38.909;3/10/2017;NARIÑO;ANCUYA;Caña Panelera;Establecido;De 0 a 1 año;Pendiente moderada;Regular drenaje;No Tiene;No indica;6.09;2.471;11.10;3.442;ND;ND;16.40;7.294;0.295;0.126;24.12;0.187;43.27;2.09;4.538;< 1.0;0.242;ND;ND;ND;ND
38.910;3/10/2017;NARIÑO;ANCUYA;Caña Panelera;Establecido;De 5 a 10 años;Pendiente moderada;Regular drenaje;No Tiene;No indica;6.13;3.272;<3.87;4.672;ND;ND;16.50;6.845;0.369;< 0.1;23.82;0.195;75.84;4.713;3.746;< 1.0;0.242;ND;ND;ND;ND
38.913;3/10/2017;NARIÑO;ANCUYA;Caña Panelera;Establecido;De 1 a 5 años;Moderadamente ondulado;Regular drenaje;No Tiene;No indica;5.97;4.123;3.863;5.491;ND;ND;14.46;4.934;0.343;< 0.1;19.84;0.205;172.7;6.790;6.800;1.081;0.202;ND;ND;ND;ND
38.923;3/10/2017;NARIÑO;ANCUYA;Caña Panelera;Establecido;De 1 a 5 años;Moderadamente ondulado;Regular drenaje;No Tiene;SI;6.34;3.532;14.22;4.057;ND;ND;10.60;3.875;0.368;< 0.1;14.95;0.137;215.9;6.758;2.467;7.286;0.281;ND;ND;ND;ND
38.932;3/10/2017;NARIÑO;ANCUYA;Caña Panelera;Establecido;Mas de 10 años;Moderadamente ondulado;Regular drenaje;No Tiene;SI;6.17;3.443;11.52;3.852;ND;ND;8.606;3.569;0.610;< 0.1;12.88;0.225;186.0;3.392;3.820;1.752;0.202;ND;ND;ND;ND
38.933;3/10/2017;NARIÑO;ANCUYA;Caña Panelera;Establecido;De 1 a 5 años;Plano;Regular drenaje;No Tiene;No indica;5.61;2.738;7.411;5.491;ND;ND;6.794;2.799;0.878;0.120;10.59;0.265;474.7;3.336;6.358;1.464;0.182;ND;ND;ND;ND
38.950;3/10/2017;NARIÑO;ANCUYA;Caña Panelera;Establecido;De 5 a 10 años;Pendiente moderada;Buen drenaje;No indica;No indica;7.1;1.328;8.121;2.827;ND;ND;16.49;16.30;0.313;0.107;33.21;0.209;7.49;1.376;7.842;< 1.0;0.321;ND;ND;ND;ND
39.548;3/10/2017;NARIÑO;ANCUYA;Caña Panelera;Establecido;De 5 a 10 años;Pendiente moderada;Regular drenaje;No Tiene;No indica;6.33;3.710;3.863;5.286;ND;ND;17.00;6.955;0.259;0.112;24.33;0.196;73.88;4.455;3.007;< 1.0;0.162;ND;ND;ND;ND
39.549;11/09/2017;NORTE DE SANTANDER;CONVENCIÓN;Caña Panelera;Establecido;Mas de 10 años;Moderadamente ondulado;Regular drenaje;No Tiene;No indica;4.25;2.36;<3.87;11.18;4.965;4.387;< 0.5;0.21;0.12;< 0.1;5.945;0.413;933.1;< 1.0;2.072;5.865;0.2;ND;ND;ND;ND
39.550;11/09/2017;NORTE DE SANTANDER;CONVENCIÓN;Caña Panelera;Establecido;Mas de 10 años;Pendiente moderada;Buen drenaje;No indica;SI;5.14;3.33;<3.87;8.380;0.876;0.646;1.78;1.03;0.560;0.2;4.446;0.227;524.9;< 1.0;7.408;3.1;0.17;ND;ND;ND;ND
39.551;11/09/2017;NORTE DE SANTANDER;CONVENCIÓN;Caña Panelera;Establecido;Mas de 10 años;Moderadamente ondulado;Buen drenaje;No Tiene;No indica;5.55;2.63;<3.87;2.520;ND;ND;4.58;1.54;0.19;0.17;6.48;0.139;195.8;2.039;13.98;1.836;0.12;ND;ND;ND;ND
39.552;11/09/2017;NORTE DE SANTANDER;CONVENCIÓN;Caña Panelera;Establecido;Mas de 10 años;Moderadamente ondulado;Buen drenaje;No Tiene;SI;6.08;1.83;<3.87;2.923;ND;ND;5.65;2.88;0.4;0.16;9.09;0.098;96.33;< 1.0;5.019;2.075;0.1;ND;ND;ND;ND
39.553;11/09/2017;NORTE DE SANTANDER;CONVENCIÓN;Caña Panelera;Establecido;Mas de 10 años;Moderadamente ondulado;Buen drenaje;No Tiene;No indica;5.66;2.65;4.716;3.125;ND;ND;4.860;2.11;0.280;0.17;7.42;0.154;166.0;< 1.0;6.051;2.101;0.2;ND;ND;ND;ND
39.554;11/09/2017;NORTE DE SANTANDER;CONVENCIÓN;Caña Panelera;Establecido;Mas de 10 años;Moderadamente ondulado;Buen drenaje;No Tiene;SI;4.92;1.79;10.10;15.22;0.506;0.264;2.029;0.8;0.21;0.12;3.666;0.613;52.37;< 1.0;21.71;< 1.0;0.070;ND;ND;ND;ND
39.555;11/09/2017;NORTE DE SANTANDER;CONVENCIÓN;Caña Panelera;Establecido;Mas de 10 años;Pendiente moderada;Buen drenaje;No Tiene;No indica;6.52;2.220;14.38;4.536;ND;ND;14.81;5.85;0.18;0.22;21.06;0.198;28.19;< 1.0;1.677;< 1.0;0.280;ND;ND;ND;ND
39.556;11/09/2017;NORTE DE SANTANDER;CONVENCIÓN;Caña Panelera;Establecido;Mas de 10 años;Moderadamente ondulado;Buen drenaje;No Tiene;No indica;5.42;3.35;<3.87;5.141;0.175;0;5.5;3.3;0.21;0.17;9.355;0.196;414.7;2.851;8.696;2.15;0.280;ND;ND;ND;ND
39.557;11/09/2017;NORTE DE SANTANDER;CONVENCIÓN;Caña Panelera;Establecido;Mas de 10 años;Moderadamente ondulado;Regular drenaje;No Tiene;No indica;5.19;2.82;42.14;5.342;0.885;0.665;1.65;0.81;0.38;0.13;3.855;0.328;286.3;2.194;7.001;2.467;0.35;ND;ND;ND;ND
39.558;11/09/2017;NORTE DE SANTANDER;CONVENCIÓN;Caña Panelera;Establecido;De 5 a 10 años;Plano;Regular drenaje;No Tiene;SI;5.29;2.319;<3.87;4.939;0.136;0;3.6;1.76;0.49;< 0.1;6.086;0.388;144.3;< 1.0;9.489;5.101;0.070;ND;ND;ND;ND
39.561;11/09/2017;NORTE DE SANTANDER;CONVENCIÓN;Caña Panelera;Establecido;Mas de 10 años;Moderadamente ondulado;Buen drenaje;No Tiene;No indica;6.11;2.200;<3.87;2.923;ND;ND;5.22;1.5;0.09;0.1;6.91;0.103;95.14;1.927;6.187;15.68;0.2;ND;ND;ND;ND
39.562;11/09/2017;NORTE DE SANTANDER;CONVENCIÓN;Caña Panelera;Establecido;Mas de 10 años;Moderadamente ondulado;Regular drenaje;No Tiene;SI;5.88;5.14;6.374;7.762;ND;ND;14.03;3.84;0.27;0.12;18.25;0.788;314.3;1.677;5.091;4.74;0.82;ND;ND;ND;ND
39.563;11/09/2017;NORTE DE SANTANDER;CONVENCIÓN;Caña Panelera;Establecido;Mas de 10 años;Pendiente moderada;Regular drenaje;No Tiene;No indica;5.62;2.46;<3.87;10.78;ND;ND;4.139;1.84;0.289;0.1;6.369;0.160;85.35;1.972;11.69;1.49;0.2;ND;ND;ND;ND
39.564;11/09/2017;NORTE DE SANTANDER;CONVENCIÓN;Caña Panelera;Establecido;Mas de 10 años;Pendiente moderada;Buen drenaje;No Tiene;No indica;5.9;2.41;12.45;4.536;ND;ND;15.12;2.68;0.33;0.31;18.43;0.757;83.87;2.039;23.28;1.02;0.05;ND;ND;ND;ND
39.565;11/09/2017;NORTE DE SANTANDER;CONVENCIÓN;Caña Panelera;Establecido;Mas de 10 años;Moderadamente ondulado;Buen drenaje;No Tiene;No indica;5.87;1.4;3.887;4.737;ND;ND;5.15;1.4;0.12;0.17;6.84;0.301;60.28;< 1.0;4.674;< 1.0;0.280;ND;ND;ND;ND
39.566;11/09/2017;NORTE DE SANTANDER;CONVENCIÓN;Caña Panelera;Establecido;De 5 a 10 años;Moderadamente ondulado;Regular drenaje;No Tiene;SI;5.6;2.319;<3.87;1.310;ND;ND;11.54;4.860;0.17;0.24;16.80;0.144;174.9;2.051;5.118;1.105;0.070;ND;ND;ND;ND
39.567;11/09/2017;NORTE DE SANTANDER;CONVENCIÓN;Caña Panelera;Establecido;Mas de 10 años;Moderadamente ondulado;Buen drenaje;No Tiene;No indica;5.31;2.39;<3.87;4.334;0.146;0;5.23;2.319;0.140;< 0.1;7.936;0.249;225.5;3.079;10.35;6.341;0.070;ND;ND;ND;ND
39.568;11/09/2017;NORTE DE SANTANDER;CONVENCIÓN;Caña Panelera;Establecido;Mas de 10 años;Moderadamente ondulado;Buen drenaje;No Tiene;No indica;4.43;1.38;<3.87;11.59;2.356;1.929;0.99;0.38;0.15;< 0.1;3.976;0.236;168.8;1.381;9.906;< 1.0;0.1;ND;ND;ND;ND
39.569;11/09/2017;NORTE DE SANTANDER;CONVENCIÓN;Caña Panelera;Establecido;Mas de 10 años;Moderadamente ondulado;Regular drenaje;No Tiene;No indica;4.92;2.58;13.29;13.00;1.197;0.852;3.07;1.28;0.35;0.140;6.037;0.429;462.8;1.368;22.39;2.673;0.05;ND;ND;ND;ND
39.572;11/09/2017;NORTE DE SANTANDER;CONVENCIÓN;Caña Panelera;Establecido;Mas de 10 años;Moderadamente ondulado;Buen drenaje;No Tiene;No indica;5.93;1.52;7.478;5.947;ND;ND;6.96;2.299;0.12;< 0.1;9.48;0.175;76.87;1.272;2.059;3.095;0.070;ND;ND;ND;ND
39.573;11/09/2017;NORTE DE SANTANDER;CONVENCIÓN;Caña Panelera;Establecido;Mas de 10 años;Moderadamente ondulado;Regular drenaje;No Tiene;No indica;4.53;2.97;5.269;5.745;4.828;4.299;< 0.5;<0.20;0.15;< 0.1;5.808;0.136;857.2;< 1.0;4.032;< 1.0;0.2;ND;ND;ND;ND
39.574;11/09/2017;NORTE DE SANTANDER;CONVENCIÓN;Caña Panelera;Establecido;Mas de 10 años;Moderadamente ondulado;Buen drenaje;No Tiene;No indica;6.44;3.93;7.202;4.536;ND;ND;7.84;4.269;0.35;< 0.1;12.55;0.348;85.55;< 1.0;4.057;1.27;0.33;ND;ND;ND;ND
39.575;11/09/2017;NORTE DE SANTANDER;CONVENCIÓN;Caña Panelera;Establecido;Mas de 10 años;Moderadamente ondulado;Regular drenaje;No Tiene;No indica;5.42;2.049;<3.87;3.528;0.126;0;2.67;1.129;0.4;< 0.1;4.426;0.205;60.51;< 1.0;8.358;< 1.0;0.05;ND;ND;ND;ND
39.576;11/09/2017;NORTE DE SANTANDER;CONVENCIÓN;Caña Panelera;Establecido;Mas de 10 años;Moderadamente ondulado;Regular drenaje;No Tiene;No indica;4.639;1.57;<3.87;8.971;2.482;2.144;1.4;0.62;0.11;< 0.1;4.712;0.185;272.0;< 1.0;7.13;< 1.0;0.02;ND;ND;ND;ND
39.577;11/09/2017;NORTE DE SANTANDER;CONVENCIÓN;Caña Panelera;Establecido;Mas de 10 años;Moderadamente ondulado;Buen drenaje;No Tiene;SI;6.23;2.049;6.470;7.762;ND;ND;5.71;1.98;1.120;0.11;8.920;0.248;180.1;1.631;14.82;3.349;0.33;ND;ND;ND;ND
39.578;11/09/2017;NORTE DE SANTANDER;CONVENCIÓN;Caña Panelera;Establecido;Mas de 10 años;Moderadamente ondulado;Regular drenaje;No Tiene;No indica;6.13;1.33;3.749;2.721;ND;ND;5.32;2.93;0.140;0.15;8.540;0.076;37.11;< 1.0;4.581;< 1.0;0.05;ND;ND;ND;ND
39.579;11/09/2017;NORTE DE SANTANDER;CONVENCIÓN;Caña Panelera;Establecido;De 5 a 10 años;Moderadamente ondulado;Buen drenaje;No Tiene;No indica;5.53;2.17;4.164;2.116;ND;ND;4.84;1.149;0.27;0.13;6.39;0.192;197.1;1.191;3.895;1.467;0.2;ND;ND;ND;ND
39.597;11/09/2017;NORTE DE SANTANDER;CONVENCIÓN;Caña Panelera;Establecido;Mas de 10 años;Moderadamente ondulado;Buen drenaje;No Tiene;SI;5.099;2.9;67.69;17.43;0.048;0;7.09;1.81;0.45;0.18;9.578;4.499;168.6;2.382;21.03;19.05;0.3;ND;ND;ND;ND
39.599;11/09/2017;NORTE DE SANTANDER;CONVENCIÓN;Caña Panelera;Establecido;Mas de 10 años;Moderadamente ondulado;Regular drenaje;No Tiene;No indica;4.53;1.71;22.25;64.01;0.749;0.597;2.46;0.97;0.9;0.66;5.739;3.278;239.1;< 1.0;23.50;1.574;1.79;ND;ND;ND;ND
39.600;11/09/2017;NORTE DE SANTANDER;CONVENCIÓN;Caña Panelera;Establecido;Mas de 10 años;Moderadamente ondulado;Buen drenaje;No Tiene;SI;5.8;2.029;4.164;4.737;ND;ND;3.2;1.19;0.4;0.27;5.060;0.274;85.79;1.046;8.603;1.094;0.15;ND;ND;ND;ND
39.601;11/09/2017;NORTE DE SANTANDER;CONVENCIÓN;Caña Panelera;Establecido;Mas de 10 años;Moderadamente ondulado;Buen drenaje;No Tiene;SI;6.33;2;<3.87;9.778;ND;ND;4.980;1.23;0.3;< 0.1;6.61;0.215;52.73;1.548;3.036;< 1.0;0.070;ND;ND;ND;ND
39.602;11/09/2017;NORTE DE SANTANDER;CONVENCIÓN;Caña Panelera;Establecido;Mas de 10 años;Moderadamente ondulado;Regular drenaje;No Tiene;No indica;5.35;2.9;4.302;2.721;0.155;0;5.08;2.009;0.15;0.140;7.535;0.274;213.5;2.008;10.43;1.816;0.17;ND;ND;ND;ND
39.603;11/09/2017;NORTE DE SANTANDER;CONVENCIÓN;Caña Panelera;Establecido;Mas de 10 años;Moderadamente ondulado;Buen drenaje;No Tiene;No indica;5.66;2.63;<3.87;2.520;ND;ND;4.21;1.9;0.13;1.23;7.47;0.193;146.5;< 1.0;4.721;5.573;0.070;ND;ND;ND;ND
39.604;11/09/2017;NORTE DE SANTANDER;CONVENCIÓN;Caña Panelera;Establecido;Mas de 10 años;Moderadamente ondulado;Regular drenaje;No Tiene;SI;6.13;3.33;<3.87;4.737;ND;ND;6.06;2.13;0.3;0.11;8.6;0.229;185.7;< 1.0;4.913;6.355;0.23;ND;ND;ND;ND
39.613;11/09/2017;NORTE DE SANTANDER;CONVENCIÓN;Caña Panelera;Establecido;Mas de 10 años;Moderadamente ondulado;Regular drenaje;No Tiene;SI;5.92;2;<3.87;5.342;ND;ND;9.1;3.72;0.12;0.25;13.19;0.151;69.20;< 1.0;3.302;< 1.0;0.15;ND;ND;ND;ND
39.632;11/09/2017;NORTE DE SANTANDER;CONVENCIÓN;Caña Panelera;Establecido;Mas de 10 años;Moderadamente ondulado;Regular drenaje;No Tiene;SI;5.18;2.240;<3.87;6.754;0.340;0.156;2.68;0.7;0.15;0.13;4.000;0.236;92.53;1.286;18.31;< 1.0;0.15;ND;ND;ND;ND
39.633;11/09/2017;NORTE DE SANTANDER;CONVENCIÓN;Caña Panelera;Establecido;Mas de 10 años;Pendiente moderada;Buen drenaje;No Tiene;No indica;5.9;2.220;4.302;6.350;ND;ND;9.19;6.65;0.15;0.140;16.13;0.286;97.40;1.42;3.923;3.040;0.1;ND;ND;ND;ND
39.635;11/09/2017;NORTE DE SANTANDER;CONVENCIÓN;Caña Panelera;Establecido;Mas de 10 años;Moderadamente ondulado;Regular drenaje;No Tiene;SI;5.61;1.88;5.269;3.125;ND;ND;7.11;3.34;0.15;0.11;10.71;0.168;90.53;5.001;4.910;2.855;0.08;ND;ND;ND;ND
39.636;11/09/2017;NORTE DE SANTANDER;CONVENCIÓN;Caña Panelera;Establecido;Mas de 10 años;Plano;Buen drenaje;No Tiene;No indica;5.94;2.65;5.269;7.963;ND;ND;7.59;4.53;0.15;0.18;12.45;0.467;183.1;2.516;2.644;1.497;0.02;ND;ND;ND;ND
39.637;11/09/2017;NORTE DE SANTANDER;CONVENCIÓN;Caña Panelera;Establecido;Mas de 10 años;Pendiente moderada;Regular drenaje;No Tiene;No indica;5.25;1.98;6.512;9.173;0.243;0.048;4.349;1.85;0.43;< 0.1;6.973;0.308;156.0;1.38;9.77;3.435;0.129;ND;ND;ND;ND
39.638;11/09/2017;NORTE DE SANTANDER;CONVENCIÓN;Caña Panelera;Establecido;Mas de 10 años;Pendiente moderada;Buen drenaje;No Tiene;No indica;6;1.76;6.650;3.931;ND;ND;6.44;2.5;<0.09;< 0.1;9.120;0.101;83.77;< 1.0;6.352;< 1.0;0.05;ND;ND;ND;ND
39.639;11/09/2017;NORTE DE SANTANDER;CONVENCIÓN;Caña Panelera;Establecido;Mas de 10 años;Moderadamente ondulado;Regular drenaje;No Tiene;No indica;6.08;2.17;4.992;5.947;ND;ND;9.64;1.31;0.11;< 0.1;11.16;0.196;80.45;1.127;4.743;1.133;0.25;ND;ND;ND;ND
39.640;11/09/2017;NORTE DE SANTANDER;CONVENCIÓN;Caña Panelera;Establecido;De 5 a 10 años;Pendiente moderada;Regular drenaje;No Tiene;No indica;5.14;2.1;<3.87;10.98;0.350;0.166;2.97;0.82;0.24;0.15;4.530;0.391;147.8;1.143;9.980;9.827;0.12;ND;ND;ND;ND
39.641;11/09/2017;NORTE DE SANTANDER;CONVENCIÓN;Caña Panelera;Establecido;Mas de 10 años;Pendiente moderada;Regular drenaje;No Tiene;No indica;5.58;4.63;7.755;10.78;ND;ND;6.63;2.25;0.42;0.140;9.44;0.673;278.0;1.369;13.58;6.585;0.560;ND;ND;ND;ND
39.642;11/09/2017;NORTE DE SANTANDER;CONVENCIÓN;Caña Panelera;Establecido;Mas de 10 años;Moderadamente ondulado;Mal drenaje;No Tiene;No indica;4.49;3.45;<3.87;18.64;0.087;0;1.08;0.41;0.17;0.15;1.897;0.329;805.2;1.762;8.381;< 1.0;0.2;ND;ND;ND;ND
39.644;11/09/2017;NORTE DE SANTANDER;CONVENCIÓN;Caña Panelera;Establecido;Mas de 10 años;Moderadamente ondulado;Regular drenaje;No Tiene;No indica;5.059;2.490;4.716;2.721;1.986;1.616;1.63;0.98;0.18;< 0.1;4.876;0.100;390.5;1.413;14.41;2.427;0.05;ND;ND;ND;ND
40.063;3/10/2017;NARIÑO;ANCUYA;Caña Panelera;Establecido;De 1 a 5 años;Pendiente moderada;Regular drenaje;Aspersión;SI;6.38;3.297;10.95;9.999;ND;ND;15.86;5.640;0.496;0.130;22.13;0.263;73.33;7.347;4.059;1.161;0.242;ND;ND;ND;ND
40.083;29/09/2017;SANTANDER;MOGOTES;Caña Panelera;Establecido;De 1 a 5 años;Plano;Buen drenaje;No Tiene;SI;5.57;3.734;6.769;8.590;ND;ND;4.352;0.328;0.146;< 0.1;4.926;0.249;411.0;1.08;1.681;< 1.0;0.248;ND;ND;ND;ND
40.084;29/09/2017;RISARALDA;BALBOA;Caña Panelera;Establecido;No indica;Plano;Mal drenaje;Gravedad;NO;6.43;1.790;6.906;18.36;ND;ND;13.52;10.78;0.253;0.509;25.07;0.328;63.26;15.88;2.566;2.549;0.109;ND;ND;ND;ND
40.085;29/09/2017;RISARALDA;BALBOA;Caña Panelera;Establecido;No indica;Plano;Mal drenaje;Gravedad;NO;6.04;2.033;10.61;24.04;ND;ND;13.21;9.774;0.431;0.376;23.79;0.383;131.8;11.59;3.305;4.738;0.268;ND;ND;ND;ND
40.089;3/10/2017;NARIÑO;ANCUYA;Caña Panelera;Establecido;De 0 a 1 año;No indica;Regular drenaje;No Tiene;No indica;6;2.592;4.857;3.442;ND;ND;6.480;3.221;0.479;0.105;10.28;0.164;234.7;3.130;4.938;1.254;0.182;ND;ND;ND;ND
40.090;3/10/2017;NARIÑO;ANCUYA;Caña Panelera;Establecido;De 1 a 5 años;Moderadamente ondulado;Buen drenaje;No Tiene;No indica;6.43;5.386;<3.87;10.81;ND;ND;17.17;4.640;1.912;0.101;23.82;0.347;95.08;5.642;3.617;3.942;0.381;ND;ND;ND;ND
40.093;3/10/2017;NARIÑO;ANCUYA;Caña Panelera;Establecido;De 1 a 5 años;Moderadamente ondulado;Buen drenaje;No Tiene;SI;5.98;5.970;13.79;15.12;ND;ND;19.00;9.413;0.497;< 0.1;29.01;0.498;159.5;4.511;6.733;< 1.0;0.599;ND;ND;ND;ND
40.110;3/10/2017;NARIÑO;ANCUYA;Caña Panelera;Establecido;De 5 a 10 años;Plano;Buen drenaje;No Tiene;No indica;6.59;3.678;15.35;8.975;ND;ND;15.22;4.802;0.728;0.125;20.87;0.238;195.2;6.928;3.123;2.646;0.420;ND;ND;ND;ND
40.112;29/09/2017;RISARALDA;BALBOA;Caña Panelera;Establecido;No indica;Plano;Mal drenaje;Gravedad;NO;6.99;0.867;6.357;20.63;ND;ND;9.562;7.928;0.168;0.409;18.06;0.318;30.34;9.044;< 1.0;< 1.0;0.069;ND;ND;ND;ND
40.121;29/09/2017;RISARALDA;BALBOA;Caña Panelera;Establecido;No indica;Plano;Mal drenaje;Gravedad;NO;6.44;1.814;7.455;15.86;ND;ND;15.19;11.17;0.279;0.447;27.10;0.340;39.55;10.80;2.339;1.998;0.148;ND;ND;ND;ND
40.122;29/09/2017;RISARALDA;BALBOA;Caña Panelera;Establecido;No indica;Plano;Mal drenaje;Gravedad;NO;6.34;2.276;9.101;11.09;ND;ND;14.26;9.071;0.303;0.354;23.99;0.323;47.77;6.326;2.051;2.625;0.069;ND;ND;ND;ND
40.162;29/09/2017;RISARALDA;BALBOA;Caña Panelera;Establecido;No indica;Plano;Mal drenaje;Gravedad;NO;6.93;0.527;6.357;23.59;ND;ND;6.602;6.073;0.146;0.317;13.13;0.380;30.54;6.992;< 1.0;< 1.0;0.043;ND;ND;ND;ND
40.165;29/09/2017;RISARALDA;BALBOA;Caña Panelera;Establecido;No indica;Plano;Mal drenaje;Gravedad;NO;6.76;1.256;6.769;26.77;ND;ND;14.67;12.13;0.394;0.446;27.64;0.439;27.12;14.22;1.714;1.121;0.049;ND;ND;ND;ND
40.166;29/09/2017;RISARALDA;BALBOA;Caña Panelera;Establecido;No indica;Plano;Mal drenaje;Gravedad;NO;6.14;2.543;27.89;11.31;ND;ND;13.54;8.919;0.248;0.294;23.00;0.380;91.13;6.28;2.665;4.426;0.148;ND;ND;ND;ND
40.167;29/09/2017;RISARALDA;BALBOA;Caña Panelera;Establecido;No indica;Plano;Mal drenaje;Gravedad;NO;6.41;1.839;10.47;25.63;ND;ND;13.21;11.12;0.274;0.605;25.21;0.398;68.95;9.981;2.107;3.763;0.069;ND;ND;ND;ND
40.168;29/09/2017;RISARALDA;BALBOA;Caña Panelera;Establecido;No indica;Plano;Mal drenaje;Gravedad;NO;6.43;1.644;6.906;49.77;ND;ND;12.00;11.69;0.244;0.851;24.79;0.717;67.34;9.364;1.484;2.261;0.148;ND;ND;ND;ND
40.169;29/09/2017;RISARALDA;BALBOA;Caña Panelera;Establecido;No indica;Plano;Mal drenaje;Gravedad;NO;6.8;1.280;7.180;30.45;ND;ND;12.94;12.25;0.237;0.805;26.23;0.594;31.28;13.75;1.734;2.492;0.029;ND;ND;ND;ND
40.172;29/09/2017;RISARALDA;BALBOA;Caña Panelera;Establecido;No indica;Plano;Mal drenaje;Gravedad;NO;6.64;1.547;5.946;27.45;ND;ND;12.19;11.42;0.277;0.631;24.53;0.441;36.59;8.387;1.787;< 1.0;0.129;ND;ND;ND;ND
40.173;29/09/2017;RISARALDA;BALBOA;Caña Panelera;Establecido;No indica;Plano;Mal drenaje;Gravedad;NO;6.45;1.766;6.494;7.727;ND;ND;13.83;13.25;0.298;0.583;27.97;0.456;45.06;8.899;1.975;1.323;0.069;ND;ND;ND;ND
40.182;29/09/2017;RISARALDA;BALBOA;Caña Panelera;Establecido;No indica;Plano;Mal drenaje;Gravedad;NO;5.85;2.106;13.21;19.27;ND;ND;13.85;10.11;0.388;0.299;24.66;0.413;140.9;9.618;2.967;3.103;0.327;ND;ND;ND;ND
40.183;29/09/2017;RISARALDA;BALBOA;Caña Panelera;Establecido;No indica;Plano;Mal drenaje;Gravedad;NO;6.65;1.596;7.317;12;ND;ND;13.76;11.46;0.242;0.502;25.97;0.274;43.13;12.11;1.479;1.645;0.069;ND;ND;ND;ND
40.184;29/09/2017;RISARALDA;BALBOA;Caña Panelera;Establecido;No indica;Plano;Mal drenaje;Gravedad;NO;6.47;1.839;9.101;25.63;ND;ND;13.67;12.22;0.301;0.586;26.78;0.451;49.76;6.613;1.509;1.522;0.228;ND;ND;ND;ND
40.185;29/09/2017;RISARALDA;BALBOA;Caña Panelera;Establecido;No indica;Plano;Mal drenaje;Gravedad;NO;6.82;1.523;6.769;21.77;ND;ND;13.49;13.30;0.234;0.760;27.79;0.422;30.70;7.331;1.238;< 1.0;0.069;ND;ND;ND;ND
40.186;29/09/2017;RISARALDA;BALBOA;Caña Panelera;Establecido;No indica;Plano;Mal drenaje;Gravedad;NO;6.22;1.887;7.317;24.72;ND;ND;12.31;10.75;0.303;0.667;24.04;0.593;86.29;9.025;1.802;2.624;0.148;ND;ND;ND;ND
40.430;25/09/2017;VALLE DEL CAUCA;JAMUNDÍ;Caña Panelera;Establecido;De 0 a 1 año;Ondulado;Buen drenaje;No Tiene;No indica;5.21;9.707;<3.87;9.432;1.319;0.852;3.615;1.025;0.121;< 0.1;6.181;0.169;188.0;7.621;7.514;2.593;0.1;ND;ND;ND;ND
40.554;7/12/2017;SANTANDER;CHARALÁ;Caña Panelera;Establecido;De 1 a 5 años;Pendiente moderada;Buen drenaje;No Tiene;No indica;4.769;5.064;17.95;8.399;4.991;4.201;4.672;0.572;0.175;< 0.1;10.55;0.245;1104.;1.744;2.551;4.012;0.237;ND;ND;ND;ND
41.410;16/11/2017;NARIÑO;EL PEÑOL;Caña Panelera;Establecido;De 0 a 1 año;Moderadamente ondulado;No indica;No indica;No indica;6.86;2.353;49.38;7.204;ND;ND;10.60;2.354;1.909;< 0.1;15.00;0.253;140.6;5.777;2.911;3.695;0.385;ND;ND;ND;ND
41.412;16/11/2017;NARIÑO;EL PEÑOL;Caña Panelera;Establecido;De 1 a 5 años;Moderadamente ondulado;No indica;No indica;No indica;6.31;1.769;6.731;5.433;ND;ND;11.71;4.690;0.509;0.145;17.06;0.139;54.52;2.326;7.705;< 1.0;0.347;ND;ND;ND;ND
41.431;16/11/2017;NARIÑO;EL PEÑOL;Caña Panelera;Establecido;De 0 a 1 año;Moderadamente ondulado;No indica;No indica;No indica;5.89;2.633;<3.87;5.629;ND;ND;4.297;2.393;0.575;< 0.1;7.406;0.082;72.73;1.630;4.050;1.31;0.195;ND;ND;ND;ND
41.435;16/11/2017;NARIÑO;EL PEÑOL;Caña Panelera;Establecido;De 1 a 5 años;Pendiente moderada;No indica;No indica;No indica;5.9;4.455;6.423;8.582;ND;ND;8.045;2.313;0.746;< 0.1;11.24;0.328;267.8;1.782;7.543;4.583;0.460;ND;ND;ND;ND
41.440;16/11/2017;NARIÑO;EL PEÑOL;Caña Panelera;Establecido;De 0 a 1 año;Plano;No indica;No indica;No indica;6.28;2.189;5.191;6.811;ND;ND;7.974;2.656;0.512;< 0.1;11.28;0.129;97.78;2.585;2.354;1.376;0.612;ND;ND;ND;ND
41.449;16/11/2017;NARIÑO;EL PEÑOL;Caña Panelera;Establecido;De 1 a 5 años;Plano;No indica;No indica;No indica;6.46;2.236;<3.87;4.055;ND;ND;7.100;2.734;0.971;< 0.1;10.94;0.158;69.12;1.552;6.560;1.123;0.271;ND;ND;ND;ND
41.450;16/11/2017;NARIÑO;EL PEÑOL;Caña Panelera;Establecido;De 1 a 5 años;Pendiente moderada;No indica;No indica;No indica;5.82;2.983;6.731;9.173;ND;ND;7.242;1.659;0.758;< 0.1;9.801;0.191;146.5;2.894;13.61;2.089;0.859;ND;ND;ND;ND
41.451;16/11/2017;NARIÑO;EL PEÑOL;Caña Panelera;Establecido;De 0 a 1 año;Moderadamente ondulado;No indica;No indica;No indica;6;2.539;5.499;4.055;ND;ND;18.57;9.496;0.608;< 0.1;28.82;0.137;68.19;4.722;8.147;< 1.0;0.385;ND;ND;ND;ND
41.453;16/11/2017;NARIÑO;EL PEÑOL;Caña Panelera;Establecido;De 1 a 5 años;Pendiente moderada;No indica;No indica;No indica;6.08;2.656;5.961;5.236;ND;ND;5.269;2.749;0.715;< 0.1;8.874;0.146;87.97;2.17;6.057;2.088;0.404;ND;ND;ND;ND
41.454;16/11/2017;NARIÑO;EL PEÑOL;Caña Panelera;Establecido;De 1 a 5 años;Pendiente moderada;No indica;No indica;No indica;6.36;1.745;4.267;4.448;ND;ND;5.450;1.791;0.533;< 0.1;7.915;0.138;52.04;1.361;7.439;< 1.0;0.176;ND;ND;ND;ND
41.523;22/11/2017;NARIÑO;LINARES;Caña Panelera;Establecido;De 5 a 10 años;Plano;Mal drenaje;No Tiene;No indica;5.59;11.11;7.19;2.083;ND;ND;6.31;1.53;0.569;< 0.1;8.550;0.16;303.5;1.27;5.48;< 1.0;0.16;ND;ND;ND;ND
41.526;22/11/2017;NARIÑO;LINARES;Caña Panelera;Establecido;De 1 a 5 años;Ondulado;Regular drenaje;No Tiene;SI;6.14;1.452;<3.87;3.750;ND;ND;10.16;10.47;0.13;< 0.1;20.9;0.08;57.25;< 1.0;3.94;< 1.0;0.16;ND;ND;ND;ND
41.527;22/11/2017;NARIÑO;LINARES;Caña Panelera;Establecido;De 1 a 5 años;Pendiente moderada;Regular drenaje;No Tiene;No indica;5.81;8.005;4.28;3.541;ND;ND;10.38;3.43;0.48;< 0.1;14.43;0.22;170.9;5.67;9.199;< 1.0;0.12;ND;ND;ND;ND
41.528;22/11/2017;NARIÑO;LINARES;Caña Panelera;Establecido;De 1 a 5 años;Ondulado;Buen drenaje;No Tiene;No indica;5.4;2.532;8.11;5.625;0.315;0.192;11.88;2.59;0.12;0.23;15.13;0.65;99.79;1.5;2.76;< 1.0;0.16;ND;ND;ND;ND
41.644;10/11/2017;NARIÑO;EL PEÑOL;Caña Panelera;Establecido;De 0 a 1 año;Pendiente moderada;No indica;No indica;No indica;6.02;3.169;<3.87;2.040;ND;ND;6.839;2.171;0.992;< 0.1;10.10;0.206;89.35;2.237;6.968;2.096;0.251;ND;ND;ND;ND
41.645;10/11/2017;NARIÑO;EL PEÑOL;Caña Panelera;Establecido;De 0 a 1 año;Moderadamente ondulado;No indica;No indica;No indica;5.9;4.772;4.777;2.408;ND;ND;8.304;2.444;1.365;0.102;12.21;0.191;130.7;1.554;5.588;< 1.0;0.215;ND;ND;ND;ND
41.646;10/11/2017;NARIÑO;EL PEÑOL;Caña Panelera;Establecido;De 0 a 1 año;Pendiente moderada;No indica;No indica;No indica;6.04;3.810;<3.87;1.488;ND;ND;5.340;1.926;1.450;< 0.1;8.818;0.151;56.01;1.661;6.425;< 1.0;0.215;ND;ND;ND;ND
41.658;10/11/2017;NARIÑO;EL PEÑOL;Caña Panelera;Establecido;De 0 a 1 año;Pendiente moderada;No indica;No indica;No indica;5.96;2.034;<3.87;2.040;ND;ND;4.423;1.433;0.858;0.101;6.816;0.101;76.43;1.741;7.586;1.332;0.233;ND;ND;ND;ND
41.662;10/11/2017;NARIÑO;EL PEÑOL;Caña Panelera;Establecido;De 0 a 1 año;Moderadamente ondulado;No indica;No indica;No indica;6.14;2.231;3.657;1.856;ND;ND;5.917;2.233;0.501;< 0.1;8.752;0.136;127.6;2.536;5.419;2.349;0.251;ND;ND;ND;ND
41.663;10/11/2017;NARIÑO;EL PEÑOL;Caña Panelera;Establecido;De 1 a 5 años;Moderadamente ondulado;No indica;No indica;No indica;6.61;3.489;9.820;1.856;ND;ND;8.332;2.522;3.574;< 0.1;14.52;0.193;77.29;2.230;9.73;2.671;0.215;ND;ND;ND;ND
41.664;10/11/2017;NARIÑO;EL PEÑOL;Caña Panelera;Establecido;No indica;Moderadamente ondulado;No indica;No indica;No indica;5.96;2.429;<3.87;1.121;ND;ND;5.687;2.142;1.386;< 0.1;9.315;0.150;55.39;1.633;6.495;1.026;0.215;ND;ND;ND;ND
41.665;10/11/2017;NARIÑO;EL PEÑOL;Caña Panelera;Establecido;No indica;Pendiente moderada;No indica;No indica;No indica;6.45;3.193;7.859;5.349;ND;ND;31.26;12.33;0.676;0.136;44.41;0.189;27.30;3.317;1.880;< 1.0;0.614;ND;ND;ND;ND
41.672;10/11/2017;NARIÑO;EL PEÑOL;Caña Panelera;Establecido;De 0 a 1 año;Plano;No indica;No indica;No indica;6.49;1.368;3.797;7.187;ND;ND;8.016;3.546;0.877;0.132;12.57;0.111;48.31;1.609;2.206;< 1.0;0.414;ND;ND;ND;ND
41.708;10/11/2017;NARIÑO;EL PEÑOL;Caña Panelera;Establecido;De 1 a 5 años;Pendiente moderada;No indica;No indica;No indica;5.4;3.095;4.217;8.290;0.071;0;5.617;1.524;1.284;< 0.1;8.599;0.320;135.3;2.280;8.02;1.799;0.161;ND;ND;ND;ND
41.742;7/11/2017;CUNDINAMARCA;NOCAIMA;Caña Panelera;Establecido;De 0 a 1 año;Moderadamente ondulado;Buen drenaje;No Tiene;NO;6.9;9.050;15.14;16.74;ND;ND;33.98;1.988;0.231;0.104;36.31;0.386;69.61;4.149;2.665;28.43;0.432;ND;ND;ND;ND
41.743;10/11/2017;NARIÑO;EL PEÑOL;Caña Panelera;Establecido;De 0 a 1 año;Moderadamente ondulado;No indica;No indica;No indica;6.08;2.429;3.657;2.591;ND;ND;6.905;3.350;0.676;0.103;11.03;0.188;150.5;2.054;3.856;1.660;0.088;ND;ND;ND;ND
41.744;10/11/2017;NARIÑO;EL PEÑOL;Caña Panelera;Establecido;De 0 a 1 año;Moderadamente ondulado;No indica;No indica;No indica;6.88;3.316;11.50;3.511;ND;ND;26.24;8.104;0.927;< 0.1;35.37;0.242;14.47;1.165;1.367;< 1.0;0.577;ND;ND;ND;ND
41.759;14/11/2017;NARIÑO;SANDONÁ;Caña Panelera;Establecido;No indica;Pendiente moderada;Buen drenaje;No Tiene;No indica;7;1.910;14.41;4.051;ND;ND;17.14;4.179;0.366;< 0.1;21.82;0.326;66.42;4.283;1.787;< 1.0;0.189;ND;ND;ND;ND
41.764;14/11/2017;NARIÑO;SANDONÁ;Caña Panelera;Establecido;No indica;Pendiente moderada;Buen drenaje;No indica;No indica;5.93;3.500;8.546;7.672;ND;ND;9.848;2.284;0.473;< 0.1;12.74;0.211;402.3;5.173;5.471;2.587;0.100;ND;ND;ND;ND
41.765;14/11/2017;NARIÑO;SANDONÁ;Caña Panelera;Establecido;No indica;Pendiente moderada;Buen drenaje;No indica;No indica;5.65;3.885;10.01;16.98;ND;ND;7.922;1.649;1.324;< 0.1;11.03;0.335;181.0;5.487;7.161;4.602;0.242;ND;ND;ND;ND
41.782;14/11/2017;NARIÑO;SANDONÁ;Caña Panelera;Establecido;No indica;Pendiente moderada;Buen drenaje;No Tiene;SI;7.18;2.608;12.80;3.534;ND;ND;27.41;3.310;0.741;< 0.1;31.60;0.259;27.93;1.655;1.784;< 1.0;0.260;ND;ND;ND;ND
41.790;10/11/2017;NARIÑO;EL PEÑOL;Caña Panelera;Establecido;De 0 a 1 año;Plano;No indica;No indica;No indica;5.98;3.243;8.699;2.408;ND;ND;8.024;2.104;0.381;0.149;10.65;0.170;270.9;2.325;4.564;4.104;0.288;ND;ND;ND;ND
41.791;10/11/2017;NARIÑO;EL PEÑOL;Caña Panelera;Establecido;De 0 a 1 año;Pendiente moderada;No indica;No indica;No indica;6.28;1.393;4.357;1.121;ND;ND;6.318;2.843;0.556;0.109;9.828;0.132;91.86;1.781;2.787;< 1.0;0.288;ND;ND;ND;ND
41.792;10/11/2017;NARIÑO;EL PEÑOL;Caña Panelera;Establecido;De 1 a 5 años;Pendiente moderada;No indica;No indica;No indica;6.19;1.393;<3.87;1.121;ND;ND;5.459;2.614;0.372;< 0.1;8.547;0.119;98.27;2.124;3.847;< 1.0;0.197;ND;ND;ND;ND
41.793;10/11/2017;NARIÑO;EL PEÑOL;Caña Panelera;Establecido;De 0 a 1 año;Plano;No indica;No indica;No indica;6.15;1.763;5.198;2.224;ND;ND;5.892;1.553;0.630;< 0.1;8.176;0.166;88.42;1.241;3.477;2.08;0.251;ND;ND;ND;ND
41.794;10/11/2017;NARIÑO;EL PEÑOL;Caña Panelera;Establecido;De 1 a 5 años;Moderadamente ondulado;No indica;No indica;No indica;6.14;2.552;<3.87;3.511;ND;ND;6.202;1.697;0.914;< 0.1;8.914;0.158;121.5;2.234;5.026;1.383;0.161;ND;ND;ND;ND
41.795;10/11/2017;NARIÑO;EL PEÑOL;Caña Panelera;Establecido;De 0 a 1 año;Moderadamente ondulado;No indica;No indica;No indica;6.13;2.379;<3.87;2.408;ND;ND;7.570;2.914;0.472;< 0.1;11.05;0.151;86.17;1.361;3.916;< 1.0;0.215;ND;ND;ND;ND
41.796;14/11/2017;NARIÑO;SANDONÁ;Caña Panelera;Establecido;No indica;Pendiente moderada;Buen drenaje;No Tiene;No indica;7.3;2.849;25.71;6.637;ND;ND;22.23;4.375;1.288;< 0.1;28.04;0.441;31.74;2.356;2.169;< 1.0;0.490;ND;ND;ND;ND
41.797;10/11/2017;NARIÑO;EL PEÑOL;Caña Panelera;Establecido;De 0 a 1 año;Pendiente moderada;No indica;No indica;No indica;6.75;1.985;12.62;1.856;ND;ND;21.85;6.089;0.600;0.165;28.70;0.198;22.96;1.177;1.019;< 1.0;0.396;ND;ND;ND;ND
41.798;10/11/2017;NARIÑO;EL PEÑOL;Caña Panelera;Establecido;No indica;Pendiente moderada;No indica;No indica;No indica;6.32;3.982;7.439;1.856;ND;ND;9.689;2.179;1.345;< 0.1;13.31;0.165;186.9;1.648;9.352;2.539;0.360;ND;ND;ND;ND
41.801;10/11/2017;NARIÑO;EL PEÑOL;Caña Panelera;Establecido;De 0 a 1 año;Moderadamente ondulado;No indica;No indica;No indica;6.32;1.566;9.680;4.251;ND;ND;7.077;1.787;0.513;< 0.1;9.478;0.145;121.4;2.263;3.367;1.829;0.215;ND;ND;ND;ND
41.802;10/11/2017;NARIÑO;EL PEÑOL;Caña Panelera;Establecido;De 0 a 1 año;Moderadamente ondulado;No indica;No indica;No indica;6.06;1.442;<3.87;3.661;ND;ND;5.158;2.744;0.344;< 0.1;8.346;0.077;84.94;1.502;2.79;< 1.0;0.251;ND;ND;ND;ND
41.804;10/11/2017;NARIÑO;EL PEÑOL;Caña Panelera;Establecido;De 1 a 5 años;Moderadamente ondulado;No indica;No indica;No indica;6.52;1.171;3.937;3.661;ND;ND;9.194;5.687;0.416;0.111;15.40;0.091;37.31;1.923;2.003;< 1.0;0.197;ND;ND;ND;ND
41.805;10/11/2017;NARIÑO;EL PEÑOL;Caña Panelera;Establecido;De 0 a 1 año;Pendiente moderada;No indica;No indica;No indica;6.09;3.908;8.559;3.511;ND;ND;6.567;2.248;2.273;< 0.1;11.18;0.189;127.7;3.01;7.457;1.447;0.306;ND;ND;ND;ND
41.806;14/11/2017;NARIÑO;SANDONÁ;Caña Panelera;Establecido;No indica;Pendiente moderada;Buen drenaje;No Tiene;No indica;6.14;3.066;5.318;4.224;ND;ND;18.17;7.623;0.530;< 0.1;26.47;0.217;76.73;4.539;3.397;< 1.0;0.171;ND;ND;ND;ND
41.807;14/11/2017;NARIÑO;SANDONÁ;Caña Panelera;Establecido;No indica;Pendiente moderada;Buen drenaje;No Tiene;No indica;6.84;1.548;41.70;7.155;ND;ND;27.14;5.137;0.436;0.181;32.89;0.185;23.77;1.970;< 1.0;< 1.0;0.225;ND;ND;ND;ND
41.812;14/11/2017;NARIÑO;SANDONÁ;Caña Panelera;Establecido;No indica;Pendiente moderada;Buen drenaje;No Tiene;No indica;8;1.620;19.69;6.465;ND;ND;22.38;3.210;0.243;< 0.1;25.97;0.509;21.61;2.086;1.766;1.268;0.207;ND;ND;ND;ND
41.815;14/11/2017;NARIÑO;SANDONÁ;Caña Panelera;Establecido;No indica;Pendiente moderada;Buen drenaje;No indica;No indica;6.97;5.017;44.48;7.155;ND;ND;22.60;5.250;1.644;< 0.1;29.63;0.443;48.47;1.086;1.764;1.099;0.331;ND;ND;ND;ND
41.817;14/11/2017;NARIÑO;SANDONÁ;Caña Panelera;Establecido;No indica;Pendiente moderada;Buen drenaje;No indica;No indica;6.14;2.849;5.465;4.051;ND;ND;17.45;7.744;0.612;< 0.1;25.95;0.187;67.70;4.200;2.730;< 1.0;0.189;ND;ND;ND;ND
41.819;14/11/2017;NARIÑO;SANDONÁ;Caña Panelera;Establecido;De 1 a 5 años;Pendiente moderada;Buen drenaje;No indica;No indica;6.05;2.536;29.67;8.362;ND;ND;7.721;1.613;0.307;0.159;9.801;0.194;240.3;2.172;1.859;< 1.0;0.543;ND;ND;ND;ND
41.823;14/11/2017;NARIÑO;SANDONÁ;Caña Panelera;Establecido;No indica;Pendiente moderada;Buen drenaje;No Tiene;No indica;6.31;2.680;18.81;3.879;ND;ND;11.40;2.500;0.616;< 0.1;14.66;0.208;185.7;4.812;3.427;< 1.0;0.225;ND;ND;ND;ND
41.826;14/11/2017;NARIÑO;SANDONÁ;Caña Panelera;Establecido;No indica;Pendiente moderada;Buen drenaje;No Tiene;No indica;5.84;2.102;13.24;2.672;ND;ND;20.33;3.530;0.432;< 0.1;24.43;0.302;76.72;5.046;4.628;1.153;0.225;ND;ND;ND;ND
41.827;14/11/2017;NARIÑO;SANDONÁ;Caña Panelera;Establecido;No indica;Pendiente moderada;Buen drenaje;No Tiene;No indica;7.95;1.428;28.20;2.327;ND;ND;24.52;2.717;0.361;< 0.1;27.74;0.365;6.762;1.312;1.124;< 1.0;0.242;ND;ND;ND;ND
41.828;14/11/2017;NARIÑO;SANDONÁ;Caña Panelera;Establecido;No indica;Pendiente moderada;Buen drenaje;No Tiene;NO;6.69;1.524;39.35;2.672;ND;ND;19.94;9.164;0.887;< 0.1;30.14;0.213;24.14;2.119;1.110;< 1.0;0.136;ND;ND;ND;ND
41.830;14/11/2017;NARIÑO;SANDONÁ;Caña Panelera;Establecido;No indica;Pendiente moderada;Buen drenaje;No Tiene;NO;6.52;2.464;7.959;1.810;ND;ND;19.58;8.028;0.723;< 0.1;28.47;0.215;31.41;2.987;2.003;< 1.0;0.154;ND;ND;ND;ND
41.831;14/11/2017;NARIÑO;SANDONÁ;Caña Panelera;Establecido;No indica;Plano;Buen drenaje;No Tiene;No indica;5.24;5.282;21.45;6.293;0.833;0.554;4.946;1.057;0.771;< 0.1;7.748;0.364;731.6;6.551;8.875;3.899;0.118;ND;ND;ND;ND
41.832;14/11/2017;NARIÑO;SANDONÁ;Caña Panelera;Establecido;De 1 a 5 años;Pendiente moderada;Buen drenaje;No Tiene;NO;6.19;1.380;55.34;3.534;ND;ND;13.74;3.543;0.429;0.142;17.86;0.164;57.11;3.111;1.925;< 1.0;0.154;ND;ND;ND;ND
41.833;14/11/2017;NARIÑO;SANDONÁ;Caña Panelera;Establecido;No indica;Pendiente moderada;Buen drenaje;No Tiene;NO;6.08;2.705;3.998;2.155;ND;ND;8.136;1.922;0.263;< 0.1;10.46;0.134;178.0;2.866;3.588;< 1.0;0.225;ND;ND;ND;ND
41.834;14/11/2017;NARIÑO;SANDONÁ;Caña Panelera;Establecido;No indica;Pendiente moderada;Buen drenaje;No Tiene;No indica;6.91;1.476;16.61;4.051;ND;ND;13.66;2.788;0.422;< 0.1;17.01;0.229;75.21;4.703;3.028;< 1.0;0.295;ND;ND;ND;ND
41.835;14/11/2017;NARIÑO;SANDONÁ;Caña Panelera;Establecido;No indica;Pendiente moderada;Buen drenaje;No Tiene;SI;7.96;1.524;17.20;2.155;ND;ND;25.56;1.765;0.282;< 0.1;27.75;0.397;9.698;< 1.0;1.133;< 1.0;0.207;ND;ND;ND;ND
41.837;14/11/2017;NARIÑO;SANDONÁ;Caña Panelera;Establecido;No indica;Pendiente moderada;Buen drenaje;No Tiene;NO;6.54;2.753;52.70;2.672;ND;ND;20.14;4.575;0.756;< 0.1;25.62;0.169;64.24;3.871;7.934;< 1.0;0.313;ND;ND;ND;ND
41.838;14/11/2017;NARIÑO;SANDONÁ;Caña Panelera;Establecido;No indica;Pendiente moderada;Buen drenaje;No Tiene;No indica;7.64;1.837;36.56;2.672;ND;ND;23.06;3.424;0.280;< 0.1;26.91;0.442;27.78;1.994;1.671;< 1.0;0.154;ND;ND;ND;ND
41.839;14/11/2017;NARIÑO;SANDONÁ;Caña Panelera;Establecido;No indica;Pendiente moderada;Buen drenaje;No Tiene;SI;5.65;2.102;20.72;13.36;ND;ND;5.838;2.751;1.539;< 0.1;10.26;0.277;200.7;6.149;7.166;5.687;0.189;ND;ND;ND;ND
42.083;1/12/2017;NARIÑO;EL PEÑOL;Caña Panelera;Establecido;De 0 a 1 año;Pendiente moderada;No indica;No indica;No indica;5.92;1.932;5.525;1.999;ND;ND;4.143;1.484;0.232;< 0.1;5.999;0.121;94.81;2.306;9.318;< 1.0;0.165;ND;ND;ND;ND
42.084;1/12/2017;NARIÑO;EL PEÑOL;Caña Panelera;Establecido;De 1 a 5 años;Plano;No indica;No indica;No indica;5.98;1.956;5.824;3.2;ND;ND;3.913;2.664;0.310;< 0.1;7.027;0.145;70.39;3.222;7.057;< 1.0;0.129;ND;ND;ND;ND
42.085;1/12/2017;NARIÑO;EL PEÑOL;Caña Panelera;Establecido;De 0 a 1 año;Plano;No indica;No indica;No indica;6.1;1.519;4.776;2.199;ND;ND;6.078;3.950;0.369;0.175;10.57;0.132;146.1;3.975;7.678;< 1.0;0.129;ND;ND;ND;ND
42.087;1/12/2017;NARIÑO;EL PEÑOL;Caña Panelera;Establecido;De 0 a 1 año;Plano;No indica;No indica;No indica;6.35;2.515;45.20;5.8;ND;ND;17.52;7.103;0.400;0.199;25.22;0.273;28.90;2.938;6.583;< 1.0;0.309;ND;ND;ND;ND
42.088;1/12/2017;NARIÑO;EL PEÑOL;Caña Panelera;Establecido;De 0 a 1 año;Pendiente moderada;No indica;No indica;No indica;6.69;1.665;11.66;5.6;ND;ND;18.62;8.695;0.233;0.226;27.77;0.219;22.11;2.747;4.593;< 1.0;0.129;ND;ND;ND;ND
42.089;1/12/2017;NARIÑO;EL PEÑOL;Caña Panelera;Establecido;De 0 a 1 año;Moderadamente ondulado;No indica;No indica;No indica;6.44;1.252;8.519;2.8;ND;ND;5.565;4.815;0.357;0.142;10.88;0.182;35.57;2.032;5.2;< 1.0;0.201;ND;ND;ND;ND
42.090;1/12/2017;NARIÑO;EL PEÑOL;Caña Panelera;Establecido;De 0 a 1 año;Pendiente moderada;No indica;No indica;No indica;6.4;1.908;47.89;3.2;ND;ND;11.17;7.497;0.775;0.196;19.64;0.196;74.72;2.814;5.285;< 1.0;0.237;ND;ND;ND;ND
42.091;1/12/2017;NARIÑO;EL PEÑOL;Caña Panelera;Establecido;De 0 a 1 año;Moderadamente ondulado;No indica;No indica;No indica;5.73;1.762;4.477;2.4;ND;ND;3.853;1.912;0.384;< 0.1;6.291;0.109;61.73;1.962;6.118;< 1.0;0.111;ND;ND;ND;ND
42.092;1/12/2017;NARIÑO;EL PEÑOL;Caña Panelera;Establecido;De 0 a 1 año;Pendiente moderada;No indica;No indica;No indica;5.87;2.175;5.076;2.199;ND;ND;3.783;1.948;0.230;< 0.1;6.102;0.126;163.7;2.065;8.702;< 1.0;0.129;ND;ND;ND;ND
42.094;1/12/2017;NARIÑO;EL PEÑOL;Caña Panelera;Establecido;De 0 a 1 año;Pendiente moderada;No indica;No indica;No indica;5.81;2.539;3.878;2.8;ND;ND;3.450;1.466;0.560;< 0.1;5.617;0.112;189.2;2.843;12.21;1.609;0.147;ND;ND;ND;ND
42.122;27/11/2017;SANTANDER;PALMAS DEL SOCORRO;Caña Panelera;Establecido;No indica;No indica;No indica;No indica;No indica;5.16;3.510;11.15;2.291;0.324;0.188;6.237;1.038;0.197;< 0.1;7.938;0.305;647.9;1.588;4.25;1.550;0.211;ND;ND;ND;ND
42.126;24/11/2017;SANTANDER;MOGOTES;Caña Panelera;Establecido;No indica;No indica;No indica;No indica;No indica;5.5;6.169;40.6;9.791;ND;ND;4.58;0.43;0.22;< 0.1;5.37;0.23;393.4;< 1.0;1.34;1.48;0.32;ND;ND;ND;ND
42.178;22/11/2017;NARIÑO;LINARES;Caña Panelera;Establecido;De 1 a 5 años;Ondulado;Regular drenaje;No Tiene;SI;5.93;2.460;<3.87;2.708;ND;ND;4.519;1.76;0.51;< 0.1;6.93;0.070;82.89;1.58;4.38;< 1.0;0.12;ND;ND;ND;ND
42.179;22/11/2017;NARIÑO;LINARES;Caña Panelera;Establecido;De 1 a 5 años;Pendiente moderada;Buen drenaje;No Tiene;No indica;5.7;5.077;6.58;7.499;ND;ND;6.2;4.480;0.76;< 0.1;11.58;0.140;222.6;11.54;11.5;8.050;0.140;ND;ND;ND;ND
42.180;22/11/2017;NARIÑO;LINARES;Caña Panelera;Establecido;De 5 a 10 años;Ondulado;Buen drenaje;No Tiene;No indica;6.11;7.693;6.58;3.750;ND;ND;5.78;1.72;1.75;< 0.1;9.39;0.21;140.0;1.71;4.389;2.14;0.16;ND;ND;ND;ND
42.181;22/11/2017;NARIÑO;LINARES;Caña Panelera;Establecido;De 5 a 10 años;Ondulado;Buen drenaje;No Tiene;No indica;6.14;3.157;5.81;6.874;ND;ND;7.98;6.19;0.96;0.15;15.28;0.23;148.6;1.82;5.6;3.04;0.16;ND;ND;ND;ND
42.182;22/11/2017;NARIÑO;LINARES;Caña Panelera;Establecido;De 0 a 1 año;Pendiente moderada;Mal drenaje;No Tiene;No indica;5.91;3.901;6.27;3.333;ND;ND;8.18;2.65;0.7;0.15;11.68;0.140;210.9;8.17;5.88;3.22;0.16;ND;ND;ND;ND
42.183;22/11/2017;NARIÑO;LINARES;Caña Panelera;Establecido;De 5 a 10 años;Ondulado;Buen drenaje;No Tiene;No indica;6.22;1.644;7.19;2.083;ND;ND;10.4;4.769;0.23;< 0.1;15.54;0.12;47.85;3.18;4.099;1.65;0.18;ND;ND;ND;ND
42.185;22/11/2017;NARIÑO;LINARES;Caña Panelera;Establecido;De 1 a 5 años;Pendiente moderada;Buen drenaje;No Tiene;SI;5.96;3.397;3.97;2.708;ND;ND;7.32;2.09;0.550;< 0.1;10.1;0.17;211.4;3.41;7.64;2.069;0.18;ND;ND;ND;ND
42.186;22/11/2017;NARIÑO;LINARES;Caña Panelera;Establecido;De 1 a 5 años;Plano;Buen drenaje;No Tiene;SI;6.72;2.964;194.5;9.999;ND;ND;14.85;2.86;0.38;0.140;18.23;0.41;70.85;7.5;7.5;8.699;0.6;ND;ND;ND;ND
42.189;22/11/2017;NARIÑO;LINARES;Caña Panelera;Establecido;De 5 a 10 años;Ondulado;Regular drenaje;No Tiene;No indica;5.93;2.724;40.6;3.750;ND;ND;6.93;2.04;0.71;< 0.1;9.82;0.25;176;5.44;5.48;5.89;0.2;ND;ND;ND;ND
42.190;22/11/2017;NARIÑO;LINARES;Caña Panelera;Establecido;De 1 a 5 años;Ondulado;Regular drenaje;No Tiene;SI;6.45;1.572;<3.87;3.333;ND;ND;7.61;3.44;0.32;0.17;11.54;0.1;50.42;< 1.0;2.41;< 1.0;0.140;ND;ND;ND;ND
42.191;22/11/2017;NARIÑO;LINARES;Caña Panelera;Establecido;De 5 a 10 años;Pendiente moderada;Buen drenaje;No Tiene;No indica;6.33;3.445;15.47;4.166;ND;ND;10.97;3.52;1.89;< 0.1;16.52;0.18;95.36;4.38;5.33;3.81;0.18;ND;ND;ND;ND
42.192;22/11/2017;NARIÑO;LINARES;Caña Panelera;Establecido;De 0 a 1 año;Pendiente moderada;Buen drenaje;No Tiene;No indica;6.32;2.388;16.39;3.333;ND;ND;7.04;1.61;0.31;< 0.1;9.1;0.19;73.40;2.75;5.38;1.99;0.140;ND;ND;ND;ND
42.193;22/11/2017;NARIÑO;LINARES;Caña Panelera;Establecido;De 5 a 10 años;Pendiente moderada;No indica;No Tiene;No indica;6.28;3.012;12.25;2.083;ND;ND;10.88;3.56;0.95;< 0.1;15.53;0.16;135.9;1.120;3.29;< 1.0;0.12;ND;ND;ND;ND
42.194;22/11/2017;NARIÑO;LINARES;Caña Panelera;Establecido;De 5 a 10 años;Pendiente moderada;No indica;No Tiene;No indica;5.64;3.277;<3.87;5.208;ND;ND;8.92;4.21;0.5;< 0.1;13.77;0.13;150.9;2.4;6.86;< 1.0;0.12;ND;ND;ND;ND
42.195;22/11/2017;NARIÑO;LINARES;Caña Panelera;Establecido;De 1 a 5 años;Pendiente moderada;Buen drenaje;No Tiene;SI;5.99;6.829;7.96;3.750;ND;ND;6.3;1.61;0.82;< 0.1;8.870;0.1;156.5;2.46;4.45;1.35;0.280;ND;ND;ND;ND
42.203;24/11/2017;CUNDINAMARCA;NOCAIMA;Caña Panelera;Establecido;No indica;Pendiente moderada;Buen drenaje;No Tiene;SI;6.07;3.349;6.58;5;ND;ND;24.21;0.37;0.16;< 0.1;24.88;0.2;98.44;9.41;1.100;64.31;0.34;ND;ND;ND;ND
42.982;23/06/2017;RISARALDA;BALBOA;Caña Panelera;Establecido;No indica;Plano;Mal drenaje;Gravedad;NO;6.95;1.08;<3.87;24.23;ND;ND;7.661;7.295;0.159;0.341;15.45;0.271;44.90;7.854;< 1.0;< 1.0;0.032;ND;ND;ND;ND
42.983;23/06/2017;RISARALDA;BALBOA;Caña Panelera;Establecido;No indica;Plano;Mal drenaje;Gravedad;NO;6.6;2.279;6.594;23.79;ND;ND;12.64;10.69;0.240;0.679;24.26;0.298;61.75;8.647;1.44;2.972;0.171;ND;ND;ND;ND
42.984;23/06/2017;RISARALDA;BALBOA;Caña Panelera;Establecido;No indica;Plano;Mal drenaje;Gravedad;NO;6.79;1.88;4.835;21.38;ND;ND;13.45;13.37;0.237;0.879;27.94;0.434;28.53;11.73;1.639;2.33;0.171;ND;ND;ND;ND
42.985;23/06/2017;RISARALDA;BALBOA;Caña Panelera;Establecido;No indica;Plano;Mal drenaje;Gravedad;NO;6.25;2.44;8.971;15.67;ND;ND;12.63;8.733;0.347;0.364;22.07;0.208;143.7;8.323;2.246;2.544;0.171;ND;ND;ND;ND
42.986;23/06/2017;RISARALDA;BALBOA;Caña Panelera;Establecido;No indica;Plano;Mal drenaje;Gravedad;NO;6.73;1.79;3.894;12.39;ND;ND;12.49;10.40;0.231;0.563;23.70;0.221;47.47;10.33;1.090;1.524;0.055;ND;ND;ND;ND
42.987;23/06/2017;RISARALDA;BALBOA;Caña Panelera;Establecido;No indica;Plano;Mal drenaje;Gravedad;NO;6.62;2.240;5.468;16.99;ND;ND;11.50;10.15;0.249;0.643;22.55;0.275;57.78;6.176;1.522;1.437;0.148;ND;ND;ND;ND
42.988;23/06/2017;RISARALDA;BALBOA;Caña Panelera;Establecido;No indica;Plano;Mal drenaje;Gravedad;NO;6.85;1.94;4.773;18.53;ND;ND;13.37;14.24;0.227;0.804;28.65;0.327;34.93;6.615;1.222;1.016;0.125;ND;ND;ND;ND
42.989;23/06/2017;RISARALDA;BALBOA;Caña Panelera;Establecido;No indica;Plano;Mal drenaje;Gravedad;NO;6.26;2.78;4.974;24.67;ND;ND;10.65;9.411;0.243;0.609;20.92;0.425;92.12;7.794;1.804;2.712;0.078;ND;ND;ND;ND
42.990;23/06/2017;RISARALDA;BALBOA;Caña Panelera;Establecido;No indica;Plano;Mal drenaje;Gravedad;NO;6.43;2.38;<3.87;43.31;ND;ND;15.55;14.54;0.180;0.870;31.14;0.532;70.46;8.130;1.169;1.98;0.102;ND;ND;ND;ND
42.991;23/06/2017;RISARALDA;BALBOA;Caña Panelera;Establecido;No indica;Plano;Mal drenaje;Gravedad;NO;6.62;2.19;5.823;24.23;ND;ND;12.38;12.64;0.259;0.523;25.80;0.293;54.84;8.233;1.63;1.272;0.102;ND;ND;ND;ND
42.992;23/06/2017;RISARALDA;BALBOA;Caña Panelera;Establecido;No indica;Plano;Mal drenaje;Gravedad;NO;6.88;1.9;11.27;25.10;ND;ND;12.92;13.40;0.221;0.669;27.22;0.317;33.86;7.727;1.645;< 1.0;0.055;ND;ND;ND;ND
43.008;23/06/2017;RISARALDA;BALBOA;Caña Panelera;Establecido;No indica;Plano;Mal drenaje;Gravedad;NO;6.55;2.79;4.928;10.63;ND;ND;12.32;8.245;0.222;0.417;21.20;0.188;56.7;5.546;1.68;3.165;0.148;ND;ND;ND;ND
43.307;3/03/2017;SANTANDER;OCAMONTE;Caña Panelera;Establecido;De 1 a 5 años;Pendiente;Buen drenaje;No Tiene;CAL, 10-20-20;6.08;4.694;14.27;1.249;ND;ND;20.46;0.850;0.226;< 0.1;21.63;0.208;263.0;1.836;1.708;16.61;0.233;ND;ND;ND;ND
43.308;3/03/2017;SANTANDER;PÁRAMO;Caña Panelera;Establecido;De 1 a 5 años;Ondulado;Buen drenaje;No Tiene;NO;5.07;3.857;12.41;1.551;0.178;0.052;4.491;0.510;0.235;< 0.1;5.515;0.192;565.7;1.48;5.834;1.378;0.122;ND;ND;ND;ND
43.335;3/03/2017;SANTANDER;OCAMONTE;Caña Panelera;Establecido;De 1 a 5 años;Pendiente;Buen drenaje;No Tiene;CAL, 10-20-20;5.72;4.879;23.87;1.551;ND;ND;10.33;1.051;0.601;< 0.1;12.08;0.218;807.9;2.894;1.571;3.715;0.144;ND;ND;ND;ND
43.362;3/03/2017;SANTANDER;OCAMONTE;Caña Panelera;Establecido;De 1 a 5 años;Pendiente;Regular drenaje;No Tiene;CAL, 10-20-20;5.5;4.305;30.73;1.400;0.366;0.253;13.82;0.686;0.183;< 0.1;15.15;0.182;705.3;3.336;1.937;13.73;0.322;ND;ND;ND;ND
43.367;3/03/2017;SANTANDER;OCAMONTE;Caña Panelera;Establecido;De 1 a 5 años;Pendiente;Buen drenaje;No Tiene;CAL, 10-20-20;4.83;3.491;7.520;1.249;3.491;3.163;3.030;0.369;0.119;< 0.1;7.110;0.180;810.3;1.797;1.181;4.454;0.161;ND;ND;ND;ND
43.412;19/04/2017;SANTANDER;OCAMONTE;Caña Panelera;Establecido;De 1 a 5 años;Ondulado;Buen drenaje;No Tiene;CAL, TRIPLE 15;4.7;4.125;14.80;5.603;2.513;2.257;0.956;0.233;0.129;< 0.1;3.933;0.191;516.7;< 1.0;1.680;< 1.0;0.230;ND;ND;ND;ND
43.661;27/02/2017;SANTANDER;PÁRAMO;Caña Panelera;Establecido;De 1 a 5 años;Pendiente;Regular drenaje;No Tiene;CAL, TRIPLE 15;4.95;4.365;12.71;3.622;1.088;0.942;5.017;0.559;0.205;0.126;6.998;0.304;1031.;2.053;2.808;1.638;0.169;ND;ND;ND;ND
43.673;1/03/2017;VALLE DEL CAUCA;JAMUNDÍ;Caña Panelera;Establecido;De 1 a 5 años;Plano;Buen drenaje;Gravedad;N (UREA) 8 BULTOS/HA , P, 50 KG/HA , KCL 2 BULTOS, HA , DAP;6.08;2.387;9.423;1.701;ND;ND;7.681;3.531;0.122;< 0.1;11.43;0.134;91.99;5.629;5.674;< 1.0;0.211;ND;ND;ND;ND
43.674;1/03/2017;VALLE DEL CAUCA;JAMUNDÍ;Caña Panelera;Establecido;De 1 a 5 años;Plano;Buen drenaje;Gravedad;UREA 8 BULTOS/HA, KCL 2 BULTOS /HA, DAP 2 BULTOS/HA;6.3;2.469;9.002;1.551;ND;ND;8.988;5.291;0.095;0.155;14.53;0.167;160.6;7.602;5.380;< 1.0;0.166;ND;ND;ND;ND
43.680;3/03/2017;ANTIOQUIA;YALÍ;Caña Panelera;Establecido;De 0 a 1 año;Ondulado;Regular drenaje;No indica;No indica;4.75;1.836;<3.87;2.454;0.629;0.485;0.717;0.332;<0.09;< 0.1;1.853;0.195;89.02;1.020;3.418;< 1.0;0.144;ND;ND;ND;ND
43.692;1/03/2017;VALLE DEL CAUCA;JAMUNDÍ;Caña Panelera;Establecido;De 1 a 5 años;Plano;Buen drenaje;Gravedad;UREA 8 BULTOS/HA, KCL 2 BULTOS /HA, DAP 2 BULTOS/HA;6.33;2.407;5.304;1.400;ND;ND;8.154;3.863;0.127;0.114;12.26;0.144;89.85;6.525;5.415;< 1.0;0.166;ND;ND;ND;ND
44.326;23/06/2017;RISARALDA;BALBOA;Caña Panelera;Establecido;No indica;Plano;Mal drenaje;Gravedad;NO;6.39;2.319;4.711;16.99;ND;ND;12.55;9.608;0.236;0.483;22.88;0.234;70.59;12.42;3.076;2.994;0.148;ND;ND;ND;ND
44.328;23/06/2017;RISARALDA;BALBOA;Caña Panelera;Establecido;No indica;Plano;Mal drenaje;Gravedad;NO;7.18;0.95;<3.87;13.04;ND;ND;9.115;8.125;0.112;0.376;17.72;0.226;31.24;7.104;< 1.0;< 1.0;0.125;ND;ND;ND;ND
44.977;23/06/2017;RISARALDA;BALBOA;Caña Panelera;Establecido;No indica;Plano;Mal drenaje;Gravedad;NO;6.06;2.76;8.647;20.50;ND;ND;11.55;9.981;0.384;0.363;22.27;0.248;175.5;8.577;3.483;4.325;0.241;ND;ND;ND;ND
45.015;28/08/2017;VALLE DEL CAUCA;SAN PEDRO;Caña Panelera;Establecido;Mas de 10 años;Plano;Regular drenaje;Gravedad;SI;7;2.864;13.47;6;ND;ND;20.94;11.74;0.302;0.248;33.23;0.221;28.04;3.496;1.436;1.307;0.309;ND;ND;ND;ND
45.194;17/08/2017;CUNDINAMARCA;ÚTICA;Caña Panelera;Establecido;De 5 a 10 años;Pendiente moderada;Buen drenaje;No Tiene;No indica;8.23;2.893;4.902;5.5;ND;ND;43.32;0.520;0.115;0.112;44.07;0.551;22.26;< 1.0;< 1.0;< 1.0;0.291;ND;ND;ND;ND
45.601;23/06/2017;RISARALDA;BALBOA;Caña Panelera;Establecido;No indica;Plano;Mal drenaje;Gravedad;NO;6.5;2.319;26.42;16.11;ND;ND;12.40;9.378;0.269;0.446;22.49;0.254;58.76;9.903;2.306;2.045;0.194;ND;ND;ND;ND
45.602;23/06/2017;RISARALDA;BALBOA;Caña Panelera;Establecido;No indica;Plano;Mal drenaje;Gravedad;NO;6.31;3.05;6.795;9.758;ND;ND;14.96;10.44;0.266;0.397;26.06;0.213;77.25;5.432;2.435;4.102;0.171;ND;ND;ND;ND
45.605;23/06/2017;RISARALDA;BALBOA;Caña Panelera;Establecido;No indica;Plano;Mal drenaje;Gravedad;NO;6.78;1.6;6.594;23.13;ND;ND;13.28;10.09;0.381;0.436;24.20;0.302;33.58;9.974;1.935;1.183;0.078;ND;ND;ND;ND
45.850;31/07/2017;TOLIMA;RIOBLANCO;Caña Panelera;Establecido;De 0 a 1 año;Pendiente moderada;Buen drenaje;No Tiene;NO;5.34;2.055;7.738;1.796;1.236;0.915;5.760;1.588;0.344;0.104;9.034;0.232;94.06;< 1.0;7.343;< 1.0;0.177;ND;ND;ND;ND
46.170;19/07/2017;CUNDINAMARCA;NOCAIMA;Caña Panelera;Establecido;De 0 a 1 año;Pendiente moderada;Regular drenaje;No Tiene;SI;6.67;3.561;23.66;4.852;ND;ND;21.56;0.886;0.116;0.102;22.66;0.207;46.30;4.107;< 1.0;119.9;0.323;ND;ND;ND;ND
46.569;16/10/2018;VALLE DEL CAUCA;SAN PEDRO;Caña Panelera;Establecido;No indica;Plano;Mal drenaje;No indica;SI;6.47;2.321;<3.87;45.54;ND;ND;11.17;9.256;<0.09;0.492;21.01;0.463;142.0;10.12;2.832;1.394;0.091;ND;ND;ND;ND
46.570;16/10/2018;VALLE DEL CAUCA;SAN PEDRO;Caña Panelera;Establecido;De 0 a 1 año;Plano;No indica;No indica;SI;7.61;1.763;7.987;49.19;ND;ND;25.85;22.21;0.150;1.258;49.47;0.654;10.48;7.822;< 1.0;< 1.0;0.164;ND;ND;ND;ND
46.571;16/10/2018;VALLE DEL CAUCA;SAN PEDRO;Caña Panelera;Establecido;De 0 a 1 año;Plano;Mal drenaje;No indica;SI;8.11;1.864;22.18;10.89;ND;ND;25.90;22.11;0.423;1.023;49.46;0.466;6.755;4.363;< 1.0;< 1.0;0.183;ND;ND;ND;ND
46.572;16/10/2018;VALLE DEL CAUCA;SAN PEDRO;Caña Panelera;Establecido;No indica;Plano;Buen drenaje;No indica;SI;7.33;2.521;43.14;8.652;ND;ND;23.09;16.13;0.377;0.758;40.36;0.313;9.172;3.984;< 1.0;< 1.0;0.332;ND;ND;ND;ND
46.574;16/10/2018;VALLE DEL CAUCA;SAN PEDRO;Caña Panelera;Establecido;De 0 a 1 año;Plano;Buen drenaje;No indica;SI;8.09;2.733;30.14;9.331;ND;ND;23.49;17.09;0.294;1.560;42.44;0.443;7.942;4.504;< 1.0;< 1.0;0.297;ND;ND;ND;ND
46.575;16/10/2018;VALLE DEL CAUCA;SAN PEDRO;Caña Panelera;Establecido;De 0 a 1 año;Plano;Buen drenaje;No indica;SI;7.28;1.862;27.10;22.83;ND;ND;24.16;21.15;0.340;1.466;47.12;1.045;7.397;3.726;< 1.0;< 1.0;0.246;ND;ND;ND;ND
46.601;16/10/2018;VALLE DEL CAUCA;SAN PEDRO;Caña Panelera;Establecido;De 0 a 1 año;Plano;Buen drenaje;No indica;SI;8.51;1.174;28.27;13.45;ND;ND;24.44;19.86;0.244;2.357;46.91;0.889;8.450;3.375;< 1.0;< 1.0;0.203;ND;ND;ND;ND
46.622;12/10/2018;VALLE DEL CAUCA;PALMIRA;Caña Panelera;Establecido;Mas de 10 años;Plano;Regular drenaje;Gravedad;SI;5.9;2.639;<3.87;7.704;ND;ND;10.59;6.038;0.298;0.173;17.10;0.140;208.5;8.769;21.98;2.634;0.192;ND;ND;ND;ND
46.636;12/10/2018;VALLE DEL CAUCA;PALMIRA;Caña Panelera;Establecido;Mas de 10 años;Plano;Regular drenaje;Gravedad;SI;6.02;2.853;106.0;46.73;ND;ND;11.71;4.645;0.470;< 0.1;16.96;0.415;221.0;7.133;8.168;3.190;0.392;ND;ND;ND;ND
46.646;12/10/2018;VALLE DEL CAUCA;PALMIRA;Caña Panelera;Establecido;Mas de 10 años;Plano;Regular drenaje;Gravedad;SI;4.66;3.146;5.208;65.08;2.519;2.158;2.963;1.030;0.435;< 0.1;7.088;0.448;217.0;3.335;76.55;1.278;0.102;ND;ND;ND;ND
46.729;12/10/2018;VALLE DEL CAUCA;PALMIRA;Caña Panelera;Establecido;Mas de 10 años;Plano;Regular drenaje;Gravedad;SI;5.22;3.895;5.944;24.59;0.950;0.724;7.356;3.719;0.230;< 0.1;12.39;0.264;299.1;9.209;21.51;3.053;0.171;ND;ND;ND;ND
46.730;12/10/2018;VALLE DEL CAUCA;PALMIRA;Caña Panelera;Establecido;Mas de 10 años;Plano;Regular drenaje;Gravedad;SI;4.88;3.608;<3.87;63.50;1.864;1.367;1.489;0.710;0.461;< 0.1;4.665;0.214;162.1;3.304;64.12;< 1.0;0.015;ND;ND;ND;ND
46.731;12/10/2018;VALLE DEL CAUCA;PALMIRA;Caña Panelera;Establecido;De 5 a 10 años;Plano;Regular drenaje;Gravedad;SI;6.24;4.171;7.817;14.62;ND;ND;9.792;5.071;0.220;< 0.1;15.22;0.163;138.4;5.763;6.226;1.640;0.259;ND;ND;ND;ND
46.834;12/10/2018;VALLE DEL CAUCA;PALMIRA;Caña Panelera;Establecido;Mas de 10 años;Plano;Regular drenaje;Gravedad;SI;5.39;2.347;<3.87;16.51;1.027;0.856;9.064;5.344;0.656;0.159;16.25;0.573;134.2;6.968;21.22;1.507;0.389;ND;ND;ND;ND
47.411;27/12/2018;VALLE DEL CAUCA;CARTAGO;Caña Panelera;Establecido;No indica;Plano;Mal drenaje;Gravedad;NO;6.65;5.061;9.461;11.60;ND;ND;15.43;12.86;0.382;0.463;29.15;0.199;59.23;8.058;2.713;1.746;0.239;ND;ND;ND;ND
47.415;27/12/2018;VALLE DEL CAUCA;CARTAGO;Caña Panelera;Establecido;No indica;Plano;Mal drenaje;Gravedad;NO;6.24;5.391;14.83;27.90;ND;ND;14.94;9.471;0.361;0.441;25.21;0.420;140.5;6.682;1.993;3.548;0.239;ND;ND;ND;ND
47.416;27/12/2018;VALLE DEL CAUCA;CARTAGO;Caña Panelera;Establecido;No indica;Plano;Mal drenaje;Gravedad;NO;6.3;4.477;29.43;22.49;ND;ND;13.92;9.805;0.458;0.311;24.50;0.318;169.7;7.595;2.877;3.007;0.419;ND;ND;ND;ND
47.417;27/12/2018;VALLE DEL CAUCA;CARTAGO;Caña Panelera;Establecido;No indica;Plano;Mal drenaje;Gravedad;NO;7.18;3.440;<3.87;8.842;ND;ND;18.67;16.45;0.301;0.856;36.28;0.213;13.06;8.359;1.120;< 1.0;0.126;ND;ND;ND;ND
47.430;27/12/2018;VALLE DEL CAUCA;CARTAGO;Caña Panelera;Establecido;No indica;Plano;Mal drenaje;Gravedad;NO;6.92;3.662;<3.87;12.00;ND;ND;15.31;13.42;0.263;0.558;29.56;0.232;29.05;13.70;1.188;< 1.0;0.217;ND;ND;ND;ND
47.436;27/12/2018;VALLE DEL CAUCA;CARTAGO;Caña Panelera;Establecido;No indica;Plano;Mal drenaje;Gravedad;NO;6.1;3.930;6.066;25.06;ND;ND;16.37;9.313;0.324;0.540;26.55;0.295;78.38;12.34;5.435;4.657;0.216;ND;ND;ND;ND
47.437;27/12/2018;VALLE DEL CAUCA;CARTAGO;Caña Panelera;Establecido;No indica;Plano;Mal drenaje;Gravedad;NO;6.63;4.575;5.602;15.45;ND;ND;12.29;11.32;0.262;0.512;24.39;0.278;80.30;7.031;2.082;2.055;0.283;ND;ND;ND;ND
47.438;27/12/2018;VALLE DEL CAUCA;CARTAGO;Caña Panelera;Establecido;No indica;Plano;Mal drenaje;Gravedad;NO;5.94;5.944;15.91;17.41;ND;ND;14.02;7.852;0.429;0.188;22.49;0.240;271.3;9.103;7.758;5.571;0.329;ND;ND;ND;ND
47.439;27/12/2018;VALLE DEL CAUCA;CARTAGO;Caña Panelera;Establecido;No indica;Plano;Mal drenaje;Gravedad;NO;6.65;4.934;7.662;10.49;ND;ND;15.76;10.15;0.230;0.471;26.62;0.204;52.65;9.657;4.299;3.048;0.242;ND;ND;ND;ND
47.440;27/12/2018;VALLE DEL CAUCA;CARTAGO;Caña Panelera;Establecido;No indica;Plano;Mal drenaje;Gravedad;NO;5.72;2.822;21.13;26.56;ND;ND;14.61;11.17;0.769;0.302;26.86;0.285;345.9;11.33;13.17;5.812;0.844;ND;ND;ND;ND
47.441;27/12/2018;VALLE DEL CAUCA;CARTAGO;Caña Panelera;Establecido;No indica;Plano;Mal drenaje;Gravedad;NO;5.95;5.186;12.23;17.39;ND;ND;12.22;8.714;0.453;0.241;21.63;0.212;317.6;8.813;8.137;4.889;0.419;ND;ND;ND;ND
47.442;27/12/2018;VALLE DEL CAUCA;CARTAGO;Caña Panelera;Establecido;No indica;Plano;Mal drenaje;Gravedad;NO;6.44;4.311;5.753;12.14;ND;ND;13.24;9.469;0.255;0.502;23.47;0.207;83.90;9.553;2.373;4.813;0.148;ND;ND;ND;ND
47.443;27/12/2018;VALLE DEL CAUCA;CARTAGO;Caña Panelera;Establecido;No indica;Plano;Mal drenaje;Gravedad;NO;6.15;2.452;12.79;17.57;ND;ND;13.15;9.950;0.460;0.367;23.93;0.221;237.0;9.737;6.744;4.733;0.374;ND;ND;ND;ND
47.444;27/12/2018;VALLE DEL CAUCA;CARTAGO;Caña Panelera;Establecido;No indica;Plano;Mal drenaje;Gravedad;NO;6.41;4.260;7.978;34.98;ND;ND;13.30;10.91;0.239;0.959;25.42;0.357;101.9;13.85;2.391;3.437;0.193;ND;ND;ND;ND
47.445;27/12/2018;VALLE DEL CAUCA;CARTAGO;Caña Panelera;Establecido;No indica;Plano;Mal drenaje;Gravedad;NO;5.94;4.679;14.67;14.60;ND;ND;14.51;8.892;0.323;0.401;24.12;0.215;326.1;8.887;5.188;3.943;0.307;ND;ND;ND;ND
47.446;27/12/2018;VALLE DEL CAUCA;CARTAGO;Caña Panelera;Establecido;No indica;Plano;Mal drenaje;Gravedad;NO;6.49;5.014;6.055;16.03;ND;ND;15.08;13.05;0.267;0.573;28.98;0.243;136.2;9.911;2.586;2.473;0.239;ND;ND;ND;ND
47.447;27/12/2018;VALLE DEL CAUCA;CARTAGO;Caña Panelera;Establecido;No indica;Plano;Mal drenaje;Gravedad;NO;6.84;4.381;<3.87;42.33;ND;ND;13.71;15.79;0.269;1.648;31.42;0.471;39.40;11.81;1.089;1.393;0.103;ND;ND;ND;ND
47.448;27/12/2018;VALLE DEL CAUCA;CARTAGO;Caña Panelera;Establecido;No indica;Plano;Mal drenaje;Gravedad;NO;6.63;3.946;<3.87;26.59;ND;ND;14.30;13.68;0.256;0.966;29.21;0.321;35.65;7.257;< 1.0;1.289;0.148;ND;ND;ND;ND
47.529;10/12/2018;CUNDINAMARCA;LA PEÑA;Caña Panelera;Establecido;Mas de 10 años;Moderadamente ondulado;Regular drenaje;No Tiene;NO;6.62;3.993;8.940;16.83;ND;ND;38.96;0.960;0.202;0.172;40.30;0.627;86.64;1.856;2.074;8.691;0.294;ND;ND;ND;ND
47.633;12/12/2018;META;PUERTO LÓPEZ;Caña Panelera;Establecido;De 0 a 1 año;Plano;Buen drenaje;No Tiene;No indica;4.87;1.254;<3.87;1.250;1.289;1.129;0.697;0.280;0.187;< 0.1;2.595;0.126;167.3;< 1.0;3.554;< 1.0;0.142;ND;ND;ND;ND
47.829;9/11/2018;SANTANDER;GÜEPSA;Caña Panelera;Establecido;De 0 a 1 año;Pendiente moderada;Buen drenaje;No indica;NO;6.76;5.382;16.31;3.549;ND;ND;34.11;0.913;0.387;< 0.1;35.55;0.333;169.4;< 1.0;2.440;1.335;0.262;ND;ND;ND;ND
48.241;19/07/2018;VALLE DEL CAUCA;GUADALAJARA DE BUGA;Caña Panelera;Establecido;De 0 a 1 año;Plano;Buen drenaje;Gravedad;SI;7.07;1.622;9.274;5.885;ND;ND;10.10;3.788;0.254;0.243;14.39;0.209;58.93;3.380;1.755;< 1.0;0.358;ND;ND;ND;ND
48.249;19/07/2018;VALLE DEL CAUCA;GUADALAJARA DE BUGA;Caña Panelera;Establecido;De 0 a 1 año;Plano;Buen drenaje;Gravedad;SI;6.75;2.080;27.22;5.198;ND;ND;12.80;5.533;0.438;0.308;19.08;0.221;55.48;2.651;1.647;< 1.0;0.577;ND;ND;ND;ND
48.251;19/07/2018;VALLE DEL CAUCA;GUADALAJARA DE BUGA;Caña Panelera;Establecido;De 0 a 1 año;Plano;Buen drenaje;Gravedad;SI;7.19;0.969;19.30;6.972;ND;ND;10.50;3.227;0.178;0.269;14.17;0.214;62.60;2.841;1.074;< 1.0;0.358;ND;ND;ND;ND
48.256;19/07/2018;VALLE DEL CAUCA;GUADALAJARA DE BUGA;Caña Panelera;Establecido;De 0 a 1 año;Plano;Buen drenaje;No indica;SI;6.71;3.231;40.56;43.17;ND;ND;33.52;29.88;0.696;0.987;65.09;1.282;16.67;4.277;2.259;2.331;0.495;ND;ND;ND;ND
48.257;19/07/2018;VALLE DEL CAUCA;GUADALAJARA DE BUGA;Caña Panelera;Establecido;De 0 a 1 año;Plano;Buen drenaje;No indica;SI;7.94;2.540;1033.;24.05;ND;ND;34.60;28.26;2.492;1.538;66.90;1.19;26.36;5.100;4.779;9.183;0.606;ND;ND;ND;ND
48.262;19/07/2018;VALLE DEL CAUCA;GUADALAJARA DE BUGA;Caña Panelera;Establecido;No indica;Plano;Buen drenaje;Goteo;No indica;7;2.346;13.47;32.40;ND;ND;28.05;27.37;0.678;1.486;57.59;0.717;10.63;4.535;1.267;1.191;0.448;ND;ND;ND;ND
48.265;19/07/2018;VALLE DEL CAUCA;GUADALAJARA DE BUGA;Caña Panelera;Establecido;No indica;Plano;Buen drenaje;Goteo;No indica;7.29;3.058;47.91;6.726;ND;ND;32.14;21.93;1.901;0.805;56.78;0.340;14.80;4.752;1.758;< 1.0;0.408;ND;ND;ND;ND
48.267;19/07/2018;VALLE DEL CAUCA;GUADALAJARA DE BUGA;Caña Panelera;Establecido;No indica;Plano;Buen drenaje;Goteo;No indica;7.07;1.584;28.03;11.61;ND;ND;20.93;11.80;0.630;0.540;33.91;0.312;13.56;3.189;< 1.0;< 1.0;0.396;ND;ND;ND;ND
48.268;19/07/2018;VALLE DEL CAUCA;GUADALAJARA DE BUGA;Caña Panelera;Establecido;De 0 a 1 año;Plano;Buen drenaje;No indica;SI;7.07;1.634;38.70;3.739;ND;ND;11.60;7.337;0.221;0.239;19.40;0.243;35.09;1.778;1.548;2.330;0.332;ND;ND;ND;ND
48.269;19/07/2018;VALLE DEL CAUCA;GUADALAJARA DE BUGA;Caña Panelera;Establecido;De 0 a 1 año;Plano;Buen drenaje;No indica;SI;7.62;2.068;15.60;14.97;ND;ND;22.22;25.28;0.498;1.9;49.90;0.490;10.60;3.594;1.841;1.751;0.367;ND;ND;ND;ND
48.270;19/07/2018;VALLE DEL CAUCA;GUADALAJARA DE BUGA;Caña Panelera;Establecido;De 0 a 1 año;Plano;Buen drenaje;Gravedad;SI;6.78;1.943;7.705;8.637;ND;ND;15.00;4.619;0.303;0.297;20.22;0.229;99.95;5.043;3.572;< 1.0;0.489;ND;ND;ND;ND
48.292;14/08/2018;VALLE DEL CAUCA;BUGALAGRANDE;Caña Panelera;Establecido;De 0 a 1 año;Plano;Mal drenaje;Gravedad;SI;8.27;1.668;24.23;8.005;ND;ND;24.32;26.64;0.761;0.937;52.67;0.771;13.35;5.337;2.809;< 1.0;0.348;ND;ND;ND;ND
48.296;14/08/2018;VALLE DEL CAUCA;BUGALAGRANDE;Caña Panelera;Establecido;No indica;Plano;No indica;No indica;SI;7.46;2.785;36.12;10.96;ND;ND;17.90;12.38;1.098;0.283;31.67;0.376;22.34;3.433;3.346;< 1.0;0.468;ND;ND;ND;ND
48.297;14/08/2018;VALLE DEL CAUCA;BUGALAGRANDE;Caña Panelera;Establecido;No indica;Plano;Mal drenaje;Gravedad;SI;7.87;1.690;24.38;7.864;ND;ND;22.21;13.86;0.804;0.240;37.12;0.485;9.870;3.340;< 1.0;< 1.0;0.379;ND;ND;ND;ND
48.299;14/08/2018;VALLE DEL CAUCA;BUGALAGRANDE;Caña Panelera;Establecido;De 0 a 1 año;Plano;Mal drenaje;Gravedad;SI;8.09;2.914;38.64;8.958;ND;ND;21.45;20.27;0.929;0.266;42.91;0.499;13.89;5.380;2.378;< 1.0;0.305;ND;ND;ND;ND
48.300;14/08/2018;VALLE DEL CAUCA;BUGALAGRANDE;Caña Panelera;Establecido;De 0 a 1 año;Plano;Buen drenaje;Cañon;SI;7.66;1.761;282.3;5.582;ND;ND;18.60;10.83;1.265;0.202;30.90;0.347;23.36;7.319;2.377;1.136;0.422;ND;ND;ND;ND
48.304;14/08/2018;VALLE DEL CAUCA;BUGALAGRANDE;Caña Panelera;Establecido;De 0 a 1 año;Plano;Mal drenaje;Gravedad;SI;8.23;2.153;1338.;12.90;ND;ND;27.88;10.82;3.335;0.488;42.53;0.768;18.46;4.660;6.349;3.147;0.483;ND;ND;ND;ND
48.306;14/08/2018;VALLE DEL CAUCA;BUGALAGRANDE;Caña Panelera;Establecido;De 0 a 1 año;Plano;Buen drenaje;Cañon;SI;7.51;2.006;49.01;4.713;ND;ND;17.56;12.59;0.551;0.273;30.98;0.245;32.91;6.355;1.864;1.245;0.378;ND;ND;ND;ND
48.308;14/08/2018;VALLE DEL CAUCA;BUGALAGRANDE;Caña Panelera;Establecido;De 0 a 1 año;Plano;Buen drenaje;Cañon;SI;7.61;2.797;152.7;9.511;ND;ND;25.71;8.696;0.485;0.362;35.25;0.384;33.75;5.498;1.726;3.919;0.439;ND;ND;ND;ND
48.636;22/08/2018;VALLE DEL CAUCA;GINEBRA;Caña Panelera;Establecido;No indica;Plano;Buen drenaje;Gravedad;NO;7.12;1.921;<3.87;3.366;ND;ND;10.46;6.324;0.233;< 0.1;17.16;0.212;33.27;2.332;4.464;< 1.0;0.177;ND;ND;ND;ND
48.637;22/08/2018;VALLE DEL CAUCA;GINEBRA;Caña Panelera;Establecido;No indica;Plano;Buen drenaje;Gravedad;NO;7.38;3.013;5.206;3.085;ND;ND;10.92;4.760;0.228;< 0.1;16.05;0.216;36.89;5.912;2.425;< 1.0;0.163;ND;ND;ND;ND
48.641;22/08/2018;VALLE DEL CAUCA;SAN PEDRO;Caña Panelera;Establecido;De 0 a 1 año;Plano;Regular drenaje;Gravedad;No indica;8.15;1.616;4.037;8.461;ND;ND;11.38;14.78;0.257;0.399;26.83;0.367;28.87;4.061;1.842;< 1.0;0.178;ND;ND;ND;ND
48.642;22/08/2018;VALLE DEL CAUCA;SAN PEDRO;Caña Panelera;Establecido;No indica;Plano;Regular drenaje;Gravedad;No indica;8.220;2.083;9.982;7.089;ND;ND;9.949;9.954;0.206;2.102;22.21;0.464;63.17;5.558;1.877;< 1.0;0.237;ND;ND;ND;ND
48.643;22/08/2018;VALLE DEL CAUCA;SAN PEDRO;Caña Panelera;Establecido;De 0 a 1 año;Plano;Regular drenaje;Gravedad;No indica;6.31;2.071;8.252;1356.;ND;ND;7.998;18.68;0.172;4.030;30.88;8.255;54.21;13.26;2.010;< 1.0;0.163;ND;ND;ND;ND
48.644;22/08/2018;VALLE DEL CAUCA;SAN PEDRO;Caña Panelera;Establecido;De 0 a 1 año;Plano;Buen drenaje;Gravedad;SI;8.029;1.816;134.3;2.880;ND;ND;9.089;5.156;0.432;0.181;14.86;0.335;40.77;4.059;3.114;1.489;0.247;ND;ND;ND;ND
48.645;22/08/2018;VALLE DEL CAUCA;SAN PEDRO;Caña Panelera;Establecido;No indica;Plano;Buen drenaje;Gravedad;SI;8.1;2.671;34.91;33.01;ND;ND;21.35;7.227;0.467;0.440;29.49;1.087;30.60;3.746;5.708;< 1.0;0.250;ND;ND;ND;ND
48.649;22/08/2018;VALLE DEL CAUCA;SAN PEDRO;Caña Panelera;Establecido;De 0 a 1 año;Plano;Buen drenaje;Gravedad;SI;7.34;1.452;10.53;3.169;ND;ND;8.885;4.220;0.138;0.203;13.44;0.275;42.19;2.616;1.993;< 1.0;0.159;ND;ND;ND;ND
48.651;22/08/2018;VALLE DEL CAUCA;GINEBRA;Caña Panelera;Establecido;No indica;Plano;Buen drenaje;Gravedad;NO;7.23;2.567;6.340;5.273;ND;ND;14.40;8.053;0.131;0.190;22.77;0.268;78.85;7.004;3.026;< 1.0;0.176;ND;ND;ND;ND
48.653;22/08/2018;VALLE DEL CAUCA;GINEBRA;Caña Panelera;Establecido;No indica;Plano;Buen drenaje;Gravedad;NO;7.36;2.480;5.670;3.228;ND;ND;13.95;8.144;0.186;< 0.1;22.42;0.264;40.96;3.525;3.817;< 1.0;0.207;ND;ND;ND;ND
48.654;22/08/2018;VALLE DEL CAUCA;GINEBRA;Caña Panelera;Establecido;No indica;Plano;Buen drenaje;Gravedad;NO;6.83;1.997;12.15;2.734;ND;ND;10.66;5.604;0.235;< 0.1;16.64;0.403;73.20;5.230;2.810;< 1.0;0.189;ND;ND;ND;ND
48.670;14/08/2018;VALLE DEL CAUCA;BUGALAGRANDE;Caña Panelera;Establecido;No indica;Plano;Mal drenaje;Gravedad;SI;7.55;3.228;9.745;12.60;ND;ND;29.46;24.52;0.459;0.741;55.19;0.434;18.61;6.618;14.22;< 1.0;0.278;ND;ND;ND;ND
50.111;10/09/2018;VALLE DEL CAUCA;SAN PEDRO;Caña Panelera;Establecido;No indica;Plano;Regular drenaje;Gravedad;SI;7;2.452;12.64;7.953;ND;ND;16.24;9.308;0.231;0.256;26.04;0.199;28.83;3.524;< 1.0;2.717;0.254;ND;ND;ND;ND
50.112;10/09/2018;VALLE DEL CAUCA;SAN PEDRO;Caña Panelera;Establecido;No indica;Plano;Regular drenaje;Gravedad;SI;7;2.452;12.64;7.953;ND;ND;16.24;9.308;0.231;0.256;26.04;0.199;28.83;3.524;< 1.0;2.717;0.254;ND;ND;ND;ND
50.251;21/09/2018;VALLE DEL CAUCA;TULUÁ;Caña Panelera;Establecido;De 0 a 1 año;Plano;Regular drenaje;Aspersión;No indica;7.2;2.336;69.96;3.946;ND;ND;20.33;10.22;0.296;< 0.1;30.99;0.202;31.47;3.047;< 1.0;1.155;0.222;ND;ND;ND;ND
50.252;21/09/2018;VALLE DEL CAUCA;TULUÁ;Caña Panelera;Establecido;De 0 a 1 año;Plano;Regular drenaje;Aspersión;No indica;7.19;2.000;159.6;7.134;ND;ND;21.06;7.437;0.525;< 0.1;29.16;0.330;62.55;5.194;1.453;2.996;0.293;ND;ND;ND;ND
50.590;10/10/2019;SANTANDER;GÜEPSA;Caña Panelera;ESTABLECIDO;de 5 a 10 años;Pendiente leve;Buen drenaje;No Indica;Tres triplex 18;6.19;3.42;4.10;1.89;ND;ND;22.26;1.30;0.32;0.17;24.05;0.14;276.26;3.48;6.69;13.69;0.48;ND;ND;ND;ND
50.591;10/10/2019;SANTANDER;GÜEPSA;Caña Panelera;ESTABLECIDO;de 1 a 5 años;Plano;Regular drenaje;No Indica;Tres triplex 18;6.60;4.01;15.52;3.91;ND;ND;28.44;1.06;0.33;0.20;30.03;0.16;86.63;2.58;3.96;4.10;0.36;ND;ND;ND;ND
51.046;29/10/2019;CUNDINAMARCA;VILLETA;Caña Panelera;ESTABLECIDO;mas de 10 años;Pendiente moderada;Buen drenaje;No Tiene;No indica;7.03;4.43;17.48;7.14;ND;ND;37.27;0.63;0.16;<0.14;38.15;0.66;73.95;5.34;1.74;60.69;0.50;ND;ND;ND;ND
51.047;29/10/2019;CUNDINAMARCA;VILLETA;Caña Panelera;ESTABLECIDO;mas de 10 años;Pendiente moderada;Buen drenaje;No Tiene;No indica;7.55;4.57;8.83;10.52;ND;ND;48.40;0.60;0.15;<0.14;49.24;0.71;ND;ND;ND;ND;0.62;ND;ND;ND;ND
51.048;29/10/2019;CUNDINAMARCA;VILLETA;Caña Panelera;ESTABLECIDO;mas de 10 años;Pendiente moderada;Buen drenaje;No Tiene;ABONO ORGANICO BIOCANE;6.90;5.90;23.11;90.17;ND;ND;49.49;1.80;0.32;<0.14;51.72;1.31;70.74;8.90;1.99;85.13;0.61;ND;ND;ND;ND
51.049;29/10/2019;CUNDINAMARCA;VILLETA;Caña Panelera;ESTABLECIDO;mas de 10 años;Moderadamente ondulado;Buen drenaje;No Tiene;No indica;5.67;5.05;11.69;5.38;ND;ND;11.99;2.96;0.32;<0.14;15.36;0.31;196.05;2.85;12.29;2.99;0.38;ND;ND;ND;ND
51.052;29/10/2019;NARIÑO;SANDONÁ;Caña Panelera;ESTABLECIDO;mas de 10 años;Pendiente moderada;Buen drenaje;No Indica;13-26-6;7.19;4.82;21.49;2.16;ND;ND;43.76;2.63;0.33;0.14;46.86;0.60;63.37;3.27;3.40;18.57;0.42;ND;ND;ND;ND
54.433;3/05/2019;VALLE DEL CAUCA;TULUÁ;Caña Panelera;ESTABLECIDO;De 0 a 1 año;Pendiente moderada;No indica;No Indica;No indica;6.84;2.50;<3.87;2.80;ND;ND;13.94;8.50;0.13;0.16;22.73;0.16;57.07;3.62;3.28;<1.00;0.19;ND;ND;ND;ND
54.469;17/05/2019;VALLE DEL CAUCA;ROLDANILLO;Caña Panelera;ESTABLECIDO;De 0 a 1 año;Plano;Buen drenaje;Gravedad;UREA, KCL, SULFATO DE AMONIO, DAP;6.84;1.28;28.89;2.62;ND;ND;11.36;5.28;0.30;0.17;17.11;0.14;97.51;6.21;2.07;<1.00;0.34;ND;ND;ND;ND
54.492;24/04/2019;ANTIOQUIA;YOLOMBÓ;Caña Panelera;ESTABLECIDO;de 5 a 10 años;Moderadamente ondulado;Buen drenaje;No Tiene;No indica;5.52;1.06;<3.87;1.92;ND;ND;5.91;4.06;0.50;0.18;10.65;0.13;32.05;<1.00;11.95;<1.00;0.05;ND;ND;ND;ND
54.493;26/04/2019;SANTANDER;OIBA;Caña Panelera;ESTABLECIDO;De 0 a 1 año;Moderadamente ondulado;Buen drenaje;No Tiene;Triple 15;5.07;4.03;3.91;6.39;3.89;3.48;2.44;0.35;0.19;<0.14;6.94;0.11;1009.32;<1.00;2.78;1.57;0.27;ND;ND;ND;ND
56.561;15/09/2020;CUNDINAMARCA;LA PEÑA;Caña Panelera;ESTABLECIDO;mas de 10 años;Moderadamente ondulado;Regular drenaje;No Tiene;No se aplica;6.02;15.02;21.09;14.09;ND;ND;8.41;6.81;6.55;0.16;21.93;0.86;858.23;4.70;36.34;14.20;0.54;ND;ND;ND;ND
56.573;15/09/2020;CAUCA;CAJIBÍO;Caña Panelera;ESTABLECIDO;de 1 a 5 años;Moderadamente ondulado;Buen drenaje;No Tiene;No;5.77;11.53;<3.87;5.49;ND;ND;2.07;0.69;0.21;<0.14;3.01;0.15;90.61;2.47;1.50;<1.00;0.15;ND;ND;ND;ND
56.642;22/09/2020;SANTANDER;OCAMONTE;Caña Panelera;ESTABLECIDO;de 1 a 5 años;Ligeramente ondulado;Regular drenaje;No Tiene;10-20-20;7.25;2.07;33.43;5.36;ND;ND;34.21;0.94;0.19;<0.14;35.42;0.25;102.42;2.20;2.75;2.62;ND;ND;ND;ND;ND
56.724;3/09/2020;TOLIMA;ROVIRA;Caña Panelera;ESTABLECIDO;mas de 10 años;Plano;Buen drenaje;Aspersión;No indica;6.08;4.24;40.04;1.51;ND;ND;9.37;1.67;0.28;<0.14;11.38;0.21;96.69;1.55;3.96;56.00;0.29;ND;ND;ND;ND
56.789;9/09/2020;VALLE DEL CAUCA;JAMUNDÍ;Caña Panelera;ESTABLECIDO;De 0 a 1 año;Pendiente moderada;Buen drenaje;No Tiene;No se ha fertilizado;4.38;2.98;4.73;7.89;9.57;8.61;<1.12;0.22;0.22;<0.14;10.83;0.19;259.86;4.74;3.80;20.41;0.39;ND;ND;ND;ND
57.541;25/08/2020;CUNDINAMARCA;CAPARRAPÍ;Caña Panelera;ESTABLECIDO;mas de 10 años;Moderadamente ondulado;Buen drenaje;No Tiene;No indica;7.92;4.10;10.75;2.92;ND;ND;42.61;0.25;0.16;<0.14;43.09;0.64;17.78;1.52;1.13;4.48;0.54;ND;ND;ND;ND
60.352;23/06/2020;VICHADA;PUERTO CARREÑO;Caña Panelera;ESTABLECIDO;de 1 a 5 años;Plano;No indica;No Indica;No indica;4.77;1.96;5.17;5.37;0.86;0.58;<1.12;<0.20;<0.09;<0.14;1.61;0.21;66.08;<1.00;<1.00;<1.00;0.14;ND;ND;ND;ND
61.463;15/04/2020;SANTANDER;GÜEPSA;Caña Panelera;ESTABLECIDO;de 1 a 5 años;Plano;Buen drenaje;No Tiene;Urea, Triple 15, KCL;6.22;5.96;28.30;7.74;ND;ND;25.49;1.20;0.44;<0.14;27.24;0.48;55.76;<1.00;3.72;1.29;0.64;ND;ND;ND;ND
61.633;4/10/2021;CUNDINAMARCA;EL PEÑÓN;Caña Panelera;ESTABLECIDO;De 0 a 1 año;Moderadamente ondulado;Buen drenaje;No Indica;No indica;4.85;4.00;4.87;2.48;3.78;3.65;0.49;0.18;<0.09;<0.14;4.57;0.08;194.71;<1.00;<1.00;2.67;0.07;ND;ND;ND;ND
61.810;29/09/2021;BOYACÁ;SANTANA;Caña Panelera;ESTABLECIDO;de 1 a 5 años;Moderadamente ondulado;Regular drenaje;No Tiene;No indica;5.51;3.17;16.25;3.49;ND;ND;13.67;0.94;0.19;<0.14;14.88;0.22;339.30;<1.00;7.69;1.83;0.27;ND;ND;ND;ND
61.846;20/09/2021;BOYACÁ;SAN JOSÉ DE PARE;Caña Panelera;ESTABLECIDO;de 1 a 5 años;Moderadamente ondulado;Buen drenaje;No Tiene;No indica;5.22;4.02;7.22;13.45;2.43;2.07;2.36;0.63;0.28;<0.14;5.76;0.15;565.00;<1.00;3.49;<1.00;0.17;ND;ND;ND;ND
61.852;17/09/2021;BOYACÁ;SAN JOSÉ DE PARE;Caña Panelera;ESTABLECIDO;de 1 a 5 años;Moderadamente ondulado;Regular drenaje;No Tiene;No indica;5.59;3.12;41.15;10.85;ND;ND;14.92;1.14;0.36;<0.14;16.49;0.21;516.95;<1.00;7.51;1.76;0.46;ND;ND;ND;ND
62.100;21/10/2021;SANTANDER;SAN BENITO;Caña Panelera;ESTABLECIDO;De 0 a 1 año;Pendiente moderada;Regular drenaje;No Indica;No indica;6.60;5.55;22.81;4.26;ND;ND;21.57;1.36;0.32;<0.14;23.37;0.28;204.51;2.03;3.68;4.03;0.52;ND;ND;ND;ND
62.102;21/10/2021;SANTANDER;GUADALUPE;Caña Panelera;ESTABLECIDO;de 1 a 5 años;Pendiente moderada;Buen drenaje;No Indica;No indica;4.82;3.26;3.97;5.51;5.88;4.86;4.68;0.57;0.24;<0.14;11.45;0.15;635.65;4.96;18.85;16.16;0.25;ND;ND;ND;ND
62.103;21/10/2021;SANTANDER;SAN BENITO;Caña Panelera;ESTABLECIDO;de 5 a 10 años;Pendiente moderada;Buen drenaje;No Indica;No indica;5.46;3.34;6.08;5.01;0.17;0.00;8.11;0.55;0.20;<0.14;9.10;0.21;416.14;1.30;6.11;2.75;0.23;ND;ND;ND;ND
62.468;19/08/2021;SANTANDER;BARBOSA;Caña Panelera;ESTABLECIDO;De 0 a 1 año;Moderadamente ondulado;Mal drenaje;No Indica;No;5.91;4.47;6.51;13.36;ND;ND;12.60;0.68;0.38;<0.14;13.78;0.51;565.99;<1.00;4.19;1.39;0.22;ND;ND;ND;ND
62.479;19/08/2021;SANTANDER;BARBOSA;Caña Panelera;ESTABLECIDO;De 0 a 1 año;Moderadamente ondulado;Mal drenaje;No Indica;No;6.80;4.36;ND;13.99;ND;ND;29.44;1.15;0.31;<0.14;30.99;0.67;301.05;<1.00;1.54;1.31;0.28;ND;ND;ND;ND
62.907;27/08/2021;SANTANDER;OCAMONTE;Caña Panelera;ESTABLECIDO;de 1 a 5 años;Plano y ondulado;Regular drenaje;No Indica;No indica;5.66;3.67;49.46;5.99;ND;ND;17.39;0.86;0.23;<0.14;18.58;0.17;395.99;4.00;5.49;9.90;0.25;ND;ND;ND;ND
65.038;17/11/2021;BOYACÁ;SANTANA;Caña Panelera;ESTABLECIDO;de 1 a 5 años;Plano;Buen drenaje;No Tiene;Cal dolomita;5.13;2.48;63.09;4.15;1.27;0.96;3.16;0.33;0.14;<0.14;4.93;0.17;346.44;1.42;15.71;7.35;0.26;ND;ND;ND;ND
65.380;9/04/2021;BOYACÁ;TOGÜÍ;Caña Panelera;ESTABLECIDO;De 0 a 1 año;Plano;Buen drenaje;No Indica;No indica;4.79;5.41;10.64;ND;4.09;3.56;<1.12;0.27;0.32;<0.14;5.35;0.25;557.85;<1.00;6.11;1.28;ND;ND;ND;ND;ND
65.542;5/04/2021;NORTE DE SANTANDER;CONVENCIÓN;Caña Panelera;ESTABLECIDO;de 1 a 5 años;Pendiente moderada;Buen drenaje;No Tiene;No indica;5.13;1.07;<3.87;ND;0.77;0.33;1.84;0.78;<0.09;<0.14;3.54;0.14;67.95;1.95;67.57;2.46;ND;ND;ND;ND;ND
65.935;19/04/2021;BOYACÁ;TOGÜÍ;Caña Panelera;ESTABLECIDO;De 0 a 1 año;Pendiente moderada;Buen drenaje;No Indica;Cal;5.40;4.21;50.68;ND;1.45;1.02;15.77;0.77;0.30;<0.14;18.39;0.26;800.37;17.78;10.81;40.56;ND;ND;ND;ND;ND
65.939;19/04/2021;BOYACÁ;TOGÜÍ;Caña Panelera;ESTABLECIDO;De 0 a 1 año;Moderadamente ondulado;Buen drenaje;No Indica;Triple 18;4.47;7.93;16.52;ND;6.74;5.61;2.63;<0.20;0.25;<0.14;9.88;0.21;668.36;<1.00;3.87;<1.00;ND;ND;ND;ND;ND
65.940;19/04/2021;BOYACÁ;TOGÜÍ;Caña Panelera;ESTABLECIDO;De 0 a 1 año;Moderadamente ondulado;Buen drenaje;No Indica;No indica;4.55;8.67;15.28;ND;5.51;4.66;2.94;0.25;0.27;<0.14;9.05;0.22;302.02;<1.00;2.23;<1.00;ND;ND;ND;ND;ND
65.971;27/04/2021;CALDAS;SAMANÁ;Caña Panelera;ESTABLECIDO;mas de 10 años;Moderadamente ondulado;Buen drenaje;No Tiene;Ninguno;5.50;10.96;ND;6.68;ND;ND;1.53;0.33;0.17;<0.14;2.10;0.19;ND;ND;ND;ND;0.17;ND;ND;ND;ND
66.303;18/01/2021;CUNDINAMARCA;SASAIMA;Caña Panelera;ESTABLECIDO;de 1 a 5 años;Moderadamente ondulado;Buen drenaje;No Tiene;Abono organico compostado, cal dolomita, roca fosforica;5.23;4.76;14.30;25.66;1.74;1.38;3.53;0.90;0.29;<0.14;6.53;0.20;329.65;<1.00;<1.00;1.55;0.08;ND;ND;ND;ND
66.324;19/01/2021;SANTANDER;OCAMONTE;Caña Panelera;ESTABLECIDO;de 1 a 5 años;Moderadamente ondulado;Buen drenaje;No Tiene;No indica;5.25;2.81;8.65;0.88;1.47;1.30;9.13;1.22;0.27;<0.14;12.15;0.14;487.17;<1.00;5.45;1.78;0.08;ND;ND;ND;ND
66.469;21/01/2021;SANTANDER;OCAMONTE;Caña Panelera;ESTABLECIDO;de 1 a 5 años;Moderadamente ondulado;Buen drenaje;No Tiene;No indica;5.08;3.57;21.03;4.10;2.48;1.93;7.23;1.26;0.38;<0.14;11.45;0.16;609.25;1.32;6.06;2.56;0.18;ND;ND;ND;ND
66.693;9/03/2021;BOYACÁ;CHITARAQUE;Caña Panelera;ESTABLECIDO;de 1 a 5 años;Pendiente fuerte;Buen drenaje;No Tiene;15-15-15 20BTS/Ha;5.10;4.48;19.82;15.19;3.19;3.02;3.29;0.95;0.35;<0.14;7.86;0.17;377.11;<1.00;1.76;<1.00;0.32;ND;ND;ND;ND
66.724;10/03/2021;ANTIOQUIA;YARUMAL;Caña Panelera;ESTABLECIDO;de 1 a 5 años;Ondulado y Pendiente;Buen drenaje;No Tiene;No indica;5.32;4.24;<3.87;4.46;0.79;0.58;2.33;0.91;0.14;<0.14;4.24;0.13;312.05;4.77;5.14;<1.00;0.15;ND;ND;ND;ND
66.967;26/02/2021;BOGOTÁ, D.C.;BOGOTÁ,  D.C.;Caña Panelera;ESTABLECIDO;de 5 a 10 años;Pendiente moderada;Buen drenaje;No Indica;15-15-15;5.26;7.69;ND;ND;1.56;1.40;4.53;0.61;0.37;<0.14;7.14;0.27;317.42;1.45;4.54;14.18;0.12;ND;ND;ND;ND
66.968;26/02/2021;BOGOTÁ, D.C.;BOGOTÁ,  D.C.;Caña Panelera;ESTABLECIDO;De 0 a 1 año;Pendiente moderada;Buen drenaje;No Indica;15-15-15;4.68;2.07;8.55;9.09;4.33;3.83;3.93;0.53;0.30;<0.14;9.16;0.45;555.55;1.76;13.34;5.25;0.25;ND;ND;ND;ND
66.969;26/02/2021;BOGOTÁ, D.C.;BOGOTÁ,  D.C.;Caña Panelera;ESTABLECIDO;de 5 a 10 años;Moderadamente ondulado;Buen drenaje;No Indica;10-20-30;5.21;1.38;22.71;4.27;1.15;0.87;4.22;0.38;0.13;<0.14;5.95;0.13;528.38;1.40;6.54;5.73;0.25;ND;ND;ND;ND
68.741;21/06/2021;BOYACÁ;TOGÜÍ;Caña Panelera;ESTABLECIDO;De 0 a 1 año;Plano;Regular drenaje;No Tiene;No indica;4.64;2.17;5.76;9.52;4.17;3.62;1.98;0.27;0.15;<0.14;6.67;0.26;296.34;2.39;11.26;8.43;0.20;ND;ND;ND;ND
69.616;7/10/2022;CUNDINAMARCA;CAPARRAPÍ;Caña Panelera;ESTABLECIDO;de 5 a 10 años;Moderadamente ondulado;Regular drenaje;No Tiene;NO;4.98;3.02;5.92;2.59;2.18;1.57;3.56;2.11;0.28;0.15;8.28;0.29;221.37;2.59;33.59;2.48;0.26;ND;ND;ND;ND
70.279;19/08/2022;SANTANDER;GÜEPSA;Caña Panelera;ESTABLECIDO;De 0 a 1 año;Pendiente moderada;Regular drenaje;No Tiene;No indica;6.88;4.98;18.99;5.32;ND;ND;31.08;1.09;0.31;<0.14;32.58;0.40;101.14;<1.00;3.12;1.69;0.42;ND;ND;ND;ND
70.283;19/08/2022;SANTANDER;BARBOSA;Caña Panelera;ESTABLECIDO;de 1 a 5 años;Pendiente moderada;Buen drenaje;No Tiene;No indica;4.93;5.48;5.79;8.53;2.57;2.14;1.86;0.48;0.28;<0.14;5.25;0.29;324.41;<1.00;4.19;<1.00;0.15;ND;ND;ND;ND
70.589;9/08/2022;SANTANDER;GÜEPSA;Caña Panelera;ESTABLECIDO;De 0 a 1 año;Pendiente moderada;Regular drenaje;No Tiene;No indica;5.35;4.24;9.14;1.56;0.68;0.44;9.53;0.50;0.30;<0.14;11.07;0.18;806.34;1.01;20.37;2.24;0.39;ND;ND;ND;ND
70.590;9/08/2022;SANTANDER;SAN BENITO;Caña Panelera;ESTABLECIDO;De 0 a 1 año;Plano;Regular drenaje;No Tiene;No indica;7.38;4.28;17.29;15.94;ND;ND;24.94;0.87;0.18;<0.14;26.07;0.50;112.45;2.24;7.96;9.00;0.46;ND;ND;ND;ND
71.294;30/11/2022;SANTANDER;SAN BENITO;Caña Panelera;ESTABLECIDO;De 0 a 1 año;Pendiente moderada;Regular drenaje;No Tiene;No indica;7.60;6.07;23.81;8.62;ND;ND;34.15;1.08;0.32;0.16;35.71;0.70;67.47;2.31;2.55;2.22;0.14;ND;ND;ND;ND
71.796;23/11/2022;BOYACÁ;CHITARAQUE;Caña Panelera;ESTABLECIDO;De 0 a 1 año;Pendiente moderada;Buen drenaje;No Tiene;No indica;4.86;9.69;5.61;11.34;4.69;3.94;2.02;0.80;0.47;<0.14;8.09;0.25;554.68;1.25;12.62;2.40;0.12;ND;ND;ND;ND
73.417;15/11/2022;CUNDINAMARCA;GUADUAS;Caña Panelera;ESTABLECIDO;mas de 10 años;Moderadamente ondulado;Buen drenaje;No Tiene;SI;4.95;5.69;4.83;14.26;1.86;1.52;2.18;0.65;0.29;<0.14;5.04;0.20;277.76;1.49;10.25;2.25;0.05;ND;ND;ND;ND
73.420;15/11/2022;CUNDINAMARCA;GUADUAS;Caña Panelera;ESTABLECIDO;mas de 10 años;Moderadamente ondulado;Buen drenaje;No Tiene;SI;5.20;6.98;6.39;ND;1.24;1.00;4.74;0.56;0.22;<0.14;6.82;ND;252.98;<1.00;4.31;1.89;0.09;ND;ND;ND;ND
73.421;15/11/2022;CUNDINAMARCA;GUADUAS;Caña Panelera;ESTABLECIDO;de 5 a 10 años;Pendiente moderada;Buen drenaje;No Tiene;SI;4.88;6.28;3.05;20.49;5.14;4.58;1.10;0.23;0.14;<0.14;6.71;0.22;300.50;<1.00;2.61;<1.00;0.05;ND;ND;ND;ND
73.422;15/11/2022;CUNDINAMARCA;GUADUAS;Caña Panelera;ESTABLECIDO;mas de 10 años;Plano;Buen drenaje;No Tiene;SI;4.80;3.78;3.67;13.70;2.01;1.60;1.61;0.43;0.14;<0.14;4.24;0.17;256.00;1.15;3.55;3.26;0.07;ND;ND;ND;ND
73.424;15/11/2022;CUNDINAMARCA;GUADUAS;Caña Panelera;ESTABLECIDO;de 5 a 10 años;Moderadamente ondulado;Buen drenaje;No Tiene;SI;6.16;6.26;ND;88.20;ND;ND;9.70;1.38;0.20;<0.14;11.35;0.20;109.19;1.96;3.77;15.55;0.07;ND;ND;ND;ND
73.784;8/03/2022;CUNDINAMARCA;CAPARRAPÍ;Caña Panelera;ESTABLECIDO;de 5 a 10 años;Moderadamente ondulado;Buen drenaje;No Tiene;No;8.02;5.12;12.78;3.26;ND;ND;63.47;0.37;0.23;<0.14;64.16;0.71;42.61;4.26;1.92;8.94;0.30;ND;ND;ND;ND
74.002;23/02/2022;CUNDINAMARCA;EL PEÑÓN;Caña Panelera;ESTABLECIDO;mas de 10 años;Moderadamente ondulado;Buen drenaje;No Tiene;No indica;5.24;9.43;31.61;8.48;1.42;1.15;5.15;1.19;0.45;<0.14;9.32;0.39;279.81;2.14;2.96;8.05;0.27;ND;ND;ND;ND
74.110;21/02/2022;VICHADA;PUERTO CARREÑO;Caña Panelera;ESTABLECIDO;de 1 a 5 años;Plano;Buen drenaje;Aspersión;Ninguno;6.58;2.29;71.89;6.77;ND;ND;5.54;0.17;<0.09;<0.14;5.80;0.23;62.51;<1.00;<1.00;1.07;0.41;ND;ND;ND;ND
74.111;21/02/2022;VICHADA;PUERTO CARREÑO;Caña Panelera;ESTABLECIDO;de 1 a 5 años;Plano;Buen drenaje;Aspersión;Ninguno;5.72;2.76;11.63;4.32;ND;ND;1.32;0.13;<0.09;<0.14;1.58;0.10;101.08;<1.00;1.19;<1.00;0.15;ND;ND;ND;ND
74.112;21/02/2022;VICHADA;PUERTO CARREÑO;Caña Panelera;ESTABLECIDO;de 1 a 5 años;Plano;Buen drenaje;Goteo;Ninguno;5.27;0.45;1.44;2.40;0.45;0.26;0.25;0.08;<0.09;<0.14;0.84;0.06;25.24;<1.00;<1.00;<1.00;0.17;ND;ND;ND;ND
74.118;16/02/2022;BOYACÁ;SANTANA;Caña Panelera;ESTABLECIDO;de 1 a 5 años;Moderadamente ondulado;Buen drenaje;No Tiene;No indica;4.92;3.91;11.87;0.77;3.08;2.74;5.01;1.80;0.27;<0.14;10.22;0.20;437.41;1.65;15.23;3.65;0.18;ND;ND;ND;ND
74.346;30/03/2022;BOYACÁ;SANTANA;Caña Panelera;ESTABLECIDO;de 1 a 5 años;Moderadamente ondulado;Regular drenaje;No Tiene;No indica;5.04;4.72;51.70;7.61;2.40;1.90;3.96;0.69;0.27;<0.14;7.36;0.21;638.97;1.02;7.50;2.61;0.25;ND;ND;ND;ND
74.778;23/03/2022;SANTANDER;GÜEPSA;Caña Panelera;ESTABLECIDO;de 1 a 5 años;Pendiente moderada;Buen drenaje;No Indica;No indica;5.91;5.09;32.91;4.66;ND;ND;17.75;1.36;0.52;<0.14;19.72;0.28;275.33;2.12;6.34;5.20;0.43;ND;ND;ND;ND
75.724;10/02/2022;BOYACÁ;TOGÜÍ;Caña Panelera;ESTABLECIDO;De 0 a 1 año;Moderadamente ondulado;Regular drenaje;No Tiene;Triple 18;4.95;3.86;5.16;9.32;1.80;1.00;2.34;0.85;0.21;<0.14;5.24;0.20;83.18;3.03;3.20;<1.00;0.66;ND;ND;ND;ND
76.236;1/07/2022;SANTANDER;GÜEPSA;Caña Panelera;ESTABLECIDO;De 0 a 1 año;Pendiente moderada;Regular drenaje;No Indica;No indica;5.67;2.76;9.56;3.20;ND;ND;10.00;0.32;0.21;<0.14;10.58;0.20;395.36;<1.00;8.06;<1.00;0.31;ND;ND;ND;ND
77.419;11/05/2022;BOYACÁ;SAN JOSÉ DE PARE;Caña Panelera;ESTABLECIDO;de 5 a 10 años;Moderadamente ondulado;Buen drenaje;No Indica;No indica;5.12;3.93;ND;3.72;2.27;1.65;11.35;0.43;0.25;<0.14;14.37;0.20;642.66;<1.00;9.75;<1.00;0.15;ND;ND;ND;ND
77.628;26/05/2022;BOYACÁ;CHITARAQUE;Caña Panelera;ESTABLECIDO;De 0 a 1 año;No indica;Buen drenaje;No Indica;No indica;5.24;2.84;2.64;ND;1.25;0.77;3.32;0.59;0.18;<0.14;6.56;0.13;110.80;2.18;16.85;<1.00;0.06;ND;ND;ND;ND
78.934;23/08/2023;PUTUMAYO;PUERTO CAICEDO;Caña Panelera;ESTABLECIDO;De 0 a 1 año;Plano y ondulado;Buen drenaje;No Indica;No indica;4.82;4.36;3.33;13.28;1.37;1.10;3.09;0.69;0.15;<0.14;5.35;0.31;386.78;<1.00;4.74;2.03;0.20;ND;ND;ND;ND
78.935;23/08/2023;PUTUMAYO;PUERTO CAICEDO;Caña Panelera;ESTABLECIDO;De 0 a 1 año;Plano y ondulado;Buen drenaje;No Indica;No indica;4.62;4.07;2.24;7.90;2.51;2.08;1.21;0.26;0.12;<0.14;4.15;0.25;261.20;1.00;7.85;2.06;0.16;ND;ND;ND;ND
78.954;23/08/2023;PUTUMAYO;ORITO;Caña Panelera;ESTABLECIDO;De 0 a 1 año;Plano;Buen drenaje;No Indica;No indica;4.52;7.43;4.76;13.63;3.60;3.11;0.85;0.37;0.23;<0.14;5.11;0.31;ND;ND;ND;ND;0.19;ND;ND;ND;ND
78.955;23/08/2023;PUTUMAYO;VALLE DEL GUAMUEZ;Caña Panelera;ESTABLECIDO;De 0 a 1 año;Pendiente moderada;Buen drenaje;No Indica;No indica;4.30;4.64;2.58;9.91;3.73;3.21;0.72;0.24;0.16;<0.14;4.90;0.27;224.00;5.42;6.30;2.29;0.22;ND;ND;ND;ND
78.982;23/08/2023;PUTUMAYO;VALLE DEL GUAMUEZ;Caña Panelera;ESTABLECIDO;De 0 a 1 año;Plano;Buen drenaje;No Indica;No indica;5.33;3.60;17.95;5.15;0.89;0.61;2.64;0.52;0.20;<0.14;4.31;0.21;96.60;1.48;2.61;1.85;0.22;ND;ND;ND;ND
78.983;23/08/2023;PUTUMAYO;ORITO;Caña Panelera;ESTABLECIDO;De 0 a 1 año;Plano y ondulado;Buen drenaje;No Indica;No indica;4.18;8.17;2.67;9.98;4.59;4.06;0.86;0.34;0.24;<0.14;6.12;0.59;487.03;2.84;8.80;4.08;0.22;ND;ND;ND;ND
79.001;17/08/2023;BOYACÁ;SANTANA;Caña Panelera;ESTABLECIDO;de 5 a 10 años;Moderadamente ondulado;Regular drenaje;No Indica;No indica;5.30;3.10;16.16;2.08;1.44;1.10;9.58;0.53;0.24;<0.14;11.89;0.14;584.94;1.30;9.66;2.16;0.11;ND;ND;ND;ND
79.047;11/10/2023;SANTANDER;SUAITA;Caña Panelera;ESTABLECIDO;de 1 a 5 años;Moderadamente ondulado;Buen drenaje;No Tiene;No indica;4.66;2.64;10.44;7.53;4.49;3.98;1.36;0.27;0.11;<0.14;6.28;0.16;679.61;<1.00;1.30;<1.00;0.20;ND;ND;ND;ND
79.114;5/10/2023;BOYACÁ;SAN JOSÉ DE PARE;Caña Panelera;ESTABLECIDO;de 1 a 5 años;Moderadamente ondulado;Buen drenaje;No Indica;No indica;5.60;4.12;24.84;7.53;ND;ND;12.99;1.55;0.29;<0.14;14.90;0.19;753.12;<1.00;7.88;3.84;0.27;ND;ND;ND;ND
79.115;5/10/2023;BOYACÁ;SAN JOSÉ DE PARE;Caña Panelera;ESTABLECIDO;de 1 a 5 años;Pendiente moderada;Buen drenaje;No Indica;No indica;5.92;2.98;8.18;9.81;ND;ND;9.07;0.84;0.22;<0.14;10.19;0.20;444.77;1.79;5.83;<1.00;0.41;ND;ND;ND;ND
79.125;28/09/2023;PUTUMAYO;PUERTO CAICEDO;Caña Panelera;ESTABLECIDO;de 1 a 5 años;Plano y ondulado;Buen drenaje;No Tiene;No indica;5.38;2.98;6.68;13.24;0.39;0.25;3.40;1.33;<0.09;<0.14;5.25;0.19;107.50;<1.00;<1.00;3.69;0.25;ND;ND;ND;ND
79.126;28/09/2023;PUTUMAYO;PUERTO CAICEDO;Caña Panelera;ESTABLECIDO;de 1 a 5 años;Plano y ondulado;Buen drenaje;No Tiene;No indica;4.80;2.98;12.55;9.94;2.27;2.03;1.06;0.25;<0.09;<0.14;3.70;0.12;161.14;<1.00;1.23;<1.00;0.18;ND;ND;ND;ND
79.127;28/09/2023;PUTUMAYO;PUERTO CAICEDO;Caña Panelera;ESTABLECIDO;de 5 a 10 años;Plano y ondulado;Buen drenaje;No Tiene;No indica;5.36;2.57;4.33;26.49;0.46;0.24;3.83;0.98;0.26;<0.14;5.58;0.19;89.94;<1.00;1.05;<1.00;0.16;ND;ND;ND;ND
79.599;30/06/2023;SANTANDER;CHARALÁ;Caña Panelera;ESTABLECIDO;mas de 10 años;Moderadamente ondulado;Buen drenaje;No Indica;15-15-15-10-10-10;4.45;3.90;11.75;9.70;6.92;5.88;4.45;0.50;0.34;<0.14;12.31;0.59;673.25;1.04;5.78;2.25;0.15;ND;ND;ND;ND
79.650;5/07/2023;SANTANDER;CONFINES;Caña Panelera;ESTABLECIDO;de 5 a 10 años;Pendiente fuerte;Buen drenaje;No Indica;15-15-15;5.24;4.24;8.23;4.89;2.02;1.53;3.63;0.46;0.30;<0.14;6.47;0.16;428.19;<1.00;3.42;<1.00;0.28;ND;ND;ND;ND
79.660;13/07/2023;SANTANDER;SAN BENITO;Caña Panelera;ESTABLECIDO;De 0 a 1 año;Plano;Buen drenaje;No Indica;No indica;4.77;3.38;4.76;10.89;3.11;2.54;2.23;0.24;0.20;<0.14;5.88;0.13;ND;ND;ND;ND;0.08;ND;ND;ND;ND
80.342;19/07/2023;BOYACÁ;SANTANA;Caña Panelera;ESTABLECIDO;de 5 a 10 años;Moderadamente ondulado;Regular drenaje;No Indica;No indica;5.20;3.83;16.23;1.41;2.42;1.92;7.46;0.32;0.22;<0.14;10.46;0.15;524.33;<1.00;16.49;3.14;0.12;ND;ND;ND;ND
80.370;21/07/2023;SANTANDER;SAN BENITO;Caña Panelera;ESTABLECIDO;De 0 a 1 año;Plano;Buen drenaje;No Indica;No indica;5.79;3.31;9.63;16.23;ND;ND;12.52;1.89;0.28;<0.14;14.79;0.26;464.32;4.23;11.01;7.00;0.22;ND;ND;ND;ND
80.877;11/11/2023;CUNDINAMARCA;SASAIMA;Caña Panelera;ESTABLECIDO;mas de 10 años;Pendiente fuerte;Buen drenaje;Aspersión;No indica;5.66;5.69;38.21;20.97;ND;ND;7.30;1.24;0.58;<0.14;9.19;0.24;124.81;2.26;2.59;3.21;0.69;ND;ND;ND;ND
80.912;17/11/2023;BOYACÁ;CHITARAQUE;Caña Panelera;ESTABLECIDO;de 1 a 5 años;Moderadamente ondulado;Buen drenaje;No Tiene;15-15-15 20 BULTOS/Ha;4.45;5.24;10.52;15.06;5.10;4.70;0.68;0.25;0.21;<0.14;6.34;0.22;589.41;<1.00;2.86;1.84;0.28;ND;ND;ND;ND
80.914;17/11/2023;BOYACÁ;CHITARAQUE;Caña Panelera;ESTABLECIDO;de 1 a 5 años;Moderadamente ondulado;Regular drenaje;No Tiene;15-15-15 20 BULTOS/Ha;6.17;5.60;5.14;10.45;ND;ND;17.86;0.96;0.19;<0.14;19.12;0.25;266.10;1.31;4.12;1.43;0.22;ND;ND;ND;ND
81.163;28/12/2023;ANTIOQUIA;FRONTINO;Caña Panelera;ESTABLECIDO;de 5 a 10 años;Plano;No indica;No Indica;No indica;4.64;6.90;15.66;6.00;3.72;3.72;1.15;0.43;0.24;<0.14;5.61;0.29;167.95;4.01;15.26;1.37;0.26;ND;ND;ND;ND
81.165;28/12/2023;ANTIOQUIA;EBÉJICO;Caña Panelera;ESTABLECIDO;de 5 a 10 años;Moderadamente ondulado;No indica;No Indica;No indica;5.67;3.28;9.41;4.77;ND;ND;3.85;1.08;0.39;<0.14;5.43;0.15;111.81;1.32;5.64;2.54;0.33;ND;ND;ND;ND
81.168;27/12/2023;NARIÑO;LA FLORIDA;Caña Panelera;ESTABLECIDO;de 5 a 10 años;Moderadamente ondulado;Buen drenaje;Aspersión;No indica;6.72;3.12;8.26;2.76;ND;ND;20.66;4.82;0.29;<0.14;25.89;0.17;32.49;4.03;5.02;<1.00;0.33;ND;ND;ND;ND
81.169;27/12/2023;NARIÑO;LA FLORIDA;Caña Panelera;ESTABLECIDO;de 5 a 10 años;Moderadamente ondulado;Buen drenaje;Aspersión;No indica;5.72;6.57;17.63;7.01;ND;ND;7.18;1.78;0.41;0.16;9.53;0.22;110.99;3.90;11.49;1.78;0.29;ND;ND;ND;ND
81.192;21/12/2023;SANTANDER;BARBOSA;Caña Panelera;ESTABLECIDO;de 1 a 5 años;Moderadamente ondulado;Buen drenaje;No Indica;No indica;4.64;2.93;9.94;2.69;3.05;2.59;1.55;0.18;0.09;<0.14;4.90;0.21;452.47;<1.00;5.14;<1.00;0.26;ND;ND;ND;ND
81.203;18/12/2023;CUNDINAMARCA;VERGARA;Caña Panelera;ESTABLECIDO;mas de 10 años;Pendiente leve;Buen drenaje;No Indica;No indica;5.13;5.93;14.45;7.16;1.90;1.77;1.36;0.22;0.12;<0.14;3.65;0.14;111.12;1.22;3.06;4.35;ND;ND;ND;ND;ND
81.817;20/10/2023;SANTANDER;VALLE DE SAN JOSÉ;Caña Panelera;ESTABLECIDO;mas de 10 años;Ligeramente ondulado;Mal drenaje;No Tiene;10-20-20;6.18;2.47;3.14;2.66;ND;ND;18.08;0.53;0.16;<0.14;18.87;0.09;123.67;<1.00;1.70;<1.00;0.24;ND;ND;ND;ND
82.450;2/11/2023;SANTANDER;GÜEPSA;Caña Panelera;ESTABLECIDO;de 1 a 5 años;Moderadamente ondulado;Regular drenaje;No Tiene;No indica;6.02;5.98;4.22;5.44;ND;ND;27.14;1.32;0.31;0.15;28.92;0.20;180.45;<1.00;10.52;11.54;0.29;ND;ND;ND;ND
82.451;2/11/2023;SANTANDER;GÜEPSA;Caña Panelera;ESTABLECIDO;de 5 a 10 años;Moderadamente ondulado;Regular drenaje;No Tiene;No indica;6.55;4.72;6.88;6.24;ND;ND;29.42;1.31;0.28;<0.14;31.14;0.28;81.89;<1.00;6.22;5.07;0.36;ND;ND;ND;ND
82.452;2/11/2023;SANTANDER;GÜEPSA;Caña Panelera;ESTABLECIDO;de 1 a 5 años;Moderadamente ondulado;Regular drenaje;No Tiene;No indica;5.45;2.36;3.73;5.97;0.63;0.38;11.56;0.62;0.22;<0.14;13.12;0.21;535.56;1.53;10.40;3.02;0.35;ND;ND;ND;ND
84.617;29/05/2023;NORTE DE SANTANDER;ARBOLEDAS;Caña Panelera;ESTABLECIDO;De 0 a 1 año;Pendiente moderada;Buen drenaje;Aspersión;No indica;6.54;2.34;8.69;63.02;ND;ND;11.58;1.33;0.46;0.18;13.55;0.72;113.04;<1.00;1.74;<1.00;0.33;ND;ND;ND;ND
84.684;19/05/2023;CAUCA;CAJIBÍO;Caña Panelera;ESTABLECIDO;mas de 10 años;Plano;Buen drenaje;No Indica;No indica;5.70;17.83;8.94;17.92;ND;ND;4.50;0.75;0.18;<0.14;5.48;0.23;120.03;3.58;2.08;2.19;0.05;ND;ND;ND;ND
84.965;5/06/2023;ANTIOQUIA;COCORNÁ;Caña Panelera;ESTABLECIDO;de 5 a 10 años;Moderadamente ondulado;Buen drenaje;No Indica;No indica;5.23;5.24;4.71;4.96;1.06;0.82;1.94;0.44;0.11;<0.14;3.63;0.10;304.33;7.28;4.81;1.75;0.07;ND;ND;ND;ND
84.966;5/06/2023;ANTIOQUIA;COCORNÁ;Caña Panelera;ESTABLECIDO;de 5 a 10 años;Ondulado y Pendiente;Regular drenaje;No Indica;No indica;5.80;3.81;5.33;3.41;ND;ND;3.65;0.33;<0.09;<0.14;4.11;0.06;79.39;<1.00;5.36;<1.00;0.08;ND;ND;ND;ND
86.311;21/04/2023;BOYACÁ;CHITARAQUE;Caña Panelera;ESTABLECIDO;de 5 a 10 años;Pendiente moderada;Mal drenaje;No Tiene;NO;5.05;9.33;12.45;20.87;3.28;3.00;2.38;0.23;0.17;<0.14;6.15;0.24;283.23;1.25;4.67;6.99;0.20;ND;ND;ND;ND
87.275;22/08/2024;CAQUETÁ;SAN VICENTE DEL CAGUÁN;Caña Panelera;ESTABLECIDO;de 1 a 5 años;Ligeramente ondulado;Buen drenaje;No indica;No indica;5.14;1.29;2.32;4.08;6.50;5.75;6.18;3.53;0.18;<0.14;16.46;0.12;74.51;2.03;42.63;2.14;0.28;ND;ND;ND;ND
87.391;29/11/2024;NARIÑO;EL TAMBO;Caña Panelera;ESTABLECIDO;de 1 a 5 años;Moderadamente ondulado;Buen drenaje;Aspersión;15:15:15 700KG/HA;6.40;5.22;18.34;4.45;ND;ND;21.85;7.77;0.95;<0.14;30.65;0.36;58.10;6.16;9.18;1.05;0.28;ND;ND;ND;ND
87.472;6/11/2024;CUNDINAMARCA;CAPARRAPÍ;Caña Panelera;ESTABLECIDO;mas de 10 años;Pendiente moderada;Buen drenaje;No indica;No indica;8.08;4.29;1.56;0.17;ND;ND;57.32;0.40;0.21;<0.14;58.05;0.67;14.77;<1.00;<1.00;3.02;0.04;ND;ND;ND;ND
87.473;6/11/2024;CUNDINAMARCA;CAPARRAPÍ;Caña Panelera;ESTABLECIDO;mas de 10 años;Ligeramente ondulado;Buen drenaje;No indica;No indica;8.16;3.22;9.44;0.18;ND;ND;65.99;0.40;0.24;<0.14;66.76;0.58;15.38;1.69;1.49;5.72;0.10;ND;ND;ND;ND
87.474;6/11/2024;CUNDINAMARCA;CAPARRAPÍ;Caña Panelera;ESTABLECIDO;mas de 10 años;Pendiente moderada;Buen drenaje;No indica;No indica;8.15;4.93;10.22;0.93;ND;ND;57.47;0.42;0.29;<0.14;58.30;0.66;15.43;1.27;<1.00;3.59;0.14;ND;ND;ND;ND
88.054;29/10/2024;SANTANDER;GÜEPSA;Caña Panelera;ESTABLECIDO;de 1 a 5 años;Pendiente leve;Buen drenaje;No Tiene;No indica;5.80;3.47;7.67;2.79;ND;ND;16.84;0.98;0.28;<0.14;18.19;0.22;331.72;1.07;3.67;2.67;0.43;ND;ND;ND;ND
88.355;22/02/2024;BOYACÁ;SANTANA;Caña Panelera;ESTABLECIDO;de 5 a 10 años;Ligeramente ondulado;Buen drenaje;No indica;No indica;4.86;3.15;31.56;2.81;3.39;3.02;2.66;0.19;0.18;<0.14;6.49;0.16;872.25;<1.00;<1.00;<1.00;0.20;ND;ND;ND;ND
88.357;12/03/2024;BOYACÁ;SANTANA;Caña Panelera;ESTABLECIDO;de 5 a 10 años;Ligeramente ondulado;Buen drenaje;No Tiene;No indica;4.92;3.05;13.81;3.91;6.18;5.84;4.13;0.30;0.16;<0.14;10.86;0.16;633.79;<1.00;7.22;1.91;0.11;ND;ND;ND;ND
88.699;22/01/2024;BOYACÁ;SANTANA;Caña Panelera;ESTABLECIDO;de 1 a 5 años;Moderadamente ondulado;Buen drenaje;No Tiene;10-20-20;4.72;2.86;27.05;22.10;4.22;4.01;1.64;0.35;0.12;<0.14;6.41;0.18;409.74;<1.00;2.62;<1.00;0.16;ND;ND;ND;ND
88.739;16/01/2024;BOYACÁ;SANTANA;Caña Panelera;ESTABLECIDO;de 1 a 5 años;Moderadamente ondulado;Buen drenaje;No Indica;15-15-15;4.72;5.74;8.57;9.38;5.18;4.74;2.72;0.45;0.18;<0.14;8.58;0.25;593.23;<1.00;3.99;1.88;0.29;ND;ND;ND;ND
88.741;23/01/2024;BOYACÁ;SANTANA;Caña Panelera;ESTABLECIDO;de 1 a 5 años;Moderadamente ondulado;Buen drenaje;No Indica;18-18-18;4.75;7.72;115.23;8.31;6.77;6.06;2.07;0.56;0.23;<0.14;9.67;0.24;901.73;1.09;5.57;5.25;0.37;ND;ND;ND;ND
88.887;4/01/2024;ANTIOQUIA;EBÉJICO;Caña Panelera;ESTABLECIDO;de 5 a 10 años;Moderadamente ondulado;Buen drenaje;No Indica;No indica;6.29;2.19;41.35;2.33;ND;ND;6.19;2.51;0.11;<0.14;8.88;0.73;68.46;4.11;3.02;5.22;0.16;ND;ND;ND;ND
88.913;5/01/2024;TOLIMA;ROVIRA;Caña Panelera;ESTABLECIDO;mas de 10 años;Plano;Buen drenaje;Aspersión;TRIPLE 15;6.08;5.97;11.88;4.79;ND;ND;10.89;2.05;0.25;<0.14;13.30;0.22;94.78;4.09;6.35;1.20;0.07;ND;ND;ND;ND
88.920;12/02/2024;CUNDINAMARCA;QUEBRADANEGRA;Caña Panelera;ESTABLECIDO;mas de 10 años;Plano;Buen drenaje;No Indica;No indica;6.09;3.69;9.16;28.22;ND;ND;15.76;2.65;0.18;0.20;18.79;0.21;124.43;1.36;1.92;2.82;0.32;ND;ND;ND;ND
88.921;12/02/2024;CUNDINAMARCA;SASAIMA;Caña Panelera;ESTABLECIDO;mas de 10 años;Plano;Buen drenaje;No Indica;No indica;5.72;5.07;4.18;11.40;ND;ND;13.40;0.65;<0.09;<0.14;14.19;0.27;370.49;<1.00;2.11;6.07;0.40;ND;ND;ND;ND
89.033;31/01/2024;CUNDINAMARCA;LA PEÑA;Caña Panelera;ESTABLECIDO;mas de 10 años;Pendiente moderada;Buen drenaje;No Indica;No indica;5.99;3.33;8.65;2.18;ND;ND;13.57;0.35;0.12;0.21;14.25;0.67;322.95;6.58;1.06;11.12;0.32;ND;ND;ND;ND
89.053;2/02/2024;ANTIOQUIA;COCORNÁ;Caña Panelera;ESTABLECIDO;de 5 a 10 años;Moderadamente ondulado;Regular drenaje;No Indica;CAL DOLOMITA;5.68;6.24;2.73;8.24;ND;ND;7.27;1.66;0.15;<0.14;9.13;0.25;94.32;3.21;3.31;3.64;0.55;ND;ND;ND;ND
89.054;31/01/2024;NARIÑO;CONSACÁ;Caña Panelera;ESTABLECIDO;de 5 a 10 años;Plano;Buen drenaje;No Indica;15-15-15;6.43;2.97;6.46;17.74;ND;ND;11.07;4.51;0.58;<0.14;16.27;0.35;94.23;1.59;4.84;1.94;0.25;ND;ND;ND;ND
89.111;2/02/2024;ANTIOQUIA;COCORNÁ;Caña Panelera;ESTABLECIDO;de 5 a 10 años;No indica;Regular drenaje;No Indica;CAL DOLOMITA;5.25;3.84;4.42;3.87;1.02;0.24;1.77;0.29;<0.09;<0.14;3.19;0.10;276.39;<1.00;5.93;<1.00;0.02;ND;ND;ND;ND
89.499;24/06/2024;CESAR;GONZÁLEZ;Caña Panelera;ESTABLECIDO;mas de 10 años;Pendiente moderada;Buen drenaje;No Tiene;No indica;5.92;2.24;4.79;4.21;ND;ND;6.04;2.80;<0.09;<0.14;9.02;0.08;96.63;<1.00;5.40;<1.00;0.19;ND;ND;ND;ND
89.500;24/06/2024;CESAR;GONZÁLEZ;Caña Panelera;ESTABLECIDO;mas de 10 años;Pendiente moderada;Buen drenaje;No Tiene;No indica;5.80;2.40;1.62;1.49;ND;ND;6.17;2.54;0.12;<0.14;8.95;0.09;104.85;1.23;8.84;<1.00;0.03;ND;ND;ND;ND
89.885;22/05/2024;CUNDINAMARCA;VERGARA;Caña Panelera;ESTABLECIDO;mas de 10 años;No indica;Regular drenaje;No Indica;No indica;7.45;4.34;ND;12.21;ND;ND;40.54;1.35;0.12;<0.14;42.11;0.70;ND;ND;ND;ND;0.24;ND;ND;ND;ND
89.913;24/05/2024;CUNDINAMARCA;VERGARA;Caña Panelera;ESTABLECIDO;mas de 10 años;No indica;Regular drenaje;No Indica;No indica;7.33;5.69;15.80;ND;ND;ND;50.12;1.22;<0.09;<0.14;51.52;ND;ND;ND;ND;ND;0.32;ND;ND;ND;ND
89.915;22/05/2024;ANTIOQUIA;EBÉJICO;Caña Panelera;ESTABLECIDO;mas de 10 años;Moderadamente ondulado;Buen drenaje;No Indica;No indica;6.71;2.57;ND;2.89;ND;ND;6.60;1.63;0.09;<0.14;8.39;0.23;85.87;3.22;2.54;7.84;0.06;ND;ND;ND;ND
89.940;24/05/2024;ANTIOQUIA;EBÉJICO;Caña Panelera;ESTABLECIDO;mas de 10 años;Ondulado y Pendiente;Buen drenaje;No Indica;No indica;5.63;2.22;13.40;7.22;ND;ND;5.19;0.94;0.21;<0.14;6.39;0.21;253.13;1.61;5.71;2.62;0.10;ND;ND;ND;ND
89.941;14/05/2024;ANTIOQUIA;FRONTINO;Caña Panelera;ESTABLECIDO;mas de 10 años;Plano;Regular drenaje;No Indica;No indica;5.11;6.19;7.63;11.49;2.48;2.16;2.33;0.54;0.11;<0.14;5.50;0.20;285.08;5.25;3.82;1.93;0.02;ND;ND;ND;ND
90.008;10/05/2024;SANTANDER;CHIPATÁ;Caña Panelera;ESTABLECIDO;de 1 a 5 años;Pendiente leve;Buen drenaje;No Tiene;No indica;5.93;5.62;7.49;2.13;ND;ND;14.38;1.17;0.33;<0.14;15.96;0.17;475.37;2.02;2.43;1.90;0.46;ND;ND;ND;ND
90.179;19/06/2025;SANTANDER;SUAITA;Caña Panelera;ESTABLECIDO;De 0 a 1 año;Ligeramente ondulado;Buen drenaje;No Tiene;No indica;4.76;6.45;16.73;12.52;3.00;2.55;1.32;0.36;0.15;<0.14;4.93;0.19;364.89;<1.00;1.91;1.41;0.05;ND;ND;ND;ND
90.180;19/06/2025;SANTANDER;SUAITA;Caña Panelera;ESTABLECIDO;De 0 a 1 año;Ligeramente ondulado;Mal drenaje;No Tiene;No indica;4.69;4.60;15.76;6.71;5.14;4.48;1.32;0.37;0.14;<0.14;7.04;0.12;875.86;<1.00;4.51;2.53;0.03;ND;ND;ND;ND
90.257;8/07/2025;BOYACÁ;MONIQUIRÁ;Caña Panelera;ESTABLECIDO;de 5 a 10 años;Ligeramente ondulado;Buen drenaje;No indica;No indica;5.82;3.14;16.78;4.17;ND;ND;12.33;0.85;0.20;<0.14;13.44;0.22;411.70;1.94;4.82;6.00;0.20;ND;ND;ND;ND
90.391;4/07/2025;NARIÑO;LINARES;Caña Panelera;ESTABLECIDO;de 1 a 5 años;Ondulado y Pendiente;Regular drenaje;No indica;15 15 15;5.75;4.78;5.41;10.79;ND;ND;5.23;2.43;0.34;<0.14;8.12;0.10;149.89;8.66;9.20;1.44;0.05;ND;ND;ND;ND
90.646;9/06/2025;CUNDINAMARCA;QUIPILE;Caña Panelera;ESTABLECIDO;mas de 10 años;No indica;Buen drenaje;No indica;No indica;5.46;2.65;3.70;1.25;2.81;2.34;3.91;0.91;0.09;<0.14;7.80;0.07;373.79;3.06;7.01;7.28;0.08;ND;ND;ND;ND
91.243;14/07/2025;PUTUMAYO;ORITO;Caña Panelera;ESTABLECIDO;de 1 a 5 años;Ligeramente ondulado;Buen drenaje;No indica;No indica;4.74;3.47;1.89;5.49;2.93;2.51;1.06;0.28;0.11;<0.14;4.44;0.15;200.68;1.40;5.08;2.94;0.06;ND;ND;ND;ND
91.245;14/07/2025;PUTUMAYO;ORITO;Caña Panelera;ESTABLECIDO;mas de 10 años;Ligeramente ondulado;Buen drenaje;No indica;No indica;4.89;4.38;2.42;18.71;1.18;0.84;3.11;0.54;0.21;<0.14;5.14;0.41;137.91;2.39;3.66;11.61;0.06;ND;ND;ND;ND
91.316;31/07/2025;NARIÑO;EL TAMBO;Caña Panelera;ESTABLECIDO;de 1 a 5 años;Plano;Regular drenaje;Aspersión;No indica;6.99;2.47;8.82;5.20;ND;ND;7.42;2.48;0.56;0.18;10.64;0.25;49.64;<1.00;5.06;2.70;0.22;ND;ND;ND;ND
91.573;5/02/2025;BOYACÁ;TOGÜÍ;Caña Panelera;ESTABLECIDO;de 5 a 10 años;Ligeramente ondulado;Buen drenaje;No indica;No indica;4.88;5.36;8.24;7.55;3.51;3.18;3.60;0.33;0.15;<0.14;7.53;0.15;591.46;2.64;<1.00;3.63;0.19;ND;ND;ND;ND
91.628;7/03/2025;BOYACÁ;SAN JOSÉ DE PARE;Caña Panelera;ESTABLECIDO;de 5 a 10 años;Ligeramente ondulado;Buen drenaje;No indica;No indica;4.86;2.38;7.47;4.22;5.21;4.97;3.73;0.83;0.20;<0.14;10.04;0.12;475.05;<1.00;11.74;1.26;0.10;ND;ND;ND;ND
91.691;10/03/2025;HUILA;ISNOS;Caña Panelera;ESTABLECIDO;de 1 a 5 años;Ligeramente ondulado;Buen drenaje;No indica;UREA-KCL-DAP;5.53;4.15;2.01;2.27;ND;ND;5.91;2.41;0.36;<0.14;8.79;0.16;101.55;1.04;7.95;1.05;0.21;ND;ND;ND;ND
91.693;10/03/2025;HUILA;ISNOS;Caña Panelera;ESTABLECIDO;De 0 a 1 año;Ligeramente ondulado;Buen drenaje;No indica;UREA-KCL-DAP;5.77;3.91;4.62;2.16;ND;ND;6.65;2.97;1.08;<0.14;10.81;0.15;187.03;<1.00;3.57;1.17;0.06;ND;ND;ND;ND
91.694;10/03/2025;HUILA;ISNOS;Caña Panelera;ESTABLECIDO;De 0 a 1 año;Ligeramente ondulado;Buen drenaje;No indica;UREA-KCL-DAP;5.18;4.22;8.65;3.96;0.96;0.79;4.58;1.62;0.24;<0.14;7.47;0.16;159.22;1.23;6.82;1.89;0.06;ND;ND;ND;ND
91.695;10/03/2025;HUILA;ISNOS;Caña Panelera;ESTABLECIDO;De 0 a 1 año;Ligeramente ondulado;Buen drenaje;No indica;UREA-KCL-DAP;5.46;3.76;2.18;1.65;0.27;0.14;4.46;1.88;0.13;<0.14;6.84;0.11;158.58;1.13;4.73;<1.00;0.06;ND;ND;ND;ND
91.857;21/01/2025;ANTIOQUIA;DABEIBA;Caña Panelera;ESTABLECIDO;de 5 a 10 años;Plano y ondulado;No indica;No Tiene;NO;4.91;5.74;1.86;6.56;2.30;1.47;2.73;0.90;0.31;<0.14;6.34;0.27;333.94;6.10;24.76;1.18;0.07;ND;ND;ND;ND
91.858;22/01/2025;ANTIOQUIA;DABEIBA;Caña Panelera;ESTABLECIDO;de 1 a 5 años;Pendiente moderada;No indica;No Tiene;NO;5.49;6.28;3.33;5.17;0.24;0.14;8.51;3.07;0.25;0.16;12.23;0.23;121.33;5.62;15.79;4.35;0.26;ND;ND;ND;ND
91.859;22/01/2025;ANTIOQUIA;DABEIBA;Caña Panelera;ESTABLECIDO;de 5 a 10 años;Pendiente leve;No indica;No Tiene;NO;5.77;4.53;1.82;3.41;ND;ND;13.54;7.79;0.13;<0.14;21.58;0.20;47.24;5.12;16.56;1.98;0.06;ND;ND;ND;ND
91.860;21/01/2025;ANTIOQUIA;DABEIBA;Caña Panelera;ESTABLECIDO;de 1 a 5 años;Plano y pendiente;No indica;No Tiene;NO;4.58;5.62;2.08;6.32;4.05;3.25;1.83;1.24;0.26;<0.14;7.51;0.37;441.80;7.32;16.96;1.76;0.03;ND;ND;ND;ND
91.861;15/01/2025;ANTIOQUIA;DABEIBA;Caña Panelera;ESTABLECIDO;de 1 a 5 años;Pendiente leve;No indica;No Tiene;NO;4.78;5.88;2.40;4.82;3.71;2.82;1.66;0.55;0.19;<0.14;6.20;0.20;266.12;5.66;16.32;<1.00;0.16;ND;ND;ND;ND
91.862;20/01/2025;ANTIOQUIA;DABEIBA;Caña Panelera;ESTABLECIDO;de 1 a 5 años;Pendiente leve;No indica;No Tiene;NO;4.93;6.96;2.34;5.30;2.87;2.25;2.11;0.84;0.23;<0.14;6.16;0.21;227.49;6.79;30.55;<1.00;0.03;ND;ND;ND;ND
91.863;20/01/2025;ANTIOQUIA;DABEIBA;Caña Panelera;ESTABLECIDO;de 5 a 10 años;Pendiente leve;No indica;No Tiene;NO;4.71;6.81;4.31;6.36;5.14;3.83;1.43;0.60;0.24;<0.14;7.52;0.21;387.14;6.51;13.68;2.08;0.03;ND;ND;ND;ND
91.864;15/01/2025;ANTIOQUIA;DABEIBA;Caña Panelera;ESTABLECIDO;de 1 a 5 años;Pendiente moderada;No indica;No Tiene;NO;4.66;4.64;3.54;4.99;3.53;2.64;1.94;0.61;0.26;0.14;6.48;0.40;206.49;4.79;20.24;1.36;0.05;ND;ND;ND;ND
91.865;15/01/2025;ANTIOQUIA;DABEIBA;Caña Panelera;ESTABLECIDO;de 5 a 10 años;Pendiente moderada;No indica;No Tiene;NO;4.81;5.97;2.74;4.20;3.70;3.07;2.06;0.65;0.22;0.15;6.78;0.25;195.70;5.03;14.51;<1.00;0.05;ND;ND;ND;ND
91.866;15/01/2025;ANTIOQUIA;DABEIBA;Caña Panelera;ESTABLECIDO;de 1 a 5 años;Plano y ondulado;No indica;No Tiene;NO;4.63;7.34;3.99;6.79;3.76;3.16;1.43;0.48;0.23;<0.14;6.01;0.25;252.68;4.20;8.42;1.17;0.24;ND;ND;ND;ND
91.867;15/01/2025;ANTIOQUIA;DABEIBA;Caña Panelera;ESTABLECIDO;mas de 10 años;Ondulado y Pendiente;No indica;No Tiene;NO;4.96;2.72;2.71;1.50;3.09;2.29;1.31;0.31;0.13;<0.14;4.93;0.11;101.37;4.76;6.92;<1.00;0.05;ND;ND;ND;ND
91.874;17/01/2025;ANTIOQUIA;DABEIBA;Caña Panelera;ESTABLECIDO;de 5 a 10 años;Pendiente leve;No indica;No Tiene;NO;5.16;7.45;2.41;1.05;2.91;2.22;1.91;0.75;0.16;<0.14;5.82;0.12;187.28;4.51;19.57;<1.00;0.03;ND;ND;ND;ND
91.875;17/01/2025;ANTIOQUIA;DABEIBA;Caña Panelera;ESTABLECIDO;mas de 10 años;Plano y pendiente;No indica;No Tiene;NO;4.21;6.98;3.49;9.65;5.38;4.60;1.15;0.46;0.33;<0.14;7.42;0.50;470.26;8.79;12.92;1.34;0.27;ND;ND;ND;ND
91.876;17/01/2025;ANTIOQUIA;DABEIBA;Caña Panelera;ESTABLECIDO;de 5 a 10 años;Pendiente leve;No indica;No Tiene;NO;4.76;5.28;5.77;3.51;4.22;3.33;1.97;0.73;0.19;<0.14;7.18;0.20;262.21;6.76;23.80;<1.00;0.14;ND;ND;ND;ND
91.877;17/01/2025;ANTIOQUIA;DABEIBA;Caña Panelera;ESTABLECIDO;de 1 a 5 años;Pendiente moderada;No indica;No Tiene;NO;5.81;3.02;15.19;1.66;ND;ND;5.64;1.49;0.46;<0.14;7.68;0.19;48.32;7.73;10.86;1.35;0.13;ND;ND;ND;ND
91.883;22/01/2025;ANTIOQUIA;DABEIBA;Caña Panelera;ESTABLECIDO;de 1 a 5 años;Pendiente moderada;No indica;No Tiene;NO;5.03;3.69;<1.29;1.36;3.48;2.89;0.88;0.41;<0.09;<0.14;4.92;0.08;300.26;1.44;2.37;<1.00;0.03;ND;ND;ND;ND
91.884;8/01/2025;ANTIOQUIA;DABEIBA;Caña Panelera;ESTABLECIDO;de 1 a 5 años;Pendiente moderada;No indica;No Tiene;NO;5.11;2.91;<1.29;4.44;2.76;2.11;0.96;0.51;<0.09;<0.14;4.35;0.08;256.35;1.05;3.32;<1.00;0.03;ND;ND;ND;ND
91.885;8/01/2025;ANTIOQUIA;DABEIBA;Caña Panelera;ESTABLECIDO;de 5 a 10 años;Pendiente moderada;No indica;No Tiene;NO;5.10;5.74;2.41;3.92;2.86;2.09;1.53;0.55;0.09;<0.14;5.09;0.12;224.24;4.61;10.16;<1.00;0.30;ND;ND;ND;ND
91.887;2/01/2025;ANTIOQUIA;DABEIBA;Caña Panelera;ESTABLECIDO;de 1 a 5 años;Pendiente moderada;No indica;No Tiene;NO;5.56;2.59;1.75;6.21;ND;ND;3.05;1.30;0.53;<0.14;4.94;0.10;152.30;1.57;3.42;<1.00;0.32;ND;ND;ND;ND
91.888;2/01/2025;ANTIOQUIA;DABEIBA;Caña Panelera;ESTABLECIDO;mas de 10 años;Pendiente moderada;No indica;No Tiene;NO;5.06;4.71;1.43;3.49;2.94;2.29;1.58;0.61;0.11;<0.14;5.29;0.11;328.71;2.05;3.06;<1.00;0.24;ND;ND;ND;ND
91.889;2/01/2025;ANTIOQUIA;DABEIBA;Caña Panelera;ESTABLECIDO;de 1 a 5 años;Pendiente moderada;No indica;No Tiene;NO;5.14;3.38;1.44;4.25;2.18;1.66;2.23;0.98;0.29;<0.14;5.78;0.13;218.11;2.54;5.96;<1.00;0.22;ND;ND;ND;ND
91.890;2/01/2025;ANTIOQUIA;DABEIBA;Caña Panelera;ESTABLECIDO;de 5 a 10 años;Pendiente moderada;No indica;No Tiene;NO;5.23;2.26;2.24;1.49;1.90;1.37;1.66;0.38;<0.09;0.14;4.14;0.06;114.06;1.28;4.44;<1.00;0.13;ND;ND;ND;ND
91.891;2/01/2025;ANTIOQUIA;DABEIBA;Caña Panelera;ESTABLECIDO;de 5 a 10 años;Pendiente moderada;No indica;No Tiene;NO;4.99;2.53;1.71;1.66;2.53;1.91;3.22;0.75;<0.09;<0.14;6.71;0.12;169.18;1.90;7.34;<1.00;0.09;ND;ND;ND;ND
91.892;2/01/2025;ANTIOQUIA;DABEIBA;Caña Panelera;ESTABLECIDO;de 5 a 10 años;Pendiente moderada;No indica;No Tiene;NO;5.29;4.19;1.31;1.53;2.22;1.67;2.53;1.15;0.25;<0.14;6.22;0.11;315.87;2.13;4.27;<1.00;0.05;ND;ND;ND;ND
91.893;2/01/2025;ANTIOQUIA;DABEIBA;Caña Panelera;ESTABLECIDO;de 5 a 10 años;Pendiente moderada;No indica;No Tiene;NO;5.21;3.43;1.74;1.84;1.19;0.70;2.61;1.08;0.15;<0.14;5.12;0.16;119.22;1.69;7.30;<1.00;0.09;ND;ND;ND;ND
91.894;2/01/2025;ANTIOQUIA;DABEIBA;Caña Panelera;ESTABLECIDO;de 1 a 5 años;Pendiente leve;No indica;No Tiene;NO;5.51;3.24;1.67;1.03;ND;ND;4.37;2.00;0.16;<0.14;6.58;0.08;128.94;2.16;6.88;<1.00;0.07;ND;ND;ND;ND
91.895;2/01/2025;ANTIOQUIA;DABEIBA;Caña Panelera;ESTABLECIDO;de 1 a 5 años;Pendiente leve;No indica;No Tiene;NO;5.11;4.26;2.44;0.21;1.74;1.14;1.95;0.60;0.09;<0.14;4.44;0.13;95.96;2.23;8.74;<1.00;0.07;ND;ND;ND;ND
91.896;2/01/2025;ANTIOQUIA;DABEIBA;Caña Panelera;ESTABLECIDO;de 1 a 5 años;Pendiente leve;No indica;No Tiene;NO;5.02;4.62;4.81;4.46;4.87;4.02;1.23;0.67;0.11;<0.14;6.94;0.10;178.85;3.28;9.70;1.36;0.24;ND;ND;ND;ND
92.338;9/05/2025;CUNDINAMARCA;CAPARRAPÍ;Caña Panelera;ESTABLECIDO;mas de 10 años;Ligeramente ondulado;Buen drenaje;No indica;No indica;7.95;5.62;23.81;1.91;ND;ND;61.41;0.50;0.22;<0.14;62.20;0.60;25.21;2.04;1.38;5.38;0.35;ND;ND;ND;ND
92.550;25/03/2025;SANTANDER;SAN BENITO;Caña Panelera;ESTABLECIDO;de 5 a 10 años;Ligeramente ondulado;Buen drenaje;No indica;No indica;7.89;3.95;6.39;8.49;ND;ND;55.71;1.25;0.17;0.14;57.27;0.55;ND;ND;ND;ND;0.59;ND;ND;ND;ND
92.551;25/03/2025;SANTANDER;SAN BENITO;Caña Panelera;ESTABLECIDO;de 5 a 10 años;Ligeramente ondulado;Buen drenaje;No indica;No indica;6.22;3.00;18.93;13.04;ND;ND;18.25;2.10;0.19;0.14;20.68;0.29;393.95;4.78;8.33;23.41;0.35;ND;ND;ND;ND
92.624;11/03/2025;BOYACÁ;CHITARAQUE;Caña Panelera;ESTABLECIDO;De 0 a 1 año;Ligeramente ondulado;Buen drenaje;No indica;No indica;4.65;4.09;6.33;8.18;6.66;6.19;1.05;0.34;0.17;<0.14;8.30;0.15;429.45;<1.00;7.24;1.94;0.16;ND;ND;ND;ND
92.722;4/04/2025;NARIÑO;SANDONÁ;Caña Panelera;ESTABLECIDO;de 1 a 5 años;Ondulado y Pendiente;Buen drenaje;No indica;No indica;6.44;4.02;28.17;4.64;ND;ND;13.63;3.80;0.81;<0.14;18.34;0.20;159.18;9.71;3.26;<1.00;0.42;ND;ND;ND;ND
